user_id,recency_days,frequency,monetary,customer_segment
62690,33,3,1218.0,Champions
57103,18,1,1184.9,Champions
6673,309,2,1171.77,Champions
30706,304,2,1145.95,Champions
68989,1855,2,1131.95,At Risk (High Value)
57003,1386,3,1121.47,At Risk (High Value)
85267,592,1,1120.61,Big Spenders
33054,1029,1,1095.55,Big Spenders
89869,765,1,1092.0,Big Spenders
34753,279,1,1075.92,Champions
59927,1697,1,1056.2,At Risk (High Value)
15142,1482,1,1047.25,Big Spenders
39773,575,1,1012.99,Big Spenders
56645,155,1,1009.53,Big Spenders
5508,402,1,1007.36,Big Spenders
76444,727,1,990.0,At Risk (High Value)
77243,823,1,990.0,Big Spenders
11599,630,2,989.65,Average Regulars
66282,1253,1,984.94,Big Spenders
93712,708,1,981.98,Big Spenders
15660,4,3,980.92,Champions
49018,281,2,979.0,Champions
30486,729,2,975.9,At Risk (High Value)
72853,79,1,972.95,Champions
42245,276,1,971.0,Champions
68506,709,1,970.87,At Risk (High Value)
6471,175,1,962.5,Champions
9878,7,2,960.95,Champions
46247,32,2,958.0,Champions
94721,325,2,957.5,Average Regulars
88648,1717,1,953.94,At Risk (High Value)
66475,60,1,952.95,Champions
95220,879,1,952.93,Big Spenders
57673,2338,1,950.0,Big Spenders
93212,22,3,947.99,Champions
12420,992,1,932.99,Big Spenders
28500,371,1,932.95,Big Spenders
74865,258,1,925.0,Big Spenders
89870,268,1,923.5,Champions
56064,768,1,922.99,Big Spenders
51377,450,3,922.98,Average Regulars
51109,626,1,922.95,Big Spenders
1260,50,2,922.93,Champions
47026,0,1,919.95,Big Spenders
53593,258,1,903.0,Champions
83959,411,1,903.0,Big Spenders
32655,359,1,903.0,Big Spenders
10059,62,1,903.0,Champions
56326,1824,1,903.0,At Risk (High Value)
9625,1025,1,903.0,At Risk (High Value)
12140,817,1,903.0,Big Spenders
48026,61,1,903.0,Big Spenders
41602,83,1,903.0,Champions
30958,567,1,903.0,Big Spenders
75656,55,1,903.0,Champions
72207,210,1,898.0,Champions
73905,4,1,898.0,Big Spenders
82440,138,1,898.0,Champions
49858,158,1,895.0,Big Spenders
41542,226,1,894.0,Big Spenders
74431,15,2,874.5,Champions
65235,289,1,869.75,Big Spenders
71306,471,1,849.15,Big Spenders
21252,142,2,848.0,Champions
36608,1448,1,842.95,Big Spenders
18541,36,2,830.76,Champions
70873,359,3,829.68,Average Regulars
32567,196,1,815.0,Big Spenders
50498,1736,1,815.0,Big Spenders
98375,62,1,809.98,Big Spenders
59575,420,1,799.49,Big Spenders
16193,434,2,797.0,Average Regulars
75332,529,1,795.11,Big Spenders
63257,117,1,795.0,Champions
80193,1737,1,795.0,Big Spenders
11752,1572,1,791.99,Big Spenders
64077,19,2,788.76,Champions
24259,22,1,779.98,Champions
47476,106,3,778.45,Champions
24551,149,1,774.95,Big Spenders
34124,32,2,774.71,Champions
53077,4,2,771.99,Champions
62748,508,2,765.99,Average Regulars
57512,716,1,762.0,At Risk (High Value)
86763,616,3,761.95,Average Regulars
59222,486,1,758.0,Average Regulars
7037,859,2,757.97,At Risk (High Value)
84600,322,2,754.99,Champions
79847,1035,1,750.0,Big Spenders
73293,1271,1,750.0,At Risk (High Value)
9758,531,1,750.0,Big Spenders
93511,1426,1,750.0,Big Spenders
44452,1073,1,749.99,Big Spenders
28895,472,1,739.4,Big Spenders
91810,488,1,735.0,Average Regulars
57289,440,2,733.74,Average Regulars
27590,607,2,733.0,Average Regulars
76696,210,3,731.49,Champions
1571,1,1,726.95,Champions
74809,2266,2,726.0,At Risk (High Value)
9539,515,1,722.93,Big Spenders
12383,96,2,719.2,Champions
83034,375,2,710.92,Average Regulars
89128,581,2,708.31,Average Regulars
66059,503,1,705.99,Big Spenders
8296,688,2,701.93,At Risk (High Value)
57265,1005,1,698.0,Big Spenders
89520,335,1,697.81,Big Spenders
54668,13,3,695.74,Champions
39264,204,1,695.0,Big Spenders
56404,127,1,694.95,Big Spenders
96128,1201,1,693.96,At Risk (High Value)
17047,1652,2,693.0,At Risk (High Value)
98348,849,1,675.0,Big Spenders
12683,240,1,673.65,Big Spenders
86688,2341,1,671.25,At Risk (High Value)
11981,1528,1,670.19,Big Spenders
34691,197,1,667.17,Big Spenders
67817,361,3,658.2,Average Regulars
78653,60,1,655.98,Big Spenders
84909,168,2,655.2,Champions
47387,622,1,654.5,Big Spenders
19274,753,1,652.99,Big Spenders
56575,278,2,650.93,Champions
82297,1284,3,647.43,At Risk (High Value)
42326,1679,2,647.24,At Risk (High Value)
13162,241,3,643.94,Champions
26321,578,2,637.49,Average Regulars
61925,215,3,635.5,Champions
15909,677,3,634.51,At Risk (High Value)
72834,1495,1,628.45,Big Spenders
32188,773,1,627.96,At Risk (High Value)
32768,539,2,627.93,Average Regulars
97148,2119,1,626.0,Big Spenders
48744,828,2,625.88,At Risk (High Value)
56672,834,2,624.95,At Risk (High Value)
83307,67,1,624.0,Champions
74987,694,2,622.99,At Risk (High Value)
63225,26,2,622.33,Champions
137,13,3,622.3,Champions
38830,50,2,620.98,Champions
79894,132,4,620.33,Champions
63121,114,3,618.65,Champions
217,108,1,616.52,Champions
40487,241,1,616.08,Champions
78153,128,2,614.49,Champions
81425,99,2,613.99,Champions
5041,1119,2,608.39,At Risk (High Value)
45561,754,1,603.98,Big Spenders
31688,123,1,602.99,Big Spenders
72067,1924,1,602.98,At Risk (High Value)
25568,948,2,602.18,At Risk (High Value)
79833,858,1,601.99,Big Spenders
51080,88,1,600.0,Big Spenders
25177,305,1,598.09,Big Spenders
88619,253,1,598.0,Big Spenders
28760,49,1,598.0,Big Spenders
91052,63,1,598.0,Big Spenders
49455,212,1,598.0,Big Spenders
42635,427,1,598.0,Big Spenders
23938,340,3,596.68,Average Regulars
99236,815,1,596.58,Big Spenders
70587,134,1,595.0,Champions
40016,82,1,592.98,Champions
27377,633,2,592.87,Average Regulars
88947,345,1,592.18,Big Spenders
67205,130,2,590.82,Champions
62030,74,2,588.27,Champions
81391,774,1,588.0,At Risk (High Value)
21186,772,1,586.94,Big Spenders
25265,64,2,584.79,Champions
938,708,1,581.99,Big Spenders
90130,102,2,580.45,Champions
73333,1581,3,580.15,At Risk (High Value)
13495,938,2,577.34,At Risk (High Value)
22497,161,2,577.0,Champions
21043,359,1,576.0,Big Spenders
60369,143,1,575.0,Champions
66512,2,1,574.99,Big Spenders
74118,82,3,574.07,Champions
8622,1129,1,572.0,Big Spenders
48245,545,2,569.99,Average Regulars
97698,373,2,567.49,Average Regulars
59801,52,2,566.91,Champions
1882,1341,2,565.99,At Risk (High Value)
57510,286,1,563.45,Big Spenders
21158,365,1,563.0,Big Spenders
16382,80,2,561.97,Champions
96341,407,1,558.25,Big Spenders
58510,550,2,556.42,Average Regulars
41443,17,1,555.99,Big Spenders
10772,137,2,554.94,Champions
24558,298,2,554.38,Champions
90307,7,2,553.26,Champions
17633,1,2,551.4,Champions
66134,3,1,550.0,Big Spenders
14754,592,1,547.99,Big Spenders
59332,620,1,546.99,Average Regulars
60211,64,2,546.57,Champions
6324,111,2,545.49,Champions
41955,1087,2,544.84,At Risk (High Value)
632,208,1,544.57,Champions
38382,51,2,544.38,Champions
6233,369,2,543.96,Average Regulars
30662,147,2,543.92,Champions
38686,596,2,542.99,Average Regulars
48187,2,2,540.62,Champions
5764,21,1,538.98,Champions
89543,1473,1,535.92,At Risk (High Value)
99741,91,2,535.5,Champions
80541,702,4,535.27,At Risk (High Value)
99134,1521,1,535.0,Big Spenders
61036,19,2,534.49,Champions
32649,419,2,530.43,Average Regulars
19035,141,3,530.43,Champions
57944,377,2,529.94,Average Regulars
81459,322,3,529.9,Champions
40052,10,2,528.2,Champions
54351,118,4,527.93,Champions
79926,105,2,527.48,Champions
63476,691,1,526.95,Big Spenders
62189,511,3,525.99,Average Regulars
92643,952,2,525.92,At Risk (High Value)
48572,203,2,525.49,Champions
16490,105,1,525.0,Champions
21541,935,1,525.0,Big Spenders
40814,695,1,525.0,At Risk (High Value)
23376,957,1,524.98,Big Spenders
30804,2,1,524.94,Big Spenders
39954,177,1,524.49,Champions
65498,304,1,523.79,Big Spenders
39102,117,2,523.3,Champions
89525,387,1,523.0,Big Spenders
48364,579,1,522.89,Big Spenders
38453,699,2,521.8,At Risk (High Value)
86466,5,1,521.49,Big Spenders
55374,36,2,520.98,Champions
43996,461,1,520.0,Big Spenders
50869,1262,2,519.5,At Risk (High Value)
70919,1,1,519.01,Big Spenders
86670,725,1,518.98,At Risk (High Value)
85839,1541,1,518.41,Big Spenders
61378,844,1,517.99,At Risk (High Value)
49036,1109,1,517.94,Big Spenders
10635,832,1,516.93,Big Spenders
3763,236,2,516.74,Champions
63896,301,1,516.19,Big Spenders
39739,184,2,516.18,Champions
27409,237,2,515.95,Champions
29298,69,1,515.92,Big Spenders
56895,603,3,515.47,Average Regulars
34439,715,2,515.43,At Risk (High Value)
67678,1161,2,515.39,At Risk (High Value)
14306,513,1,514.67,Average Regulars
55285,175,2,513.74,Champions
11947,1698,1,513.44,Big Spenders
89687,1397,1,512.99,Big Spenders
5131,1008,3,512.29,At Risk (High Value)
21477,1302,2,511.98,At Risk (High Value)
90497,1432,1,511.65,Big Spenders
37132,1177,1,510.8,Big Spenders
70929,1949,1,508.99,At Risk (High Value)
68257,409,1,508.57,Big Spenders
53419,959,1,507.98,Big Spenders
12411,807,2,507.9,At Risk (High Value)
45532,192,1,506.95,Champions
47633,36,2,506.49,Champions
73557,4,1,506.0,Big Spenders
58576,305,1,504.99,Champions
72062,1278,1,504.98,Big Spenders
59496,338,2,504.18,Average Regulars
86524,80,1,503.5,Champions
81818,355,1,502.98,Big Spenders
46908,405,1,501.96,Big Spenders
4612,273,2,501.95,Champions
26738,212,1,499.99,Champions
94794,108,2,499.04,Champions
74422,719,1,499.0,Big Spenders
46192,1470,1,498.99,At Risk (High Value)
33611,124,2,498.95,Champions
31459,582,2,498.45,Average Regulars
91029,0,1,495.49,Big Spenders
12495,1323,1,495.34,At Risk (High Value)
26997,834,1,495.0,At Risk (High Value)
74521,878,1,495.0,At Risk (High Value)
543,50,1,495.0,Big Spenders
68147,0,1,494.74,Big Spenders
31782,1112,2,494.48,At Risk (High Value)
48517,163,2,494.47,Champions
31445,923,2,493.86,At Risk (High Value)
67764,1502,2,493.6,At Risk (High Value)
17530,437,1,493.37,Big Spenders
69615,742,1,493.35,Big Spenders
34823,2248,1,493.0,Big Spenders
79020,420,1,492.39,Big Spenders
58990,40,3,490.64,Champions
68952,575,1,489.98,Big Spenders
97759,279,2,488.32,Champions
95772,2261,1,487.5,Big Spenders
99783,355,2,486.95,Average Regulars
92227,386,2,486.58,Average Regulars
68695,243,1,485.99,Champions
58378,1062,2,485.89,At Risk (High Value)
26552,1770,2,485.58,At Risk (High Value)
22089,4,1,485.0,Big Spenders
2100,504,2,484.64,Average Regulars
64448,178,1,484.17,Champions
87933,1245,2,484.08,At Risk (High Value)
70192,271,1,484.0,Champions
61341,1008,2,483.2,At Risk (High Value)
34894,1134,1,482.96,At Risk (High Value)
99879,805,1,480.11,At Risk (High Value)
32869,1231,1,478.93,Big Spenders
78928,1645,2,478.65,At Risk (High Value)
29989,524,1,478.6,Big Spenders
48945,56,1,478.49,Champions
1477,1025,2,478.0,At Risk (High Value)
85288,1484,2,477.97,At Risk (High Value)
61193,19,3,477.18,Champions
21630,136,1,476.77,Big Spenders
17279,609,1,474.53,Big Spenders
52559,707,2,474.49,At Risk (High Value)
54716,2282,1,473.95,Big Spenders
47775,25,1,471.94,Champions
58162,291,2,470.98,Champions
93523,1468,2,470.24,At Risk (High Value)
17591,735,1,470.0,At Risk (High Value)
89282,1061,2,469.78,At Risk (High Value)
78075,361,2,469.77,Average Regulars
38100,790,1,469.0,At Risk (High Value)
7038,121,1,468.95,Big Spenders
68579,832,4,468.0,At Risk (High Value)
3776,1681,1,466.55,At Risk (High Value)
1714,1262,1,466.49,At Risk (High Value)
27177,165,2,465.49,Champions
85626,1512,1,465.44,Big Spenders
28472,120,1,465.0,Champions
29150,682,1,465.0,At Risk (High Value)
79758,117,2,464.99,Champions
9032,83,3,464.36,Champions
98575,342,2,463.99,Average Regulars
75982,553,1,463.95,Big Spenders
69121,478,2,463.95,Average Regulars
85978,237,2,463.69,Champions
36843,119,4,461.51,Champions
19877,243,1,459.99,Big Spenders
13014,1623,1,459.37,Big Spenders
6890,673,2,458.99,At Risk (High Value)
68594,406,2,458.48,Average Regulars
37987,2080,1,458.4,Big Spenders
29851,427,1,458.0,Big Spenders
3972,1011,1,457.45,Big Spenders
77390,266,3,457.24,Champions
43429,11,1,457.0,Big Spenders
87105,141,2,456.96,Champions
63119,27,3,456.52,Champions
82086,392,2,456.5,Average Regulars
44645,11,2,455.98,Champions
76633,182,1,455.98,Champions
38509,8,2,455.62,Champions
10627,82,1,455.57,Big Spenders
54093,592,1,455.0,Big Spenders
17060,68,3,453.84,Champions
92010,1644,2,453.49,At Risk (High Value)
1508,42,2,453.49,Champions
52472,497,1,453.4,Big Spenders
81038,120,1,452.99,Big Spenders
22286,433,1,450.0,Big Spenders
4647,571,1,450.0,Big Spenders
902,883,1,449.98,Big Spenders
43903,908,1,449.59,Big Spenders
95888,266,1,449.0,Big Spenders
75156,18,1,448.99,Big Spenders
23949,386,1,448.99,Big Spenders
94805,851,3,448.31,At Risk (High Value)
92043,239,2,447.94,Champions
42023,436,3,447.66,Average Regulars
5649,160,1,447.0,Champions
62243,393,1,446.62,Big Spenders
80372,1330,1,446.3,At Risk (High Value)
75886,832,2,445.45,At Risk (High Value)
9006,4,1,445.43,Big Spenders
76113,211,1,444.99,Big Spenders
12185,23,1,444.59,Big Spenders
54878,700,1,443.58,At Risk (High Value)
5796,65,2,443.01,Champions
4331,268,1,442.76,Big Spenders
61389,472,3,442.37,Average Regulars
38704,134,1,441.99,Big Spenders
68966,817,1,441.49,At Risk (High Value)
48969,1223,1,440.8,At Risk (High Value)
11262,26,2,440.46,Champions
77569,124,1,439.99,Big Spenders
68,2,2,439.9,Champions
39404,456,1,439.53,Big Spenders
19670,944,1,439.49,Big Spenders
22210,489,2,439.0,Average Regulars
36000,673,2,438.97,At Risk (High Value)
26166,696,1,438.95,At Risk (High Value)
13373,392,2,438.66,Average Regulars
63973,1597,1,437.99,At Risk (High Value)
22011,27,1,437.15,Big Spenders
58653,10,2,437.0,Champions
85770,239,1,436.99,Champions
82846,96,1,436.36,Champions
40112,220,2,436.0,Champions
31206,267,3,435.98,Champions
65124,67,3,435.91,Champions
19760,241,1,435.85,Champions
55517,1031,1,435.26,Big Spenders
64225,8,1,435.24,Big Spenders
56995,945,1,434.98,Big Spenders
25665,68,1,434.95,Champions
90179,122,1,434.68,Big Spenders
83149,553,2,434.49,Average Regulars
594,410,2,433.99,Average Regulars
28359,275,1,433.49,Champions
21642,518,1,432.97,Big Spenders
59977,1895,1,432.95,At Risk (High Value)
79369,805,1,432.9,Big Spenders
6286,37,3,432.79,Champions
57970,743,1,432.74,At Risk (High Value)
65813,279,2,432.51,Champions
24035,2323,1,432.25,Big Spenders
79027,384,2,431.95,Average Regulars
94129,1143,1,431.95,Big Spenders
17067,584,1,431.92,Big Spenders
50802,873,1,431.36,Big Spenders
77951,769,3,431.22,At Risk (High Value)
35961,22,2,430.98,Champions
9452,24,2,430.25,Champions
32658,547,3,430.15,Average Regulars
57127,282,2,430.13,Champions
87174,605,1,430.0,Average Regulars
10684,1544,1,429.94,At Risk (High Value)
13084,1660,1,429.8,Big Spenders
49750,144,2,429.04,Champions
12990,155,1,429.0,Big Spenders
26925,101,1,429.0,Champions
75752,109,1,429.0,Champions
27027,630,1,429.0,Big Spenders
45316,2553,1,428.99,At Risk (High Value)
70976,21,2,428.84,Champions
23213,1557,2,428.7,At Risk (High Value)
75995,74,2,428.28,Champions
37787,812,1,428.0,At Risk (High Value)
47168,26,2,427.96,Champions
58620,848,3,427.44,At Risk (High Value)
33821,753,2,427.34,At Risk (High Value)
44934,1532,2,426.98,At Risk (High Value)
63915,714,1,426.81,At Risk (High Value)
84541,425,2,426.49,Average Regulars
98244,506,2,426.08,Average Regulars
54082,590,1,425.98,Average Regulars
25809,2,3,425.55,Champions
85825,2066,1,425.0,Big Spenders
34679,1594,1,424.66,Big Spenders
7662,446,1,424.5,Big Spenders
28509,1362,1,424.5,Big Spenders
62770,1265,1,424.5,Big Spenders
78279,46,1,424.5,Big Spenders
2729,994,1,424.5,Big Spenders
86919,79,2,423.84,Champions
98613,170,2,423.18,Champions
84505,77,2,421.98,Champions
35717,18,3,421.61,Champions
53755,734,2,420.9,At Risk (High Value)
63066,815,2,420.3,At Risk (High Value)
54732,247,3,420.24,Champions
18914,23,2,420.0,Champions
2858,82,1,420.0,Big Spenders
39792,3,1,419.99,Champions
4225,37,2,419.93,Champions
69769,83,2,419.92,Champions
65241,452,1,419.88,Big Spenders
84176,27,2,418.97,Champions
71740,57,1,418.92,Big Spenders
33264,459,3,418.92,Average Regulars
34413,3,2,418.74,Champions
6408,185,1,418.72,Big Spenders
91683,1049,1,418.0,Big Spenders
24326,436,2,417.95,Average Regulars
60296,2,1,417.95,Big Spenders
53300,4,3,417.2,Champions
21971,459,1,416.99,Big Spenders
65712,663,3,416.93,At Risk (High Value)
63280,103,1,416.5,Champions
58441,1528,1,416.0,Big Spenders
88484,1116,1,415.49,Big Spenders
98979,2001,1,415.49,At Risk (High Value)
78758,782,1,414.95,At Risk (High Value)
837,166,2,414.31,Champions
15103,83,2,414.12,Champions
60519,2016,1,413.99,Big Spenders
77232,1960,1,412.96,At Risk (High Value)
83284,478,2,412.95,Average Regulars
43740,266,2,412.95,Champions
58403,1430,2,412.48,At Risk (High Value)
82973,793,1,412.0,Big Spenders
64583,294,2,411.98,Champions
58616,1561,1,411.74,At Risk (High Value)
17607,1968,1,411.19,Big Spenders
82462,574,1,411.09,Average Regulars
65268,1871,1,411.0,Big Spenders
76219,1371,1,410.99,Big Spenders
97054,161,1,410.8,Big Spenders
29253,283,1,410.53,Big Spenders
79703,530,1,410.18,Average Regulars
65884,1249,3,410.07,At Risk (High Value)
7263,430,1,409.89,Big Spenders
85878,165,1,409.88,Big Spenders
68697,798,2,409.25,At Risk (High Value)
89713,405,1,408.33,Big Spenders
80439,275,3,408.13,Champions
34394,456,1,408.0,Big Spenders
80911,80,1,408.0,Champions
99624,478,1,407.99,Average Regulars
54133,939,3,407.94,At Risk (High Value)
28481,133,1,407.89,Big Spenders
6425,267,2,407.74,Champions
7,761,2,407.63,At Risk (High Value)
53771,995,1,407.59,Big Spenders
73982,1812,1,407.0,Big Spenders
88800,946,2,406.98,At Risk (High Value)
99672,290,2,406.88,Champions
83696,431,2,406.49,Average Regulars
33909,5,1,406.0,Big Spenders
20121,1446,1,405.99,Big Spenders
84409,1,2,405.98,Champions
21345,786,2,405.31,At Risk (High Value)
47607,498,1,405.26,Big Spenders
92312,4,1,405.26,Champions
48543,768,1,405.0,At Risk (High Value)
58046,173,1,404.95,Big Spenders
75705,184,1,404.5,Big Spenders
61137,284,1,404.23,Champions
31668,2265,1,404.0,Big Spenders
50145,343,4,403.84,Average Regulars
97443,57,2,403.36,Champions
52300,121,1,402.99,Big Spenders
75649,30,2,402.97,Champions
89616,10,2,402.95,Champions
45972,354,2,402.74,Average Regulars
93542,1170,3,402.59,At Risk (High Value)
93964,184,1,402.5,Big Spenders
82186,122,1,402.25,Champions
1229,362,3,402.13,Average Regulars
82009,1906,1,401.54,Big Spenders
65881,128,1,401.5,Big Spenders
24791,147,3,401.41,Champions
46754,65,3,400.31,Champions
93291,688,2,400.13,At Risk (High Value)
13575,506,1,400.0,Big Spenders
43985,38,1,400.0,Big Spenders
30607,1264,1,399.99,At Risk (High Value)
45527,832,2,399.99,At Risk (High Value)
37319,1208,1,399.95,At Risk (High Value)
81052,898,1,399.95,Big Spenders
28226,880,1,399.95,At Risk (High Value)
50703,59,1,399.95,Champions
18014,881,1,399.94,At Risk (High Value)
92439,1485,1,399.58,At Risk (High Value)
50502,825,1,399.47,At Risk (High Value)
22941,1261,1,399.0,Big Spenders
72587,7,1,399.0,Big Spenders
75241,190,1,399.0,Champions
35628,5,1,399.0,Big Spenders
87011,272,1,399.0,Champions
96834,1444,1,398.0,Big Spenders
11353,370,1,398.0,Big Spenders
86096,1825,1,398.0,Big Spenders
23250,43,1,397.2,Big Spenders
34868,593,2,397.0,Average Regulars
53111,1282,1,396.99,Big Spenders
26227,319,1,396.99,Big Spenders
12893,400,1,396.5,Big Spenders
91940,78,3,396.12,Champions
35802,638,1,396.11,Average Regulars
84384,5,1,396.0,Big Spenders
18819,1641,1,395.0,At Risk (High Value)
28731,321,1,395.0,Big Spenders
40600,362,1,395.0,Big Spenders
38458,1797,2,395.0,At Risk (High Value)
97628,910,2,394.49,At Risk (High Value)
1142,337,3,394.17,Average Regulars
38733,751,1,394.13,Big Spenders
92710,2004,1,393.7,At Risk (High Value)
85283,235,1,393.0,Champions
53624,279,1,392.25,Big Spenders
66790,1220,1,391.99,Big Spenders
26954,472,2,391.94,Average Regulars
29344,701,2,391.92,At Risk (High Value)
6651,2,1,391.03,Big Spenders
59923,1766,1,390.99,Big Spenders
76387,461,2,390.99,Average Regulars
33025,485,2,390.86,Average Regulars
14158,1069,2,390.61,At Risk (High Value)
46672,327,2,390.48,Average Regulars
40610,1133,1,389.99,Big Spenders
95065,227,3,389.99,Champions
67191,202,2,389.42,Champions
20006,777,2,389.12,At Risk (High Value)
4516,2511,1,389.0,Big Spenders
17600,69,2,389.0,Champions
2054,343,3,388.89,Average Regulars
44830,459,1,388.6,Big Spenders
62282,1,2,388.2,Champions
67872,83,1,387.99,Champions
37172,1149,3,387.83,At Risk (High Value)
31115,1,2,387.66,Champions
42657,628,2,387.56,Average Regulars
60502,131,3,386.75,Champions
55868,454,2,386.59,Average Regulars
93107,1218,1,386.47,At Risk (High Value)
31823,372,2,386.24,Average Regulars
9884,546,1,386.0,Big Spenders
10584,59,1,385.0,Big Spenders
90019,179,1,384.99,Big Spenders
63348,4,2,384.99,Champions
80399,31,2,384.0,Champions
40639,24,1,383.99,Big Spenders
48226,800,1,383.9,Big Spenders
40813,1416,2,383.82,At Risk (High Value)
50385,111,2,383.35,Champions
15284,191,2,383.15,Champions
99668,595,1,383.0,Big Spenders
81149,999,1,383.0,Big Spenders
9673,665,1,383.0,At Risk (High Value)
85089,1082,1,382.95,Big Spenders
73302,229,3,381.73,Champions
50523,46,2,381.0,Champions
94713,451,1,381.0,Big Spenders
87548,17,1,380.0,Big Spenders
31250,879,1,380.0,Big Spenders
54143,6,2,380.0,Champions
36938,153,1,380.0,Champions
36485,9,3,379.99,Champions
36374,64,1,379.99,Big Spenders
51161,182,1,379.95,Big Spenders
68778,1198,1,379.33,Big Spenders
23304,83,1,379.0,Champions
31560,1240,1,379.0,Big Spenders
53552,577,1,379.0,Average Regulars
2542,42,1,378.99,Big Spenders
25361,2430,1,378.68,Big Spenders
66076,10,3,378.25,Champions
6371,548,1,378.0,Big Spenders
2361,98,1,377.99,Champions
80216,2006,1,377.99,At Risk (High Value)
51587,38,2,377.98,Champions
43657,634,2,377.95,Average Regulars
3477,100,3,377.69,Champions
72991,396,1,377.54,Big Spenders
12978,70,1,377.17,Champions
31465,374,2,376.99,Average Regulars
21862,221,3,376.94,Champions
51366,1088,1,376.86,Big Spenders
28532,360,2,376.64,Average Regulars
68472,3,1,376.49,Big Spenders
44877,2034,1,376.1,Big Spenders
93407,406,2,375.96,Average Regulars
24779,611,1,375.83,Average Regulars
91309,12,2,375.72,Champions
71571,20,2,375.64,Champions
15827,590,1,375.0,Average Regulars
53205,218,1,375.0,Champions
93595,203,1,375.0,Champions
55581,967,1,375.0,Big Spenders
72867,1239,1,375.0,Big Spenders
40659,585,1,374.99,Average Regulars
72602,1044,1,374.98,Big Spenders
839,13,1,374.91,Champions
2600,434,1,374.73,Big Spenders
88082,444,3,374.65,Average Regulars
5216,308,1,374.5,Big Spenders
80576,454,1,374.29,Big Spenders
21045,1426,1,374.25,Big Spenders
46840,755,1,374.0,Big Spenders
26550,2106,1,373.99,At Risk (High Value)
41375,1825,1,373.97,At Risk (High Value)
23649,0,1,373.95,Champions
37304,256,2,373.94,Champions
34692,296,2,373.94,Champions
96772,264,1,373.5,Champions
32234,24,2,373.49,Champions
96464,18,3,373.48,Champions
3740,499,2,372.99,Average Regulars
95759,160,1,372.95,Champions
1481,98,1,372.95,Champions
30382,49,1,372.69,Big Spenders
20610,2623,1,372.09,Big Spenders
32481,544,3,372.04,Average Regulars
11107,1112,1,371.99,Big Spenders
80717,2186,1,371.98,At Risk (High Value)
4311,485,1,371.98,Big Spenders
69388,204,1,371.95,Champions
27641,177,2,371.63,Champions
91502,47,2,371.5,Champions
4977,2410,1,371.45,Big Spenders
13756,39,2,371.16,Champions
46849,1379,1,370.98,Big Spenders
75201,6,2,370.96,Champions
30244,128,2,370.94,Champions
92315,1,3,370.85,Champions
36814,695,1,370.68,At Risk (High Value)
57470,84,1,370.5,Big Spenders
57693,315,2,370.5,Champions
39225,785,2,370.2,At Risk (High Value)
14585,1270,1,370.0,Big Spenders
47843,1970,1,369.99,Big Spenders
37164,987,1,369.99,Big Spenders
16954,1065,1,369.94,At Risk (High Value)
12151,1124,1,369.47,At Risk (High Value)
94159,142,1,369.2,Champions
83872,510,1,368.92,Big Spenders
24202,459,2,368.55,Average Regulars
38472,24,1,368.5,Champions
35479,1631,1,368.5,At Risk (High Value)
2377,65,1,368.41,Champions
99861,4,1,368.0,Big Spenders
51523,840,1,368.0,At Risk (High Value)
64217,1646,1,368.0,Big Spenders
23705,384,1,367.96,Big Spenders
95712,345,2,367.93,Average Regulars
60488,714,2,367.34,At Risk (High Value)
85196,1,1,367.0,Big Spenders
13340,2202,1,367.0,Big Spenders
70561,378,1,367.0,Big Spenders
67143,4,2,366.99,Champions
63889,73,1,366.94,Big Spenders
95320,585,2,366.7,Average Regulars
33714,849,2,366.64,At Risk (High Value)
81986,2090,1,366.29,Big Spenders
11519,680,1,365.99,At Risk (High Value)
97920,112,1,365.98,Champions
73720,459,1,365.94,Big Spenders
86855,610,2,365.69,Average Regulars
66793,841,2,364.98,At Risk (High Value)
75845,436,1,364.95,Big Spenders
38265,807,2,364.94,At Risk (High Value)
76869,489,1,364.93,Average Regulars
37330,564,2,364.9,Average Regulars
32600,90,1,364.5,Big Spenders
58281,580,3,364.43,Average Regulars
53190,666,1,364.42,Big Spenders
6789,810,3,364.36,At Risk (High Value)
84147,99,2,364.11,Champions
80602,100,1,363.99,Champions
34934,571,1,363.99,Big Spenders
70199,1111,2,363.96,At Risk (High Value)
49885,6,3,363.91,Champions
25716,1021,1,363.79,Big Spenders
62908,1142,2,363.33,At Risk (High Value)
71233,125,2,363.0,Champions
78521,905,1,362.99,Big Spenders
8995,652,2,362.99,Average Regulars
26474,1572,1,362.94,Big Spenders
23403,42,1,362.9,Big Spenders
29404,764,2,362.74,At Risk (High Value)
71948,208,2,362.7,Champions
90028,166,2,362.65,Champions
72202,551,1,361.99,Big Spenders
54145,814,1,361.95,At Risk (High Value)
88152,737,2,361.68,At Risk (High Value)
22539,742,1,361.6,At Risk (High Value)
19191,1683,1,361.42,At Risk (High Value)
63917,630,1,361.0,Big Spenders
31611,1208,1,360.99,At Risk (High Value)
33413,286,1,360.95,Big Spenders
85509,1379,1,360.84,Big Spenders
8738,103,2,360.5,Champions
51071,276,1,360.0,Champions
42824,453,2,359.99,Average Regulars
30449,501,1,359.99,Big Spenders
59262,882,1,359.95,Big Spenders
51836,712,1,359.95,At Risk (High Value)
73116,84,2,359.94,Champions
5266,651,1,359.84,Big Spenders
58904,462,2,359.47,Average Regulars
67906,895,2,359.41,At Risk (High Value)
66030,196,3,358.98,Champions
149,30,2,358.94,Champions
57157,900,1,358.56,Big Spenders
22541,122,2,358.51,Champions
95616,1085,1,358.48,Big Spenders
11718,2063,1,358.18,Big Spenders
91731,144,2,358.0,Champions
25723,110,1,358.0,Big Spenders
69487,203,1,358.0,Champions
6161,198,1,358.0,Champions
95041,146,1,358.0,Champions
81454,273,2,357.95,Champions
70486,286,2,357.94,Champions
28889,4,2,357.25,Champions
28696,158,1,357.24,Big Spenders
28262,165,3,357.15,Champions
88946,66,1,357.05,Big Spenders
1639,1786,2,357.0,At Risk (High Value)
40216,489,1,357.0,Big Spenders
36866,30,3,357.0,Champions
94345,2,2,356.98,Champions
55777,450,1,356.23,Big Spenders
86439,353,2,356.17,Average Regulars
84882,34,2,356.09,Champions
90845,529,2,355.99,Average Regulars
5042,92,2,355.97,Champions
49193,377,2,355.94,Average Regulars
65680,1376,1,355.0,Big Spenders
37342,64,1,354.99,Champions
7888,75,1,354.98,Champions
29551,92,2,354.95,Champions
44401,75,2,354.85,Champions
71496,1213,1,354.64,At Risk (High Value)
74136,863,2,354.28,At Risk (High Value)
72987,515,1,354.2,Big Spenders
61056,179,2,353.92,Champions
84294,384,1,353.89,Big Spenders
12446,1638,1,353.72,At Risk (High Value)
35939,126,2,353.0,Champions
57275,1859,1,353.0,Big Spenders
56278,67,1,352.99,Big Spenders
53433,853,1,352.95,Big Spenders
20086,373,2,352.95,Average Regulars
76025,36,2,352.65,Champions
43270,1157,1,352.5,Big Spenders
53403,519,1,352.44,Big Spenders
27263,870,1,352.22,Big Spenders
70250,396,1,352.0,Big Spenders
40567,618,1,352.0,Average Regulars
88024,612,1,352.0,Big Spenders
50169,170,3,351.69,Champions
50434,917,1,351.58,Big Spenders
70147,908,3,351.57,At Risk (High Value)
57751,320,1,351.52,Big Spenders
23173,1397,1,351.49,Big Spenders
8286,982,1,351.42,Big Spenders
9962,1033,3,351.19,At Risk (High Value)
52617,299,1,350.72,Champions
80242,259,1,350.5,Big Spenders
48751,156,1,350.07,Champions
78156,1885,1,350.0,Big Spenders
79396,448,1,350.0,Big Spenders
83902,1131,1,350.0,Big Spenders
54100,724,1,350.0,At Risk (High Value)
40663,1103,1,350.0,Big Spenders
37865,812,2,350.0,At Risk (High Value)
30889,2179,1,350.0,Big Spenders
33638,122,2,350.0,Champions
15800,35,1,349.99,Big Spenders
4830,79,1,349.94,Big Spenders
78364,574,1,349.83,Average Regulars
83287,1489,1,349.17,At Risk (High Value)
43682,1411,2,349.12,At Risk (High Value)
16543,1289,1,349.0,At Risk (High Value)
21547,299,2,348.95,Champions
96258,275,2,348.88,Champions
88784,550,1,348.87,Big Spenders
57562,2,1,348.83,Champions
79507,373,2,348.64,Average Regulars
72912,183,1,348.43,Champions
92051,1545,1,348.0,Big Spenders
42962,722,2,348.0,At Risk (High Value)
26980,448,1,347.99,Big Spenders
43589,0,2,347.66,Champions
235,52,2,347.48,Champions
14448,344,2,347.0,Average Regulars
87176,156,1,346.99,Big Spenders
74107,4,3,346.56,Champions
64504,1924,2,346.3,At Risk (High Value)
71791,1805,1,346.0,Big Spenders
12083,1791,2,345.99,At Risk (High Value)
68215,1324,1,345.99,At Risk (High Value)
81140,196,2,345.99,Champions
19825,1009,2,345.91,At Risk (High Value)
56242,82,1,345.87,Champions
90889,2127,2,345.5,At Risk (High Value)
57801,1262,3,345.5,At Risk (High Value)
7859,2,1,345.3,Big Spenders
63580,194,2,345.28,Champions
38642,864,1,345.02,At Risk (High Value)
15345,878,1,345.0,At Risk (High Value)
55563,594,2,344.99,Average Regulars
28050,1052,1,344.95,At Risk (High Value)
52944,292,2,344.92,Champions
42007,235,2,344.5,Champions
98796,752,1,344.5,At Risk (High Value)
38372,224,2,344.0,Champions
47948,2362,1,344.0,At Risk (High Value)
40465,1,1,343.98,Champions
16029,165,1,343.98,Champions
95653,72,4,343.9,Champions
36737,1291,1,343.9,Big Spenders
76898,1890,1,343.71,At Risk (High Value)
68360,314,2,343.45,Champions
15562,126,1,343.43,Champions
93312,104,1,343.16,Champions
35316,2389,1,343.0,Big Spenders
60693,71,1,343.0,Champions
12807,1265,1,342.98,Big Spenders
76415,1327,1,342.97,At Risk (High Value)
84048,329,3,342.95,Average Regulars
95920,1117,1,342.63,At Risk (High Value)
39237,576,1,342.29,Average Regulars
77207,5,1,342.16,Big Spenders
71694,35,2,341.99,Champions
25976,3,2,341.94,Champions
58936,579,1,341.61,Average Regulars
56571,1237,1,341.32,At Risk (High Value)
74842,420,2,341.29,Average Regulars
28048,746,2,341.23,At Risk (High Value)
79198,1470,2,341.14,At Risk (High Value)
45182,2121,1,340.99,Big Spenders
16621,914,1,340.99,Big Spenders
28022,537,3,340.91,Average Regulars
63162,1937,1,340.45,Big Spenders
38743,883,1,340.33,Big Spenders
36777,545,1,340.0,Big Spenders
16331,49,2,339.96,Champions
94987,830,1,339.91,At Risk (High Value)
27227,978,2,339.89,At Risk (High Value)
22067,197,2,339.48,Champions
87417,114,1,339.32,Champions
32263,1909,1,339.0,Big Spenders
88321,2261,1,339.0,Big Spenders
19315,345,1,339.0,Big Spenders
49124,267,2,338.99,Champions
46001,1688,1,338.99,Big Spenders
86558,366,2,338.98,Average Regulars
20101,1269,1,338.93,At Risk (High Value)
14037,747,2,338.8,At Risk (High Value)
48801,234,2,338.61,Champions
10511,171,2,338.34,Champions
7398,60,1,338.06,Champions
63395,70,1,338.0,Champions
83475,107,1,338.0,Champions
7118,832,2,337.98,At Risk (High Value)
70970,1886,1,337.94,Big Spenders
92759,0,2,337.92,Champions
46893,635,3,337.9,Average Regulars
27169,432,1,337.81,Big Spenders
7833,0,2,337.48,Champions
47315,146,3,337.18,Champions
6514,112,3,337.03,Champions
39714,1082,1,337.0,Big Spenders
60781,374,1,337.0,Big Spenders
6992,118,2,336.98,Champions
36837,1247,1,336.95,At Risk (High Value)
88881,1150,1,336.9,At Risk (High Value)
33914,234,3,336.75,Champions
75694,70,2,336.6,Champions
61833,110,2,336.28,Champions
18297,166,2,336.12,Champions
65868,55,2,335.99,Champions
44339,691,1,335.99,At Risk (High Value)
3678,825,2,335.97,At Risk (High Value)
90458,2,1,335.6,Big Spenders
94812,688,2,335.0,At Risk (High Value)
88062,236,1,334.95,Champions
91735,416,2,334.89,Average Regulars
35121,25,1,334.5,Big Spenders
85379,831,1,333.99,At Risk (High Value)
72286,527,1,333.8,Big Spenders
7896,301,2,333.5,Champions
94730,958,1,333.48,Big Spenders
64515,466,2,333.47,Average Regulars
42091,462,2,333.38,Average Regulars
29991,1010,1,333.16,Big Spenders
97898,128,2,333.09,Champions
92006,348,2,333.03,Average Regulars
48464,890,2,332.99,At Risk (High Value)
27368,2001,1,332.95,Big Spenders
80373,174,3,332.36,Champions
7061,413,2,332.23,Average Regulars
92916,370,2,332.15,Average Regulars
7122,210,1,332.09,Champions
83286,535,2,332.0,Average Regulars
98448,2299,1,331.95,Big Spenders
22002,42,2,331.8,Champions
61065,159,2,331.74,Champions
83167,95,1,330.74,Champions
95300,631,1,330.62,Big Spenders
71359,34,1,330.58,Big Spenders
37580,33,1,330.0,Big Spenders
91275,1878,1,330.0,At Risk (High Value)
41508,87,1,329.99,Champions
81501,71,1,329.99,Big Spenders
88603,1610,1,329.99,Big Spenders
98671,2121,1,329.96,Big Spenders
3429,3,1,329.44,Big Spenders
7674,1457,1,329.24,Big Spenders
28238,1595,1,329.07,Big Spenders
84135,907,1,329.0,Big Spenders
69157,446,1,329.0,Big Spenders
66243,106,1,328.99,Big Spenders
13232,1339,1,328.77,Big Spenders
2152,58,2,328.35,Champions
15542,803,1,328.0,At Risk (High Value)
28177,640,2,328.0,Average Regulars
74883,85,1,328.0,Big Spenders
19243,1039,1,328.0,At Risk (High Value)
94555,469,1,328.0,Big Spenders
18874,107,3,327.99,Champions
70822,383,2,327.49,Average Regulars
34722,239,2,327.29,Champions
97988,1005,2,327.18,At Risk (High Value)
65798,629,1,326.94,Average Regulars
18298,353,2,326.65,Average Regulars
38350,184,2,326.42,Champions
22420,986,2,326.08,At Risk (High Value)
63430,512,1,326.0,Big Spenders
1664,445,1,326.0,Big Spenders
15228,629,1,326.0,Average Regulars
70316,708,1,325.95,Big Spenders
26175,331,3,325.75,Average Regulars
23309,190,2,325.6,Champions
23366,801,2,325.53,At Risk (High Value)
78128,2115,1,325.24,Big Spenders
62004,1746,1,325.0,Big Spenders
21010,152,1,325.0,Champions
59939,563,1,325.0,Big Spenders
78578,375,1,325.0,Big Spenders
63417,1420,1,325.0,Big Spenders
97228,333,1,325.0,Big Spenders
76996,535,1,325.0,Big Spenders
17984,734,1,325.0,At Risk (High Value)
87669,297,1,325.0,Big Spenders
47656,1022,1,325.0,Big Spenders
50666,675,1,324.95,Big Spenders
85293,825,1,324.5,At Risk (High Value)
32405,436,2,324.45,Average Regulars
46811,706,1,324.0,Big Spenders
32699,365,1,323.99,Big Spenders
71181,2122,2,323.98,At Risk (High Value)
3738,141,2,323.26,Champions
60143,115,3,323.25,Champions
13078,246,2,323.17,Champions
80729,243,1,323.16,Champions
30380,26,4,323.01,Champions
22935,436,1,322.62,Big Spenders
85590,80,1,322.46,Big Spenders
14828,480,1,322.44,Big Spenders
84532,64,1,322.2,Champions
59585,916,1,322.11,Big Spenders
34442,263,2,321.95,Champions
94435,3,2,321.94,Champions
72686,79,4,321.8,Champions
74768,1137,1,321.78,Big Spenders
72294,42,1,321.72,Big Spenders
66594,2475,1,321.44,Big Spenders
70949,1281,1,321.25,At Risk (High Value)
8975,930,1,321.09,Big Spenders
61624,785,1,320.99,Big Spenders
69441,1604,1,320.95,Big Spenders
3727,830,1,320.9,At Risk (High Value)
53330,357,1,320.9,Big Spenders
10659,136,1,320.21,Big Spenders
28938,1837,1,320.16,Big Spenders
96248,772,1,320.0,At Risk (High Value)
71178,198,1,320.0,Champions
28294,565,1,320.0,Big Spenders
31917,352,1,319.99,Big Spenders
38038,760,1,319.99,Big Spenders
86398,1063,1,319.99,At Risk (High Value)
69696,327,2,319.99,Average Regulars
41255,1668,1,319.99,At Risk (High Value)
39828,813,1,319.99,At Risk (High Value)
73835,1674,1,319.99,Big Spenders
85256,545,2,319.99,Average Regulars
84129,681,1,319.97,Big Spenders
46813,525,2,319.95,Average Regulars
94964,4,1,319.94,Big Spenders
83917,98,1,319.9,Big Spenders
81624,193,2,319.85,Champions
41343,307,1,319.81,Champions
10944,1074,1,319.77,Big Spenders
90388,1154,2,319.68,At Risk (High Value)
77879,12,1,319.65,Champions
23402,51,2,319.52,Champions
6050,182,2,319.48,Champions
72881,1408,1,319.45,Big Spenders
71622,387,1,319.43,Big Spenders
70408,1360,1,319.42,At Risk (High Value)
83435,306,1,319.4,Big Spenders
96352,104,2,319.04,Champions
81659,191,1,319.0,Big Spenders
49391,25,1,319.0,Big Spenders
54300,367,1,319.0,Big Spenders
32096,1234,1,319.0,At Risk (High Value)
81883,2437,1,319.0,At Risk (High Value)
43412,2,1,318.99,Big Spenders
54085,650,1,318.99,Big Spenders
68977,171,1,318.99,Champions
28052,1211,1,318.95,At Risk (High Value)
55278,60,1,318.95,Big Spenders
68827,168,1,318.95,Big Spenders
33435,920,1,318.49,Big Spenders
4885,1181,1,318.33,Big Spenders
36314,1443,1,318.31,Big Spenders
12141,695,3,318.02,At Risk (High Value)
5700,386,1,318.0,Big Spenders
73634,54,1,318.0,Big Spenders
75364,1135,1,317.99,Big Spenders
50807,1388,2,317.98,At Risk (High Value)
51704,66,2,317.86,Champions
74240,452,1,317.64,Big Spenders
98315,7,2,317.55,Champions
30061,1473,1,317.29,At Risk (High Value)
55121,1,1,317.27,Big Spenders
5121,339,1,317.24,Big Spenders
86890,4,2,317.09,Champions
89969,1399,2,317.0,At Risk (High Value)
1020,444,1,317.0,Big Spenders
29605,1458,2,316.99,At Risk (High Value)
95055,215,1,316.99,Champions
92401,11,2,316.96,Champions
30429,900,1,316.85,Big Spenders
27152,12,1,316.6,Champions
49118,123,1,316.5,Big Spenders
66785,1248,2,316.47,At Risk (High Value)
98357,1765,1,316.44,Big Spenders
8443,502,1,316.0,Big Spenders
95873,52,1,315.99,Big Spenders
37380,592,1,315.98,Average Regulars
78618,100,1,315.96,Big Spenders
45305,8,2,315.9,Champions
24412,6,2,315.84,Champions
32524,879,1,315.83,At Risk (High Value)
22095,2383,1,315.6,Big Spenders
54345,89,1,315.44,Champions
68034,1253,1,315.38,At Risk (High Value)
89611,519,1,315.0,Big Spenders
67691,276,1,315.0,Champions
50465,241,1,315.0,Champions
4492,270,1,314.99,Big Spenders
96818,237,1,314.98,Champions
8948,766,2,314.95,At Risk (High Value)
78036,11,1,314.94,Big Spenders
80083,796,1,314.94,At Risk (High Value)
36629,234,1,314.94,Champions
6194,11,1,314.93,Big Spenders
72329,261,1,314.92,Big Spenders
82584,117,2,314.91,Champions
19257,1256,2,314.9,At Risk (High Value)
91368,461,3,314.83,Average Regulars
75591,2017,1,314.82,At Risk (High Value)
40696,287,1,314.82,Champions
58525,1682,1,314.55,At Risk (High Value)
85234,493,1,314.55,Big Spenders
29600,1350,1,314.49,Big Spenders
84534,1088,1,314.45,Big Spenders
50665,69,2,314.39,Champions
87464,474,1,314.14,Big Spenders
34689,1257,2,313.99,At Risk (High Value)
60847,155,3,313.97,Champions
65443,1206,1,313.84,At Risk (High Value)
23345,381,2,313.5,Average Regulars
90282,733,1,313.47,At Risk (High Value)
45529,1402,1,313.45,Big Spenders
20526,160,2,313.38,Champions
21218,124,1,313.36,Champions
17203,28,2,313.33,Champions
51035,305,2,313.28,Champions
15261,1866,2,313.0,At Risk (High Value)
88134,1727,1,312.99,Big Spenders
76436,1134,1,312.99,At Risk (High Value)
48571,147,2,312.99,Champions
97753,2179,1,312.99,At Risk (High Value)
10192,100,1,312.98,Champions
96040,1061,1,312.82,At Risk (High Value)
94263,529,2,311.75,Average Regulars
39107,475,2,311.38,Average Regulars
76933,388,2,311.35,Average Regulars
17319,1,1,311.2,Big Spenders
80140,628,2,310.87,Average Regulars
84612,65,3,310.6,Champions
91398,1419,1,310.6,Big Spenders
85161,878,1,310.24,Big Spenders
39742,202,2,310.0,Champions
53589,10,2,310.0,Champions
97897,1,1,310.0,Champions
46182,492,1,310.0,Average Regulars
20813,475,1,309.99,Average Regulars
25824,692,1,309.99,Big Spenders
74181,526,1,309.98,Average Regulars
69455,815,3,309.5,At Risk (High Value)
10031,142,1,309.45,Big Spenders
54773,280,2,309.15,Champions
72237,1627,1,309.04,At Risk (High Value)
2788,477,1,309.0,Big Spenders
19203,370,3,309.0,Average Regulars
60410,993,1,309.0,Big Spenders
73335,1050,1,308.99,Big Spenders
68231,351,2,308.94,Average Regulars
75889,4,2,308.78,Champions
64603,760,1,308.7,At Risk (High Value)
54441,231,1,308.0,Big Spenders
31251,237,1,308.0,Champions
80351,1539,1,308.0,Big Spenders
49834,358,1,308.0,Big Spenders
23790,1392,2,307.92,At Risk (High Value)
78530,871,1,307.91,Big Spenders
4802,6,1,307.47,Big Spenders
61374,1409,1,307.44,Big Spenders
37607,229,2,307.24,Champions
20326,1202,1,307.0,Big Spenders
74907,349,1,307.0,Big Spenders
18205,470,2,306.98,Average Regulars
12670,238,1,306.94,Big Spenders
82442,195,1,306.9,Champions
64577,91,2,306.74,Champions
4217,395,1,306.66,Big Spenders
23258,84,2,306.64,Champions
98029,23,1,306.54,Champions
34686,374,2,306.29,Average Regulars
46936,21,1,306.13,Big Spenders
67101,1502,2,306.03,At Risk (High Value)
92898,69,1,305.99,Champions
71374,1039,1,305.99,At Risk (High Value)
38629,1693,1,305.99,At Risk (High Value)
97932,488,1,305.99,Big Spenders
58478,297,1,305.94,Champions
29884,65,3,305.86,Champions
84630,1074,1,305.73,Big Spenders
38485,1970,1,305.09,Big Spenders
62008,108,2,305.0,Champions
20425,15,1,304.99,Big Spenders
78331,1004,2,304.99,At Risk (High Value)
4039,109,1,304.98,Big Spenders
52645,973,1,304.95,Big Spenders
87705,34,1,304.95,Big Spenders
31058,919,2,304.63,At Risk (High Value)
29308,249,2,304.51,Champions
46498,1304,1,304.5,At Risk (High Value)
36342,51,1,304.0,Big Spenders
32583,1053,1,304.0,Big Spenders
34559,102,2,304.0,Champions
19438,1064,1,303.94,At Risk (High Value)
22143,63,1,303.62,Champions
32688,1018,1,303.5,Big Spenders
77917,217,1,303.47,Big Spenders
51818,1286,1,303.41,Big Spenders
88278,414,2,303.38,Average Regulars
16459,460,1,303.3,Big Spenders
35162,664,2,303.25,At Risk (High Value)
79785,3,2,303.19,Champions
79752,1006,2,303.05,At Risk (High Value)
51752,1105,1,303.0,Big Spenders
52024,100,2,302.73,Champions
58970,771,1,302.5,At Risk (High Value)
71229,90,1,302.5,Champions
5060,1504,1,302.49,Big Spenders
78847,805,1,302.45,Big Spenders
79179,7,2,302.0,Champions
16449,2763,1,301.51,Big Spenders
49909,74,2,301.44,Champions
36056,1083,1,301.17,Big Spenders
33886,1974,2,300.95,At Risk (High Value)
68246,264,1,300.4,Champions
74622,1096,2,300.21,At Risk (High Value)
1204,907,2,300.1,At Risk (High Value)
16632,1197,1,300.0,At Risk (High Value)
7867,17,1,300.0,Champions
73840,877,1,300.0,At Risk (High Value)
70615,456,1,300.0,Big Spenders
34215,320,1,300.0,Champions
8646,544,1,300.0,Big Spenders
45544,628,1,299.99,Average Regulars
8204,203,1,299.99,Big Spenders
79789,475,1,299.99,Average Regulars
42311,46,1,299.99,Big Spenders
78612,536,1,299.99,Big Spenders
56701,80,1,299.99,Champions
42255,1,1,299.98,Champions
71767,107,1,299.95,Big Spenders
78999,11,1,299.95,Big Spenders
92864,45,1,299.95,Big Spenders
41401,27,1,299.95,Big Spenders
87097,1878,1,299.94,Big Spenders
74948,657,1,299.94,Big Spenders
27386,1131,1,299.84,Big Spenders
50672,1476,2,299.82,At Risk (High Value)
59424,1165,1,299.72,At Risk (High Value)
52242,746,1,299.49,Big Spenders
34060,0,3,299.39,Champions
5129,186,2,299.35,Champions
40470,762,2,299.3,At Risk (High Value)
65516,7,1,299.02,Champions
20190,312,1,299.0,Champions
1709,85,1,299.0,Champions
25157,1357,1,299.0,At Risk (High Value)
73967,383,1,299.0,Big Spenders
55282,1651,1,299.0,At Risk (High Value)
36221,391,1,299.0,Big Spenders
86297,1962,1,299.0,At Risk (High Value)
54809,1753,1,298.99,Big Spenders
63337,129,1,298.99,Champions
82409,1303,1,298.99,Big Spenders
8381,102,1,298.98,Champions
61911,548,1,298.96,Big Spenders
95107,474,3,298.95,Average Regulars
53700,1388,1,298.94,Big Spenders
58213,895,1,298.87,Big Spenders
36501,621,2,298.47,Average Regulars
1380,622,1,298.41,Big Spenders
88133,1453,1,298.09,Big Spenders
91775,342,1,298.0,Big Spenders
93331,994,1,298.0,Big Spenders
8604,181,1,298.0,Champions
92417,107,1,298.0,Champions
57331,1547,1,298.0,At Risk (High Value)
27838,983,1,298.0,Big Spenders
87178,250,1,298.0,Big Spenders
68680,1581,1,298.0,At Risk (High Value)
47220,1289,2,297.99,At Risk (High Value)
35685,5,2,297.98,Champions
24065,168,1,297.95,Champions
48249,1951,1,297.52,Big Spenders
72184,90,1,297.45,Champions
19490,553,2,297.39,Average Regulars
53698,135,1,297.37,Champions
74601,14,2,297.0,Champions
76644,6,2,296.99,Champions
43799,1745,1,296.94,Big Spenders
58976,268,2,296.91,Champions
64749,186,2,296.9,Champions
91494,638,2,296.58,Average Regulars
57968,231,3,296.51,Champions
48076,827,2,296.48,At Risk (High Value)
6493,8,1,296.42,Big Spenders
72640,21,1,296.24,Big Spenders
76150,39,2,296.0,Champions
71125,174,2,296.0,Champions
10269,12,2,295.97,Champions
12331,73,1,295.94,Champions
15815,782,1,295.93,At Risk (High Value)
49446,77,2,295.9,Champions
17237,1,2,295.87,Champions
54352,499,1,295.77,Big Spenders
13180,4,4,295.38,Champions
88611,903,1,295.29,Big Spenders
8981,463,2,295.26,Average Regulars
36473,4,1,295.0,Big Spenders
23377,2051,1,295.0,Big Spenders
51688,832,1,295.0,At Risk (High Value)
31923,869,1,295.0,Big Spenders
47216,1427,1,295.0,Big Spenders
66575,1349,1,295.0,Big Spenders
33670,307,1,294.99,Big Spenders
78843,1,2,294.99,Champions
1736,656,1,294.95,Big Spenders
94071,122,2,294.94,Champions
3939,680,1,294.9,At Risk (High Value)
4622,165,1,294.9,Big Spenders
42520,334,2,294.89,Average Regulars
78241,428,1,294.64,Big Spenders
69664,38,2,294.39,Champions
46088,47,1,294.3,Big Spenders
72169,113,1,294.0,Champions
19341,459,1,293.99,Big Spenders
76234,753,1,293.98,At Risk (High Value)
89391,619,1,293.94,Big Spenders
21740,295,2,293.92,Champions
64143,40,1,293.75,Big Spenders
11312,781,3,293.74,At Risk (High Value)
16708,68,1,293.69,Big Spenders
86873,27,3,293.59,Champions
35830,235,2,293.47,Champions
11368,567,3,293.45,Average Regulars
64349,715,2,293.45,At Risk (High Value)
53688,208,1,293.33,Big Spenders
34579,570,2,293.33,Average Regulars
56107,778,1,293.33,At Risk (High Value)
73960,126,2,293.09,Champions
51343,848,1,293.0,Big Spenders
66803,1534,1,293.0,Big Spenders
91123,6,3,292.89,Champions
47322,287,1,292.6,Champions
92422,615,1,292.49,Big Spenders
31315,251,2,292.41,Champions
77266,3,1,292.0,Champions
51105,284,2,292.0,Champions
30295,393,1,291.99,Big Spenders
20191,648,1,291.94,Average Regulars
66374,130,2,291.81,Champions
14396,133,2,291.5,Champions
85217,996,1,291.49,Big Spenders
46773,714,2,291.49,At Risk (High Value)
32772,198,1,291.49,Big Spenders
38385,158,1,291.21,Champions
3968,1514,1,291.08,Big Spenders
13,1624,1,291.0,Big Spenders
26702,64,1,290.99,Big Spenders
89913,392,1,290.98,Big Spenders
19710,133,2,290.96,Champions
42509,8,2,290.94,Champions
95867,1108,1,290.94,Big Spenders
24279,229,2,290.93,Champions
26802,1928,1,290.8,At Risk (High Value)
75698,105,1,290.77,Big Spenders
43042,309,1,290.48,Champions
99351,139,1,290.28,Big Spenders
11409,2134,2,290.09,At Risk (High Value)
95940,3,1,290.01,Big Spenders
69324,77,2,289.99,Champions
1226,113,2,289.99,Champions
47688,757,1,289.98,Big Spenders
73129,1531,2,289.96,At Risk (High Value)
99600,727,1,289.94,At Risk (High Value)
81697,216,2,289.93,Champions
34283,358,1,289.5,Big Spenders
71511,40,1,289.45,Big Spenders
70680,141,2,289.38,Champions
37626,1290,2,289.28,At Risk (High Value)
33656,1297,1,289.0,Big Spenders
5790,261,2,289.0,Champions
23204,630,1,288.99,Average Regulars
95853,3,1,288.99,Big Spenders
1665,145,1,288.97,Champions
14936,1153,1,288.96,At Risk (High Value)
58158,19,1,288.94,Champions
26282,37,1,288.83,Big Spenders
19786,291,1,288.48,Big Spenders
65280,145,1,288.36,Champions
32602,41,2,288.12,Champions
33730,1561,1,288.04,At Risk (High Value)
28134,57,1,288.0,Big Spenders
25209,780,1,288.0,At Risk (High Value)
41969,36,1,288.0,Big Spenders
79432,1740,1,288.0,Big Spenders
15655,121,1,288.0,Champions
691,67,1,288.0,Big Spenders
85525,79,1,288.0,Champions
56380,2415,1,288.0,Big Spenders
17232,9,1,288.0,Champions
74636,1499,1,287.99,Big Spenders
42513,647,1,287.99,Big Spenders
37934,2426,1,287.99,Big Spenders
10887,51,1,287.95,Big Spenders
38941,1045,1,287.8,At Risk (High Value)
82365,667,3,287.74,At Risk (High Value)
10370,638,2,287.6,Average Regulars
92313,1124,2,287.47,At Risk (High Value)
7371,302,1,287.44,Big Spenders
2446,1,1,287.0,Big Spenders
50841,1093,1,287.0,Big Spenders
52864,343,1,286.96,Big Spenders
82096,342,1,286.94,Big Spenders
35341,1,3,286.88,Champions
94445,218,1,286.84,Champions
49166,190,3,286.72,Champions
73674,39,2,286.69,Champions
12975,458,1,286.59,Big Spenders
25175,109,1,286.59,Champions
2028,296,1,286.5,Champions
66595,167,1,286.47,Big Spenders
29620,237,2,286.21,Champions
74371,925,2,286.0,At Risk (High Value)
21622,767,1,286.0,Big Spenders
11824,340,1,286.0,Big Spenders
48098,1562,1,285.92,Big Spenders
29859,77,2,285.46,Champions
71599,1251,1,285.37,At Risk (High Value)
75896,1345,1,285.0,At Risk (High Value)
88577,1710,1,285.0,Big Spenders
18087,1367,1,285.0,Big Spenders
48418,1543,1,285.0,At Risk (High Value)
38204,2363,1,285.0,At Risk (High Value)
83223,903,1,284.98,Big Spenders
50693,345,1,284.97,Big Spenders
52536,77,2,284.96,Champions
5931,219,3,284.88,Champions
48513,451,1,284.76,Big Spenders
60105,521,3,284.58,Average Regulars
24311,152,2,284.5,Champions
2709,205,2,284.45,Champions
92140,1886,1,284.0,At Risk (High Value)
55021,1199,1,283.99,Big Spenders
75378,1294,1,283.96,At Risk (High Value)
75293,406,1,283.8,Big Spenders
9630,174,1,283.68,Champions
69697,2047,1,283.58,Big Spenders
70419,498,2,283.49,Average Regulars
29118,183,1,283.44,Big Spenders
96655,2,1,283.15,Champions
37923,200,2,283.0,Champions
57079,95,2,282.99,Champions
34221,344,2,282.99,Average Regulars
94142,2,2,282.95,Champions
24753,5,2,282.88,Champions
24618,145,1,282.65,Champions
51169,281,1,282.49,Champions
57943,5,2,282.48,Champions
86320,513,1,282.24,Big Spenders
95949,36,3,282.21,Champions
68930,382,2,282.0,Average Regulars
93141,47,1,282.0,Big Spenders
51721,984,1,282.0,Big Spenders
95396,297,2,282.0,Champions
14369,1725,1,281.99,At Risk (High Value)
50236,304,2,281.95,Champions
46495,88,1,281.94,Champions
99396,487,1,281.89,Average Regulars
82850,903,1,281.76,Big Spenders
78832,434,1,281.6,Big Spenders
46464,1358,2,281.5,At Risk (High Value)
10839,396,2,281.44,Average Regulars
7832,1,1,281.4,Big Spenders
71738,740,2,281.14,At Risk (High Value)
57426,793,1,280.99,At Risk (High Value)
60306,2,1,280.92,Big Spenders
99733,54,2,280.79,Champions
29447,1052,1,280.75,Big Spenders
92847,760,2,280.7,At Risk (High Value)
39506,4,1,280.67,Big Spenders
25579,1218,1,280.67,At Risk (High Value)
96899,1091,1,280.63,Big Spenders
28853,306,1,280.56,Champions
89215,1605,1,280.45,Big Spenders
9470,421,2,280.43,Average Regulars
29547,318,3,280.37,Champions
58741,243,1,280.26,Big Spenders
34194,131,2,280.21,Champions
58015,13,1,280.21,Champions
58672,172,2,280.12,Champions
44746,1515,1,280.1,Big Spenders
66687,57,2,280.0,Champions
14443,22,1,280.0,Big Spenders
38587,650,1,280.0,Big Spenders
52566,1158,1,280.0,Big Spenders
460,1641,1,280.0,At Risk (High Value)
15879,35,2,279.99,Champions
83686,1672,2,279.99,At Risk (High Value)
27605,434,1,279.99,Big Spenders
52110,157,1,279.99,Champions
69622,0,1,279.99,Big Spenders
58218,727,2,279.98,At Risk (High Value)
13245,2,1,279.98,Big Spenders
56119,803,1,279.95,At Risk (High Value)
59887,323,1,279.88,Big Spenders
22243,242,2,279.87,Champions
98909,643,1,279.82,Average Regulars
76571,354,2,279.66,Average Regulars
53477,37,1,279.65,Big Spenders
19326,985,1,279.5,Big Spenders
88630,1424,2,279.5,At Risk (High Value)
73454,7,1,279.5,Champions
82687,116,1,279.46,Champions
95286,639,1,279.45,Big Spenders
12610,868,1,279.41,At Risk (High Value)
64743,1661,1,279.25,Big Spenders
54084,147,3,279.11,Champions
32915,67,1,279.0,Champions
10438,1082,1,279.0,Big Spenders
50684,1611,1,279.0,At Risk (High Value)
49743,1455,1,279.0,Big Spenders
75388,739,2,278.99,At Risk (High Value)
44781,730,1,278.99,At Risk (High Value)
64256,170,1,278.89,Champions
24700,736,1,278.85,Big Spenders
83158,307,2,278.48,Champions
11935,15,1,278.28,Big Spenders
39632,843,1,278.0,Big Spenders
46334,622,1,278.0,Big Spenders
16123,576,1,278.0,Average Regulars
8287,862,1,278.0,Big Spenders
99518,165,1,277.99,Big Spenders
79377,42,2,277.98,Champions
26361,859,1,277.82,Big Spenders
34083,1094,1,277.76,Big Spenders
15942,630,1,277.7,Big Spenders
5828,1707,1,277.35,At Risk (High Value)
42046,0,1,277.31,Big Spenders
70575,1207,1,276.99,Big Spenders
11195,772,1,276.98,At Risk (High Value)
40695,175,2,276.98,Champions
163,336,2,276.96,Average Regulars
29328,273,1,276.83,Big Spenders
48814,314,2,276.66,Champions
9343,24,3,276.65,Champions
46983,367,1,276.58,Big Spenders
2395,685,2,276.57,At Risk (High Value)
53844,1416,1,276.5,Big Spenders
70765,194,1,276.45,Big Spenders
15230,1384,2,276.34,At Risk (High Value)
65063,15,1,276.32,Champions
14526,82,1,276.31,Big Spenders
92872,609,3,276.27,Average Regulars
84269,1310,1,276.22,Big Spenders
98694,289,2,276.13,Champions
4639,570,1,276.02,Big Spenders
70574,91,1,276.0,Big Spenders
67153,607,1,275.97,Big Spenders
90602,1763,1,275.81,Big Spenders
50191,206,2,275.79,Champions
89082,59,2,275.43,Champions
98052,900,1,275.31,Big Spenders
97420,1240,1,275.0,Big Spenders
93372,383,2,275.0,Average Regulars
6352,4,1,275.0,Big Spenders
31054,1998,1,275.0,At Risk (High Value)
74775,1478,1,275.0,At Risk (High Value)
21106,78,1,275.0,Big Spenders
45857,249,1,275.0,Champions
87077,654,1,274.99,Average Regulars
17235,487,1,274.99,Big Spenders
33327,65,1,274.99,Champions
75880,1330,1,274.99,At Risk (High Value)
12657,843,1,274.98,At Risk (High Value)
87007,301,1,274.98,Champions
17544,303,1,274.97,Big Spenders
63932,254,1,274.94,Big Spenders
15922,31,2,274.94,Champions
30461,119,2,274.94,Champions
18686,84,1,274.88,Champions
1792,482,2,274.49,Average Regulars
32856,202,2,274.49,Champions
84817,9,1,274.29,Big Spenders
87461,204,3,274.18,Champions
21438,14,1,274.05,Big Spenders
90852,15,1,274.0,Big Spenders
89287,54,2,273.99,Champions
204,120,1,273.97,Champions
62040,1579,2,273.95,At Risk (High Value)
85877,452,1,273.95,Big Spenders
49639,62,1,273.9,Champions
32444,63,2,273.89,Champions
52863,296,2,273.77,Champions
85435,350,1,273.58,Big Spenders
1434,850,2,273.5,At Risk (High Value)
9972,4,2,273.48,Champions
47971,62,3,273.46,Champions
4609,1050,2,273.41,At Risk (High Value)
35164,45,1,273.23,Big Spenders
53495,3,2,273.0,Champions
31157,1041,1,273.0,Big Spenders
21750,1137,1,272.99,At Risk (High Value)
88004,577,2,272.99,Average Regulars
41027,930,1,272.95,Big Spenders
35855,2271,1,272.9,Big Spenders
32123,490,1,272.89,Big Spenders
42177,1459,1,272.86,Big Spenders
98001,529,2,272.78,Average Regulars
10301,131,1,272.6,Big Spenders
61560,344,2,272.49,Average Regulars
620,2012,1,272.44,Big Spenders
61176,749,1,272.41,At Risk (High Value)
4420,51,2,272.34,Champions
18134,753,2,272.28,At Risk (High Value)
23353,736,1,272.19,At Risk (High Value)
12110,75,2,272.17,Champions
79864,867,2,272.12,At Risk (High Value)
93565,1541,1,272.0,At Risk (High Value)
91306,1035,2,272.0,At Risk (High Value)
68388,932,2,272.0,At Risk (High Value)
92583,3,1,271.95,Champions
69337,241,1,271.89,Big Spenders
90838,94,2,271.79,Champions
558,517,2,271.59,Average Regulars
31204,633,1,271.48,Average Regulars
5801,446,1,271.35,Big Spenders
48123,714,1,271.24,At Risk (High Value)
18984,427,2,271.01,Average Regulars
16182,1104,1,270.99,Big Spenders
8683,1772,1,270.59,Big Spenders
98008,733,1,270.57,Big Spenders
64498,77,2,270.03,Champions
79429,321,1,270.0,Champions
61479,389,1,270.0,Big Spenders
57655,1861,1,270.0,Big Spenders
19811,1549,1,269.99,Big Spenders
57303,357,1,269.99,Big Spenders
69999,27,1,269.95,Big Spenders
18347,257,1,269.95,Big Spenders
91910,72,2,269.94,Champions
58418,1160,1,269.71,At Risk (High Value)
68460,7,2,269.5,Champions
97520,1,1,269.5,Big Spenders
49937,1690,1,269.47,Big Spenders
55015,671,2,269.46,At Risk (High Value)
45505,1188,1,269.39,Big Spenders
79398,1014,1,269.15,Big Spenders
97112,157,1,269.0,Champions
55587,359,1,269.0,Big Spenders
24633,1103,1,269.0,Big Spenders
39545,853,1,269.0,At Risk (High Value)
7052,660,1,268.99,At Risk (High Value)
12492,356,1,268.99,Big Spenders
68185,89,1,268.69,Champions
62753,1831,1,268.5,Big Spenders
89217,1023,1,268.5,Big Spenders
23340,1218,1,268.47,At Risk (High Value)
51575,416,1,268.36,Big Spenders
87487,1441,1,268.0,Big Spenders
84695,165,2,267.99,Champions
72200,1279,1,267.99,Big Spenders
13195,530,1,267.99,Big Spenders
1276,250,1,267.99,Big Spenders
20460,0,2,267.98,Champions
610,1,1,267.98,Big Spenders
14486,186,1,267.98,Big Spenders
97716,402,2,267.97,Average Regulars
48861,813,2,267.96,At Risk (High Value)
7285,18,1,267.95,Champions
74147,199,1,267.85,Champions
18587,484,2,267.82,Average Regulars
11766,993,3,267.57,At Risk (High Value)
96695,366,2,267.51,Average Regulars
1739,1740,1,267.5,Big Spenders
43630,89,1,267.5,Champions
8039,657,1,267.5,Big Spenders
42369,675,1,267.12,Big Spenders
77555,216,2,267.1,Champions
87845,206,1,267.0,Champions
80673,419,1,267.0,Big Spenders
16160,426,1,266.99,Big Spenders
19176,1085,3,266.96,At Risk (High Value)
71371,326,1,266.95,Big Spenders
78677,487,2,266.95,Average Regulars
91553,0,2,266.85,Champions
84322,591,2,266.77,Average Regulars
24785,1235,2,266.76,At Risk (High Value)
37054,137,1,266.59,Champions
62081,487,3,266.5,Average Regulars
64067,1882,1,266.5,Big Spenders
77295,2175,1,266.5,At Risk (High Value)
3621,1047,2,266.21,At Risk (High Value)
9589,473,1,266.07,Average Regulars
64373,779,3,266.0,At Risk (High Value)
13267,106,1,265.99,Champions
41480,275,2,265.98,Champions
40391,352,1,265.95,Big Spenders
57800,94,3,265.94,Champions
20235,1,2,265.93,Champions
19551,289,2,265.85,Champions
22667,667,1,265.79,At Risk (High Value)
76401,27,2,265.56,Champions
84238,1184,1,265.52,At Risk (High Value)
81204,442,1,265.24,Big Spenders
47767,447,2,265.19,Average Regulars
95066,682,1,265.12,At Risk (High Value)
25798,551,1,265.0,Big Spenders
55128,327,1,265.0,Big Spenders
53529,723,1,265.0,Big Spenders
57550,2604,1,265.0,Big Spenders
20911,1196,1,265.0,Big Spenders
68143,1616,1,265.0,Big Spenders
63167,1472,1,265.0,Big Spenders
62785,2176,1,264.99,Big Spenders
73737,1129,1,264.99,At Risk (High Value)
37251,578,2,264.99,Average Regulars
78513,528,2,264.98,Average Regulars
61599,649,2,264.9,Average Regulars
96860,111,1,264.88,Big Spenders
75955,445,2,264.79,Average Regulars
72547,1787,1,264.51,Big Spenders
97055,590,1,264.5,Average Regulars
24784,18,1,264.5,Big Spenders
73893,2206,1,264.49,Big Spenders
80191,647,2,264.35,Average Regulars
79622,415,2,264.25,Average Regulars
32239,378,1,264.24,Big Spenders
90722,682,3,264.22,At Risk (High Value)
50357,359,1,264.15,Big Spenders
16343,785,1,264.07,At Risk (High Value)
35214,43,2,264.07,Champions
17542,387,1,264.0,Big Spenders
92267,249,1,264.0,Big Spenders
66321,756,1,264.0,At Risk (High Value)
26485,86,1,264.0,Champions
520,736,1,264.0,Big Spenders
17,216,1,264.0,Champions
29736,371,1,264.0,Big Spenders
79635,530,1,264.0,Average Regulars
76562,1647,1,264.0,Big Spenders
5145,1002,1,264.0,Big Spenders
84653,281,1,264.0,Big Spenders
17801,260,1,263.99,Big Spenders
91272,475,1,263.95,Big Spenders
30847,388,1,263.95,Big Spenders
26443,215,1,263.94,Champions
99832,554,2,263.93,Average Regulars
11407,4,2,263.86,Champions
51880,1098,1,263.47,Big Spenders
10650,412,1,263.23,Big Spenders
96541,248,2,263.22,Champions
38507,303,1,263.17,Champions
27450,0,2,263.09,Champions
62272,263,1,263.0,Champions
9291,309,2,263.0,Champions
74195,156,1,263.0,Champions
12776,1221,2,262.99,At Risk (High Value)
3234,524,1,262.99,Big Spenders
90134,131,2,262.86,Champions
20918,505,1,262.5,Average Regulars
37114,721,1,262.26,At Risk (High Value)
44841,733,1,262.24,At Risk (High Value)
13557,100,2,262.23,Champions
4242,1749,1,262.23,Big Spenders
92089,29,3,262.12,Champions
41167,18,2,262.08,Champions
1187,423,1,262.0,Big Spenders
79354,2018,1,261.99,At Risk (High Value)
92546,1229,2,261.98,At Risk (High Value)
62471,29,2,261.98,Champions
21208,934,1,261.98,Big Spenders
3890,1495,1,261.96,Big Spenders
64765,1345,1,261.94,Big Spenders
84748,669,1,261.84,At Risk (High Value)
58407,363,1,261.83,Big Spenders
57787,357,1,261.57,Big Spenders
89357,11,1,261.53,Big Spenders
55029,139,2,261.49,Champions
73795,615,1,261.46,Big Spenders
67138,100,2,261.45,Champions
87191,6,1,261.41,Big Spenders
81826,300,2,261.28,Champions
28652,830,1,261.22,At Risk (High Value)
65014,714,1,260.99,At Risk (High Value)
18901,1874,1,260.93,Big Spenders
38057,96,1,260.72,Champions
78006,1881,1,260.7,At Risk (High Value)
35945,960,1,260.49,Big Spenders
83274,1527,1,260.45,Big Spenders
34431,176,1,260.44,Big Spenders
59587,2361,1,260.44,Big Spenders
22261,236,3,260.28,Champions
3192,564,1,260.27,Big Spenders
3066,18,2,260.19,Champions
48968,502,1,260.0,Big Spenders
70855,4,1,260.0,Big Spenders
7313,1702,1,260.0,At Risk (High Value)
35927,11,1,260.0,Champions
30813,711,1,260.0,At Risk (High Value)
62801,72,1,260.0,Big Spenders
78447,340,1,259.99,Big Spenders
3690,446,1,259.99,Big Spenders
75040,212,1,259.99,Champions
85774,282,1,259.99,Champions
80106,683,1,259.99,At Risk (High Value)
20483,1185,1,259.99,Big Spenders
12900,6,2,259.99,Champions
83455,1460,1,259.99,Big Spenders
14951,946,1,259.98,Big Spenders
33312,16,2,259.96,Champions
4950,1254,1,259.89,Big Spenders
98067,1410,1,259.76,Big Spenders
12230,890,1,259.62,Big Spenders
71023,455,1,259.58,Big Spenders
42196,65,2,259.56,Champions
74384,1437,1,259.49,Big Spenders
78782,765,1,259.45,At Risk (High Value)
76944,266,1,259.45,Champions
11802,1301,1,259.16,Big Spenders
79087,98,1,259.0,Big Spenders
48707,282,1,259.0,Big Spenders
46572,1310,1,259.0,At Risk (High Value)
25220,1117,1,259.0,Big Spenders
97735,43,1,259.0,Big Spenders
88962,338,1,258.99,Big Spenders
78548,183,1,258.99,Big Spenders
81567,1255,1,258.99,Big Spenders
50423,308,1,258.99,Champions
15114,1672,1,258.95,Big Spenders
54976,247,1,258.95,Big Spenders
32700,353,1,258.89,Big Spenders
74929,400,1,258.75,Big Spenders
76036,96,3,258.61,Champions
12101,740,2,258.6,At Risk (High Value)
2188,613,4,258.51,Average Regulars
82304,495,2,258.48,Average Regulars
67067,922,1,258.34,Big Spenders
67656,800,2,258.28,At Risk (High Value)
84377,25,2,258.2,Champions
53128,311,1,258.0,Champions
83665,440,2,258.0,Average Regulars
17373,746,1,258.0,Big Spenders
53868,275,2,258.0,Champions
90885,5,1,258.0,Big Spenders
91674,1,1,257.99,Big Spenders
26861,76,1,257.99,Champions
49758,0,2,257.99,Champions
7442,188,2,257.99,Champions
79458,1327,1,257.98,At Risk (High Value)
29292,1614,1,257.96,Big Spenders
46978,0,1,257.95,Big Spenders
41927,820,1,257.95,Big Spenders
52608,897,1,257.71,Big Spenders
36,179,2,257.49,Champions
92908,389,2,257.46,Average Regulars
99586,77,1,257.44,Champions
45249,84,2,257.44,Champions
12546,905,1,257.4,Big Spenders
27486,750,2,257.17,At Risk (High Value)
17763,1672,1,257.02,Big Spenders
11916,16,1,257.0,Champions
44419,2032,1,257.0,Big Spenders
91124,458,1,257.0,Big Spenders
39668,66,2,256.99,Champions
62152,533,1,256.95,Big Spenders
15227,1489,2,256.88,At Risk (High Value)
14496,278,2,256.87,Champions
21097,1500,1,256.8,At Risk (High Value)
16525,42,2,256.59,Champions
11650,138,1,256.52,Big Spenders
21590,685,1,256.5,Big Spenders
72206,546,3,256.49,Average Regulars
84775,529,2,256.47,Average Regulars
24177,328,2,256.46,Average Regulars
73514,15,3,256.24,Champions
2420,338,3,256.17,Average Regulars
64263,2320,1,256.09,Big Spenders
61682,545,2,256.0,Average Regulars
5056,2009,1,255.99,At Risk (High Value)
38825,481,1,255.98,Big Spenders
91868,160,1,255.98,Champions
73489,549,1,255.95,Big Spenders
71585,290,1,255.94,Champions
51998,1300,2,255.88,At Risk (High Value)
19112,473,2,255.73,Average Regulars
84751,430,1,255.67,Big Spenders
34846,1914,1,255.54,At Risk (High Value)
33004,1034,1,255.53,Big Spenders
12301,915,1,255.32,Big Spenders
59561,2015,1,254.99,Big Spenders
1040,1244,1,254.99,Big Spenders
64962,545,1,254.99,Big Spenders
74813,24,2,254.97,Champions
95335,357,1,254.95,Big Spenders
99945,422,1,254.95,Big Spenders
20790,198,2,254.95,Champions
50961,317,1,254.94,Big Spenders
96665,40,2,254.77,Champions
55785,77,2,254.71,Champions
96837,1264,1,254.49,Big Spenders
25211,32,2,254.49,Champions
98764,456,1,254.46,Big Spenders
11847,1,1,254.45,Big Spenders
57595,344,2,254.4,Average Regulars
38178,218,3,254.39,Champions
17002,226,1,254.28,Champions
86731,1005,2,254.0,At Risk (High Value)
13265,307,1,254.0,Champions
27549,2365,1,253.99,Big Spenders
40436,235,1,253.99,Big Spenders
95113,2242,1,253.97,At Risk (High Value)
36122,1047,1,253.95,At Risk (High Value)
50261,199,2,253.92,Champions
94800,99,1,253.9,Champions
30612,196,1,253.88,Champions
39872,1573,1,253.5,At Risk (High Value)
13395,764,1,253.47,At Risk (High Value)
25521,1287,1,253.45,At Risk (High Value)
59184,250,2,253.43,Champions
31548,414,1,253.28,Big Spenders
2793,158,1,253.28,Big Spenders
97476,1682,1,253.25,Big Spenders
67982,483,1,253.23,Big Spenders
10702,687,1,253.2,At Risk (High Value)
65391,1405,1,253.18,Big Spenders
63154,12,1,253.0,Champions
23500,120,1,253.0,Champions
36094,1139,2,252.95,At Risk (High Value)
83748,308,1,252.94,Champions
62731,681,3,252.93,At Risk (High Value)
48285,390,1,252.89,Big Spenders
44176,41,1,252.8,Big Spenders
57141,1,2,252.69,Champions
98136,1086,2,252.58,At Risk (High Value)
38503,103,1,252.37,Champions
95176,294,2,252.29,Champions
21078,23,1,252.27,Big Spenders
86892,302,1,252.22,Champions
10477,5,2,252.18,Champions
63078,1208,1,251.99,At Risk (High Value)
22964,181,2,251.86,Champions
34864,763,1,251.62,At Risk (High Value)
8781,369,2,251.38,Average Regulars
967,2217,1,251.37,At Risk (High Value)
25901,201,1,251.37,Big Spenders
12517,1667,1,251.22,At Risk (High Value)
90255,124,1,251.18,Champions
16370,130,2,251.0,Champions
13455,1149,2,250.99,At Risk (High Value)
35325,2,1,250.95,Big Spenders
47562,433,1,250.84,Big Spenders
82145,71,2,250.78,Champions
98108,1183,2,250.74,At Risk (High Value)
63045,181,1,250.69,Big Spenders
96003,444,2,250.24,Average Regulars
96813,6,1,250.0,Big Spenders
2666,1217,1,250.0,At Risk (High Value)
62257,49,1,250.0,Big Spenders
26145,132,1,250.0,Champions
15606,1317,1,250.0,Big Spenders
20450,1413,1,250.0,Big Spenders
1817,86,1,250.0,Champions
7417,170,1,250.0,Big Spenders
55845,515,1,250.0,Big Spenders
6595,991,1,250.0,Big Spenders
93460,1051,1,250.0,At Risk (High Value)
42726,702,1,250.0,Big Spenders
4435,512,2,250.0,Average Regulars
40471,207,1,250.0,Big Spenders
31170,83,1,250.0,Champions
11491,138,1,250.0,Big Spenders
90538,1096,1,250.0,Big Spenders
23153,716,1,250.0,Big Spenders
55277,1143,1,249.99,At Risk (High Value)
55837,892,2,249.99,At Risk (High Value)
92818,1346,1,249.99,At Risk (High Value)
86291,2431,1,249.99,At Risk (High Value)
22475,587,1,249.99,Big Spenders
20640,2297,1,249.99,Big Spenders
44145,766,1,249.99,Big Spenders
88341,423,2,249.98,Average Regulars
34139,238,2,249.97,Champions
24205,230,2,249.97,Champions
77233,123,1,249.95,Champions
48718,814,1,249.95,At Risk (High Value)
47549,393,1,249.95,Big Spenders
61659,567,1,249.95,Big Spenders
91657,687,2,249.95,At Risk (High Value)
89356,42,1,249.95,Big Spenders
73112,912,1,249.95,Big Spenders
77533,209,2,249.95,Champions
83850,1251,1,249.95,Big Spenders
40665,59,1,249.95,Champions
4713,1286,1,249.93,Big Spenders
55900,147,1,249.88,Champions
74194,2785,1,249.73,Big Spenders
6329,302,2,249.72,Champions
14906,138,2,249.65,Champions
17095,1107,2,249.59,At Risk (High Value)
24971,664,2,249.5,At Risk (High Value)
65873,203,2,249.49,Champions
24325,801,3,249.47,At Risk (High Value)
31775,261,1,249.4,Big Spenders
15359,417,1,249.39,Big Spenders
54216,362,2,249.35,Average Regulars
86199,27,2,249.26,Champions
33014,289,2,249.08,Champions
81790,1098,1,249.0,Big Spenders
70245,140,2,249.0,Champions
46573,629,1,249.0,Big Spenders
28077,9,1,249.0,Champions
36070,120,1,249.0,Big Spenders
58347,2205,1,248.98,At Risk (High Value)
28224,682,1,248.98,Big Spenders
22858,508,1,248.98,Big Spenders
22819,145,1,248.98,Champions
84732,32,2,248.98,Champions
34634,1880,1,248.98,Big Spenders
79930,0,1,248.95,Big Spenders
99015,1629,1,248.61,Big Spenders
98841,75,1,248.5,Champions
61776,1191,1,248.49,Big Spenders
43407,398,2,248.28,Average Regulars
36020,99,2,248.17,Champions
38965,358,3,248.16,Average Regulars
187,472,2,248.14,Average Regulars
9448,227,1,248.0,Big Spenders
22640,79,1,247.99,Champions
62686,461,1,247.98,Big Spenders
16117,426,1,247.98,Big Spenders
83392,252,1,247.94,Champions
87309,419,1,247.87,Big Spenders
5084,15,1,247.84,Big Spenders
38537,564,1,247.76,Big Spenders
90487,944,2,247.73,At Risk (High Value)
82731,984,1,247.71,Big Spenders
53385,138,1,247.68,Big Spenders
9595,805,1,247.5,At Risk (High Value)
22877,246,1,247.41,Champions
50938,361,3,247.04,Average Regulars
36169,17,2,247.0,Champions
87261,2160,1,246.99,At Risk (High Value)
67234,463,1,246.99,Big Spenders
10124,111,1,246.99,Big Spenders
7415,53,2,246.99,Champions
30853,3,2,246.98,Champions
93704,301,2,246.97,Champions
68128,248,1,246.96,Champions
49474,23,2,246.89,Champions
83517,172,2,246.83,Champions
78071,232,1,246.73,Champions
56618,51,1,246.65,Big Spenders
95193,215,1,246.59,Champions
29005,1551,1,246.54,Big Spenders
91169,407,1,246.49,Big Spenders
94462,565,2,246.38,Average Regulars
67938,289,1,246.37,Champions
63579,14,1,246.24,Big Spenders
44538,2108,1,246.23,At Risk (High Value)
41548,49,1,246.14,Big Spenders
35941,2166,1,246.1,At Risk (High Value)
26893,430,1,246.05,Big Spenders
39558,278,1,246.0,Big Spenders
26519,255,1,245.95,Champions
63267,76,2,245.93,Champions
91787,2048,1,245.86,Big Spenders
63270,321,2,245.78,Champions
4321,4,1,245.74,Champions
49388,331,1,245.64,Big Spenders
41354,1977,1,245.5,Big Spenders
53502,118,2,245.45,Champions
14650,717,1,245.45,At Risk (High Value)
28812,2,1,245.37,Big Spenders
37664,146,1,245.33,Champions
33169,382,2,245.25,Average Regulars
89757,185,2,245.18,Champions
22732,207,2,245.04,Champions
47103,1000,1,245.0,Big Spenders
90639,3,1,245.0,Champions
48533,38,1,244.99,Big Spenders
45167,1053,1,244.99,At Risk (High Value)
16978,42,2,244.98,Champions
74848,648,1,244.95,Average Regulars
9159,1260,1,244.95,At Risk (High Value)
13845,598,1,244.95,Big Spenders
52738,45,1,244.95,Big Spenders
7493,142,2,244.94,Champions
167,154,1,244.94,Big Spenders
82654,165,3,244.94,Champions
7558,279,1,244.9,Big Spenders
69095,333,3,244.74,Average Regulars
79044,360,2,244.64,Average Regulars
60500,92,2,244.55,Champions
99125,1970,1,244.55,At Risk (High Value)
73021,1602,1,244.5,Big Spenders
44450,218,1,244.44,Big Spenders
97188,94,1,244.36,Champions
21975,301,1,244.28,Champions
17700,232,2,244.01,Champions
84353,374,1,244.0,Big Spenders
72337,692,2,244.0,At Risk (High Value)
45635,1425,1,244.0,Big Spenders
57629,7,2,244.0,Champions
76769,0,1,243.99,Big Spenders
37080,1705,1,243.95,Big Spenders
25792,786,1,243.95,At Risk (High Value)
55114,1205,1,243.95,At Risk (High Value)
8363,231,1,243.75,Champions
28013,30,1,243.72,Big Spenders
47620,437,1,243.6,Big Spenders
29543,53,2,243.45,Champions
80469,335,1,243.45,Big Spenders
83077,18,3,243.43,Champions
44777,2064,1,243.43,Big Spenders
14679,277,1,243.27,Big Spenders
33545,450,1,243.24,Big Spenders
40809,75,2,243.18,Champions
22612,708,1,243.06,At Risk (High Value)
65021,1384,1,243.0,Big Spenders
88288,1140,1,243.0,At Risk (High Value)
56350,35,2,242.99,Champions
16334,0,1,242.99,Big Spenders
11243,1112,2,242.99,At Risk (High Value)
20032,1041,1,242.98,At Risk (High Value)
98621,296,1,242.97,Champions
33358,1839,1,242.95,At Risk (High Value)
97272,22,1,242.86,Big Spenders
14674,1192,1,242.85,Big Spenders
73295,396,2,242.8,Average Regulars
20436,52,2,242.56,Champions
59478,1232,1,242.29,At Risk (High Value)
1325,472,1,242.29,Big Spenders
69147,849,1,242.26,Big Spenders
68526,980,1,242.18,Big Spenders
56050,788,1,242.0,At Risk (High Value)
91497,1789,1,242.0,Big Spenders
17289,490,1,242.0,Big Spenders
50256,749,1,242.0,At Risk (High Value)
66862,295,2,241.99,Champions
89221,1080,1,241.8,Big Spenders
70937,780,2,241.79,At Risk (High Value)
86500,338,2,241.5,Average Regulars
31255,27,3,241.5,Champions
49331,420,1,241.49,Big Spenders
84009,193,2,241.48,Champions
49644,1179,3,241.33,At Risk (High Value)
37216,2,3,241.21,Champions
77869,938,1,241.2,Big Spenders
91614,202,2,241.0,Champions
57402,505,1,240.98,Big Spenders
50679,828,1,240.85,At Risk (High Value)
69405,436,2,240.79,Average Regulars
37315,682,1,240.65,Big Spenders
73851,1355,1,240.65,Big Spenders
87049,479,2,240.6,Average Regulars
99653,202,1,240.6,Big Spenders
22934,374,2,240.54,Average Regulars
66408,9,2,240.51,Champions
24844,367,2,240.47,Average Regulars
63361,756,1,240.46,Big Spenders
10928,263,2,240.39,Champions
26902,285,2,240.21,Champions
64953,156,1,240.12,Champions
49967,1633,1,240.05,Big Spenders
53295,437,2,240.02,Average Regulars
31938,1747,1,240.0,Big Spenders
63656,193,1,240.0,Big Spenders
56365,639,1,240.0,Average Regulars
85085,2427,1,240.0,Big Spenders
7276,1499,1,239.99,Big Spenders
12148,463,1,239.99,Big Spenders
80804,299,1,239.99,Champions
16575,702,1,239.99,At Risk (High Value)
83261,625,1,239.99,Average Regulars
26687,475,1,239.99,Average Regulars
38921,1272,1,239.99,At Risk (High Value)
9473,812,1,239.99,Big Spenders
48072,119,1,239.98,Big Spenders
17662,1396,1,239.95,Big Spenders
63303,5,2,239.94,Champions
31730,113,1,239.94,Champions
89203,2,1,239.94,Big Spenders
47521,2655,1,239.92,Big Spenders
26967,181,1,239.91,Champions
1149,124,1,239.9,Champions
17841,173,1,239.87,Champions
15431,823,1,239.86,Big Spenders
75329,675,1,239.86,Big Spenders
99410,1244,1,239.86,Big Spenders
11631,991,1,239.85,Big Spenders
33332,315,2,239.64,Champions
72113,883,2,239.5,At Risk (High Value)
34671,55,2,239.5,Champions
13429,1340,1,239.5,Big Spenders
28910,287,1,239.5,Big Spenders
36102,62,1,239.49,Champions
44677,331,1,239.45,Big Spenders
37738,25,2,239.45,Champions
90330,108,1,239.44,Big Spenders
12032,99,1,239.39,Big Spenders
43244,434,1,239.2,Big Spenders
37233,239,1,239.18,Big Spenders
69012,60,1,239.12,Big Spenders
39548,644,1,239.0,Average Regulars
93955,281,1,239.0,Big Spenders
1630,68,1,239.0,Big Spenders
87159,328,1,239.0,Big Spenders
30687,1122,1,239.0,Big Spenders
88291,340,3,238.99,Average Regulars
66219,169,1,238.99,Big Spenders
95306,204,1,238.99,Champions
52806,1420,1,238.99,Big Spenders
2324,363,1,238.98,Big Spenders
3663,1412,1,238.98,Big Spenders
69972,266,2,238.98,Champions
84583,116,1,238.98,Big Spenders
12760,1175,1,238.97,At Risk (High Value)
47834,23,1,238.95,Champions
57128,1447,2,238.93,At Risk (High Value)
44464,292,2,238.59,Champions
50309,817,1,238.49,Big Spenders
31748,158,3,238.46,Champions
61502,723,1,238.41,At Risk (High Value)
84880,2376,1,238.33,Big Spenders
43004,44,2,238.17,Champions
84032,746,1,238.0,Big Spenders
27807,54,2,238.0,Champions
26711,89,2,238.0,Champions
15775,989,1,238.0,Big Spenders
40219,0,1,238.0,Big Spenders
42305,929,2,237.99,At Risk (High Value)
93378,1082,1,237.98,Big Spenders
15459,92,2,237.94,Champions
82734,210,1,237.74,Big Spenders
34187,321,1,237.66,Big Spenders
99385,383,1,237.6,Big Spenders
8366,27,1,237.5,Big Spenders
53601,237,1,237.49,Big Spenders
14272,2105,1,237.17,Big Spenders
86262,665,2,237.0,At Risk (High Value)
75646,304,2,236.99,Champions
61348,21,1,236.98,Big Spenders
82253,4,1,236.98,Big Spenders
14827,357,2,236.9,Average Regulars
39441,998,1,236.84,Big Spenders
80161,1352,1,236.84,At Risk (High Value)
16829,47,1,236.84,Big Spenders
30525,97,1,236.84,Big Spenders
4858,948,1,236.84,Big Spenders
27706,50,1,236.84,Big Spenders
34914,938,1,236.73,Big Spenders
67549,1795,1,236.71,Big Spenders
25887,416,3,236.52,Average Regulars
9786,1748,2,236.49,At Risk (High Value)
83058,211,3,236.42,Champions
9802,547,2,236.2,Average Regulars
75781,450,1,236.15,Big Spenders
39664,8,1,236.0,Champions
95798,308,1,235.98,Big Spenders
21948,787,2,235.73,At Risk (High Value)
56934,753,2,235.63,At Risk (High Value)
45026,739,2,235.63,At Risk (High Value)
88969,51,1,235.63,Big Spenders
99819,556,1,235.44,Big Spenders
86667,1336,1,235.43,Big Spenders
93336,1207,1,235.0,At Risk (High Value)
76882,264,1,235.0,Big Spenders
16028,229,1,235.0,Big Spenders
63084,458,1,235.0,Big Spenders
42157,695,1,235.0,At Risk (High Value)
72150,676,1,235.0,At Risk (High Value)
65065,1134,1,235.0,Big Spenders
88719,1199,1,235.0,At Risk (High Value)
41811,2347,1,235.0,Big Spenders
87356,371,2,234.99,Average Regulars
86250,1942,1,234.99,Big Spenders
56140,218,1,234.95,Champions
39728,989,1,234.95,Big Spenders
85265,267,2,234.94,Champions
24135,293,1,234.94,Big Spenders
91136,10,2,234.93,Champions
27289,380,2,234.91,Average Regulars
63709,0,1,234.71,Champions
26757,921,1,234.55,Big Spenders
18400,604,1,234.5,Big Spenders
72314,195,2,234.44,Champions
47623,807,1,234.41,At Risk (High Value)
94199,18,1,234.37,Big Spenders
39874,472,1,234.18,Big Spenders
63647,489,4,234.01,Average Regulars
15541,850,1,234.01,At Risk (High Value)
64587,67,1,234.0,Champions
3388,181,2,234.0,Champions
53881,1820,1,234.0,At Risk (High Value)
54191,95,1,234.0,Champions
34727,115,2,234.0,Champions
77514,1510,1,233.99,Big Spenders
99678,1579,1,233.99,Big Spenders
91564,2,1,233.99,Champions
56431,162,1,233.98,Champions
88349,1428,1,233.97,Big Spenders
38440,477,1,233.96,Big Spenders
26811,44,3,233.93,Champions
54687,1645,1,233.9,At Risk (High Value)
88974,548,1,233.9,Big Spenders
68181,1108,3,233.83,At Risk (High Value)
78805,921,2,233.51,At Risk (High Value)
19799,1234,2,233.5,At Risk (High Value)
3512,398,2,233.48,Average Regulars
34866,802,2,233.43,At Risk (High Value)
73173,224,1,233.34,Champions
97993,370,3,233.22,Average Regulars
80027,2048,1,233.22,Big Spenders
43313,280,2,233.12,Champions
322,119,1,233.08,Big Spenders
91569,25,1,233.0,Big Spenders
44806,316,1,232.99,Champions
84908,644,3,232.99,Average Regulars
15731,482,1,232.99,Big Spenders
59390,940,1,232.99,Big Spenders
58852,1184,1,232.99,At Risk (High Value)
82634,206,2,232.96,Champions
71513,832,1,232.95,Big Spenders
28117,103,1,232.93,Big Spenders
21980,322,1,232.81,Big Spenders
61096,286,2,232.76,Champions
71287,321,1,232.74,Big Spenders
21400,0,2,232.71,Champions
81124,1484,1,232.69,At Risk (High Value)
50469,1213,1,232.48,Big Spenders
82146,1001,1,232.48,Big Spenders
85972,254,1,232.39,Big Spenders
95264,1160,3,232.17,At Risk (High Value)
36138,304,1,232.15,Champions
15090,572,1,232.0,Big Spenders
74200,748,3,231.99,At Risk (High Value)
46561,1000,1,231.99,Big Spenders
48321,767,2,231.99,At Risk (High Value)
55705,1032,1,231.99,At Risk (High Value)
35301,55,1,231.97,Big Spenders
50743,1334,1,231.96,Big Spenders
78588,986,1,231.95,Big Spenders
40845,1154,1,231.89,At Risk (High Value)
55226,864,2,231.82,At Risk (High Value)
14830,987,1,231.81,Big Spenders
83312,28,1,231.72,Big Spenders
46697,88,2,231.66,Champions
20028,193,1,231.59,Champions
64191,129,2,231.5,Champions
20570,383,3,231.48,Average Regulars
30723,14,1,231.46,Big Spenders
147,718,1,231.43,Big Spenders
6419,1039,1,231.42,Big Spenders
29816,298,1,231.38,Champions
48765,958,2,231.34,At Risk (High Value)
28425,1139,2,231.25,At Risk (High Value)
76409,1365,1,231.25,Big Spenders
14035,3,1,231.0,Big Spenders
48109,52,1,230.99,Big Spenders
13487,1474,1,230.97,Big Spenders
14974,179,1,230.97,Big Spenders
61863,56,4,230.89,Champions
22728,138,1,230.84,Champions
83582,372,2,230.73,Average Regulars
12904,622,1,230.57,Average Regulars
42421,302,2,230.5,Champions
68005,8,1,230.5,Big Spenders
55467,499,2,230.48,Average Regulars
53572,454,1,230.4,Big Spenders
16753,879,1,230.35,At Risk (High Value)
97336,463,2,230.29,Average Regulars
84330,83,1,230.17,Big Spenders
11094,343,1,230.06,Big Spenders
82103,272,1,230.0,Champions
95412,2538,1,230.0,At Risk (High Value)
70211,133,2,230.0,Champions
502,1371,1,230.0,Big Spenders
2835,1706,1,230.0,Big Spenders
69686,723,2,230.0,At Risk (High Value)
39334,1326,1,230.0,Big Spenders
77903,425,1,229.99,Big Spenders
20966,136,1,229.99,Big Spenders
66299,236,1,229.99,Big Spenders
51720,141,2,229.99,Champions
52040,977,1,229.99,Big Spenders
68690,859,1,229.99,At Risk (High Value)
1290,1625,1,229.99,Big Spenders
78926,209,1,229.99,Big Spenders
91077,560,2,229.98,Average Regulars
11906,524,1,229.98,Big Spenders
49757,116,1,229.98,Champions
56585,417,1,229.94,Big Spenders
75799,874,2,229.94,At Risk (High Value)
12392,76,2,229.93,Champions
34162,3,1,229.88,Big Spenders
44130,1037,1,229.83,Big Spenders
96624,1352,1,229.82,Big Spenders
73968,885,1,229.71,Big Spenders
71529,526,1,229.56,Average Regulars
14049,208,1,229.5,Champions
12219,35,3,229.5,Champions
1443,95,1,229.5,Big Spenders
97397,378,2,229.5,Average Regulars
33056,1027,1,229.47,Big Spenders
48574,163,1,229.44,Champions
19440,706,2,229.2,At Risk (High Value)
89807,540,1,229.19,Big Spenders
77431,946,3,229.14,At Risk (High Value)
18620,1820,1,229.13,Big Spenders
2984,250,3,229.11,Champions
66275,498,1,229.01,Big Spenders
50998,253,1,229.0,Champions
6220,620,2,229.0,Average Regulars
58915,144,1,229.0,Champions
2314,814,1,229.0,At Risk (High Value)
98515,9,1,229.0,Champions
20551,166,1,228.99,Champions
62308,58,3,228.99,Champions
44429,90,1,228.99,Big Spenders
70439,13,2,228.98,Champions
41911,32,2,228.98,Champions
53492,33,1,228.97,Big Spenders
38442,199,2,228.97,Champions
17787,77,1,228.95,Champions
28801,197,2,228.93,Champions
32457,1177,2,228.9,At Risk (High Value)
79508,375,2,228.89,Average Regulars
27170,93,1,228.89,Champions
62037,14,2,228.88,Champions
15137,1625,2,228.88,At Risk (High Value)
72050,62,2,228.82,Champions
14028,1681,1,228.75,Big Spenders
81415,1383,1,228.72,Big Spenders
92726,193,2,228.61,Champions
63957,364,2,228.56,Average Regulars
66194,218,1,228.56,Big Spenders
55318,541,1,228.5,Big Spenders
49981,537,1,228.49,Big Spenders
61511,219,1,228.48,Big Spenders
23316,13,1,228.39,Champions
63316,1120,1,228.31,Big Spenders
37352,2050,2,228.27,At Risk (High Value)
44013,256,2,228.08,Champions
12024,202,1,228.03,Champions
20908,844,1,228.0,At Risk (High Value)
8752,368,1,228.0,Big Spenders
37004,349,1,228.0,Big Spenders
65425,304,1,228.0,Champions
17275,118,1,228.0,Big Spenders
11019,1417,1,228.0,Big Spenders
78601,294,1,227.99,Champions
68354,964,1,227.99,Big Spenders
41568,92,2,227.99,Champions
35388,66,1,227.98,Champions
75395,880,1,227.95,At Risk (High Value)
77801,142,2,227.95,Champions
12968,386,1,227.91,Big Spenders
69715,77,1,227.9,Big Spenders
29,803,1,227.88,At Risk (High Value)
82150,136,2,227.88,Champions
16188,1210,1,227.83,At Risk (High Value)
95324,918,1,227.74,Big Spenders
83933,778,1,227.65,Big Spenders
37765,2450,1,227.57,Big Spenders
86826,522,1,227.5,Big Spenders
21114,852,2,227.5,At Risk (High Value)
9632,182,1,227.48,Champions
48404,2,2,227.25,Champions
55818,223,1,227.1,Champions
73089,938,2,227.03,At Risk (High Value)
57166,226,2,227.0,Champions
78534,347,1,227.0,Big Spenders
61366,50,1,227.0,Big Spenders
53767,294,2,226.98,Champions
34470,133,2,226.96,Champions
90492,921,2,226.96,At Risk (High Value)
23456,379,1,226.95,Big Spenders
45083,1217,1,226.94,At Risk (High Value)
32101,8,1,226.85,Big Spenders
52556,493,1,226.83,Big Spenders
75232,108,3,226.72,Champions
94441,4,1,226.57,Big Spenders
18352,58,2,226.52,Champions
45043,178,1,226.5,Big Spenders
94952,198,1,226.49,Champions
74507,162,1,226.47,Big Spenders
67086,778,1,226.44,Big Spenders
66127,118,1,226.38,Big Spenders
83052,2623,1,226.23,Big Spenders
81434,668,2,226.23,At Risk (High Value)
36141,762,2,226.09,At Risk (High Value)
48664,74,1,226.06,Champions
89910,148,1,226.05,Big Spenders
12771,1039,1,226.04,At Risk (High Value)
2784,74,1,226.0,Big Spenders
44727,243,1,225.99,Big Spenders
8982,219,2,225.99,Champions
76035,194,3,225.99,Champions
8915,1054,2,225.95,At Risk (High Value)
11914,57,2,225.94,Champions
25813,0,2,225.9,Champions
24066,1004,2,225.87,At Risk (High Value)
30172,498,2,225.75,Average Regulars
14205,123,1,225.71,Champions
85211,19,1,225.63,Champions
98932,234,2,225.62,Champions
59308,599,1,225.54,Average Regulars
30287,73,3,225.49,Champions
19523,673,1,225.46,At Risk (High Value)
34518,496,1,225.45,Big Spenders
43741,754,1,225.41,At Risk (High Value)
69237,668,3,225.25,At Risk (High Value)
88792,1738,1,225.2,Big Spenders
30361,179,2,225.06,Champions
51962,382,1,225.03,Big Spenders
50875,649,1,225.0,Average Regulars
88285,89,1,225.0,Big Spenders
8508,68,1,225.0,Champions
71221,1247,1,225.0,Big Spenders
94732,393,1,225.0,Big Spenders
48417,294,1,225.0,Big Spenders
94460,468,1,225.0,Big Spenders
50625,856,1,225.0,At Risk (High Value)
87047,444,1,225.0,Big Spenders
3722,997,1,225.0,Big Spenders
10798,165,1,225.0,Big Spenders
98240,31,1,225.0,Big Spenders
86956,756,1,225.0,At Risk (High Value)
42187,1197,1,225.0,Big Spenders
37744,998,1,225.0,Big Spenders
13489,393,1,225.0,Big Spenders
1776,91,1,225.0,Champions
44849,1465,1,225.0,Big Spenders
7517,175,1,225.0,Champions
14670,58,1,225.0,Champions
58111,26,1,225.0,Big Spenders
21374,313,1,224.99,Big Spenders
36231,406,2,224.99,Average Regulars
87787,848,2,224.99,At Risk (High Value)
10458,120,1,224.99,Big Spenders
54575,59,2,224.98,Champions
78780,679,1,224.98,Big Spenders
73135,243,2,224.97,Champions
18518,178,1,224.95,Big Spenders
99991,257,1,224.95,Champions
14730,1335,1,224.95,Big Spenders
30331,2589,1,224.9,Big Spenders
85621,1196,3,224.9,At Risk (High Value)
35359,60,3,224.75,Champions
15391,109,1,224.5,Champions
61728,964,1,224.5,Big Spenders
72833,1543,1,224.5,At Risk (High Value)
581,825,2,224.49,At Risk (High Value)
13204,309,1,224.48,Champions
77293,273,2,224.44,Champions
18148,404,1,224.44,Big Spenders
50128,2734,1,224.38,Big Spenders
66684,94,2,224.37,Champions
14024,278,1,224.29,Big Spenders
88998,1522,1,224.26,Big Spenders
96431,159,1,224.13,Big Spenders
6879,720,2,224.05,At Risk (High Value)
18544,161,1,224.0,Big Spenders
12710,1785,1,224.0,Big Spenders
26978,493,1,224.0,Big Spenders
8130,530,1,224.0,Big Spenders
38720,10,1,224.0,Big Spenders
19584,334,1,224.0,Big Spenders
39204,111,1,223.99,Champions
68979,1307,1,223.99,At Risk (High Value)
73778,494,1,223.99,Big Spenders
39679,284,2,223.99,Champions
11743,331,2,223.98,Average Regulars
38413,32,2,223.98,Champions
30452,395,1,223.96,Big Spenders
20206,112,1,223.95,Big Spenders
28844,716,1,223.95,Big Spenders
22431,46,1,223.94,Big Spenders
8592,638,1,223.89,Average Regulars
72802,3,1,223.78,Big Spenders
94913,67,1,223.77,Champions
52030,275,1,223.7,Champions
72228,427,1,223.61,Big Spenders
34067,477,1,223.6,Average Regulars
94062,262,1,223.59,Big Spenders
64834,1060,1,223.5,Big Spenders
58474,826,1,223.5,At Risk (High Value)
60550,272,2,223.49,Champions
85439,1110,2,223.06,At Risk (High Value)
53646,913,2,223.06,At Risk (High Value)
31921,1327,1,223.02,Big Spenders
87198,1485,1,223.0,Big Spenders
13696,229,1,223.0,Big Spenders
28438,440,1,223.0,Big Spenders
44272,253,2,223.0,Champions
6539,205,1,222.99,Champions
92948,748,1,222.99,At Risk (High Value)
67418,452,2,222.98,Average Regulars
15997,404,1,222.95,Big Spenders
29153,152,2,222.95,Champions
68750,916,1,222.95,Big Spenders
35351,121,3,222.89,Champions
18423,68,1,222.85,Big Spenders
61710,218,1,222.76,Champions
61017,524,1,222.75,Average Regulars
42207,868,2,222.6,At Risk (High Value)
2104,119,1,222.53,Champions
69742,459,2,222.49,Average Regulars
88215,78,1,222.48,Big Spenders
34658,1342,1,222.44,At Risk (High Value)
64594,89,2,222.35,Champions
31458,1,1,222.26,Big Spenders
19540,184,2,222.25,Champions
10867,590,1,222.25,Big Spenders
27358,1411,1,222.09,Big Spenders
40853,740,2,222.05,At Risk (High Value)
71249,1705,1,221.98,At Risk (High Value)
9865,41,2,221.98,Champions
34726,1378,1,221.95,Big Spenders
69077,1195,1,221.95,At Risk (High Value)
27611,1116,1,221.95,At Risk (High Value)
90431,47,2,221.94,Champions
55875,35,1,221.93,Big Spenders
86703,2635,1,221.86,At Risk (High Value)
78068,42,2,221.67,Champions
10602,2761,1,221.57,Big Spenders
23904,546,1,221.49,Big Spenders
10112,91,2,221.49,Champions
93200,235,2,221.48,Champions
24746,71,1,221.45,Big Spenders
92333,634,2,221.24,Average Regulars
36272,1326,2,221.13,At Risk (High Value)
83767,296,1,221.05,Champions
39213,207,2,221.0,Champions
85266,393,1,221.0,Big Spenders
39422,724,1,221.0,At Risk (High Value)
33009,1046,1,221.0,Big Spenders
98082,39,1,221.0,Big Spenders
71427,923,2,220.99,At Risk (High Value)
12086,983,1,220.98,Big Spenders
10437,57,1,220.98,Big Spenders
71069,682,3,220.92,At Risk (High Value)
6465,924,2,220.69,At Risk (High Value)
96940,717,1,220.5,At Risk (High Value)
38279,34,2,220.49,Champions
37201,1105,1,220.49,Big Spenders
64651,40,2,220.49,Champions
73289,323,1,220.44,Big Spenders
93580,101,1,220.4,Big Spenders
21513,41,1,220.27,Big Spenders
37309,1010,1,220.14,Big Spenders
36078,44,2,220.13,Champions
34268,1648,1,220.0,At Risk (High Value)
64223,80,1,220.0,Champions
28028,986,1,220.0,Big Spenders
13661,5,1,220.0,Big Spenders
62976,401,1,220.0,Big Spenders
40958,429,1,220.0,Big Spenders
93127,1337,1,220.0,At Risk (High Value)
39951,2061,1,220.0,Big Spenders
92207,1356,1,220.0,At Risk (High Value)
46170,247,1,220.0,Champions
86063,41,1,219.99,Big Spenders
63848,994,1,219.99,Big Spenders
81092,1390,1,219.99,Big Spenders
69262,222,1,219.98,Big Spenders
1753,1096,1,219.98,Big Spenders
78198,166,1,219.95,Big Spenders
34654,38,1,219.94,Big Spenders
1534,819,2,219.94,At Risk (High Value)
42781,464,2,219.94,Average Regulars
19405,701,2,219.89,At Risk (High Value)
12650,1018,1,219.86,Big Spenders
48995,28,3,219.68,Champions
33185,422,1,219.6,Big Spenders
52646,652,1,219.57,Big Spenders
14148,68,1,219.57,Champions
85408,462,3,219.55,Average Regulars
88468,614,1,219.5,Big Spenders
34770,662,1,219.5,Big Spenders
87581,360,2,219.5,Average Regulars
19886,1041,1,219.5,At Risk (High Value)
54953,523,1,219.5,Big Spenders
19038,904,2,219.49,At Risk (High Value)
72690,1117,1,219.48,Big Spenders
6088,678,1,219.48,At Risk (High Value)
58102,344,1,219.46,Big Spenders
98921,1357,1,219.35,At Risk (High Value)
17513,1556,1,219.35,Big Spenders
87515,414,1,219.16,Big Spenders
95559,1810,1,219.11,Big Spenders
35534,947,2,219.02,At Risk (High Value)
74680,1532,1,219.02,Big Spenders
13523,2188,1,219.0,Big Spenders
32895,171,1,219.0,Big Spenders
68573,656,1,219.0,Big Spenders
72908,20,1,219.0,Big Spenders
58050,940,1,219.0,Big Spenders
99870,196,1,219.0,Big Spenders
42761,578,1,219.0,Big Spenders
59592,409,1,219.0,Big Spenders
65795,217,2,219.0,Champions
4614,399,2,218.99,Average Regulars
19671,481,1,218.99,Big Spenders
97128,367,2,218.99,Average Regulars
4325,308,1,218.98,Big Spenders
41209,200,2,218.97,Champions
8969,4,1,218.95,Champions
34545,754,1,218.9,Big Spenders
49504,2084,2,218.9,At Risk (High Value)
5895,1702,1,218.89,Big Spenders
5213,477,1,218.82,Big Spenders
7938,2089,1,218.82,Big Spenders
25008,0,2,218.78,Champions
26815,32,2,218.69,Champions
23779,1493,1,218.65,At Risk (High Value)
77534,176,1,218.65,Big Spenders
47010,137,1,218.62,Champions
52049,81,1,218.59,Big Spenders
56453,696,1,218.58,At Risk (High Value)
73396,981,1,218.5,Big Spenders
52466,4,1,218.5,Big Spenders
8426,150,1,218.46,Champions
6797,241,1,218.45,Champions
57572,1125,1,218.41,At Risk (High Value)
49526,575,1,218.0,Average Regulars
97455,1619,1,218.0,Big Spenders
92477,1328,1,218.0,At Risk (High Value)
73635,888,1,217.99,Big Spenders
79475,26,2,217.99,Champions
89673,407,1,217.98,Big Spenders
2080,14,1,217.98,Big Spenders
15128,1652,1,217.98,At Risk (High Value)
95208,662,2,217.97,At Risk (High Value)
51413,675,1,217.96,Big Spenders
36727,16,2,217.95,Champions
98422,400,1,217.95,Big Spenders
86278,282,2,217.95,Champions
51424,2499,1,217.95,At Risk (High Value)
59497,183,1,217.95,Big Spenders
66167,293,1,217.94,Champions
62178,59,2,217.9,Champions
6707,1068,1,217.74,At Risk (High Value)
90948,145,1,217.74,Big Spenders
72712,907,1,217.66,Big Spenders
54826,736,2,217.6,At Risk (High Value)
31444,492,1,217.49,Average Regulars
58709,118,1,217.49,Big Spenders
86049,610,1,217.48,Big Spenders
85426,114,1,217.45,Big Spenders
91406,2353,1,217.29,At Risk (High Value)
16082,98,2,217.28,Champions
6925,1868,1,217.27,At Risk (High Value)
32548,32,1,217.06,Big Spenders
97113,171,1,217.0,Champions
28090,157,1,217.0,Big Spenders
69145,712,2,217.0,At Risk (High Value)
31309,1309,2,216.99,At Risk (High Value)
45027,795,2,216.99,At Risk (High Value)
18193,155,1,216.97,Champions
37028,1328,1,216.97,At Risk (High Value)
18403,158,1,216.97,Big Spenders
4672,1825,1,216.95,At Risk (High Value)
94330,0,1,216.94,Big Spenders
78597,232,2,216.91,Champions
73783,228,1,216.9,Big Spenders
50942,34,1,216.89,Big Spenders
76772,420,2,216.87,Average Regulars
31402,63,1,216.8,Champions
4363,75,2,216.75,Champions
58140,1748,1,216.72,Big Spenders
6790,1165,2,216.54,At Risk (High Value)
58345,618,1,216.52,Big Spenders
78695,65,2,216.48,Champions
10300,563,1,216.44,Big Spenders
11592,258,1,216.35,Champions
24902,3,2,216.24,Champions
82427,310,2,216.22,Champions
76422,638,1,215.99,Average Regulars
76298,955,2,215.99,At Risk (High Value)
62089,587,2,215.99,Average Regulars
51298,1938,1,215.99,At Risk (High Value)
84611,30,1,215.98,Big Spenders
18276,73,2,215.95,Champions
84356,201,1,215.94,Champions
53801,454,1,215.84,Big Spenders
26111,73,1,215.73,Champions
68953,2149,1,215.73,At Risk (High Value)
79145,179,2,215.7,Champions
6426,80,1,215.63,Big Spenders
19488,263,2,215.63,Champions
59800,260,1,215.6,Champions
51916,322,1,215.6,Champions
54837,104,1,215.48,Champions
12206,58,1,215.45,Champions
14521,729,1,215.44,At Risk (High Value)
59195,1053,2,215.34,At Risk (High Value)
16346,100,3,215.31,Champions
84450,8,1,215.06,Champions
56199,1837,1,215.0,Big Spenders
11277,887,1,215.0,Big Spenders
14349,1910,1,215.0,Big Spenders
55291,531,1,215.0,Big Spenders
50853,629,1,215.0,Big Spenders
75546,829,1,215.0,At Risk (High Value)
35142,177,1,215.0,Champions
23959,1604,1,215.0,Big Spenders
47097,797,1,215.0,At Risk (High Value)
33039,373,1,215.0,Big Spenders
86411,504,1,214.99,Big Spenders
82269,235,2,214.99,Champions
96658,2099,1,214.98,At Risk (High Value)
94342,9,2,214.96,Champions
55269,432,1,214.95,Big Spenders
90122,390,1,214.95,Big Spenders
39654,1271,1,214.95,Big Spenders
51256,243,2,214.95,Champions
64388,1092,2,214.94,At Risk (High Value)
81796,732,1,214.9,At Risk (High Value)
51797,896,1,214.85,Big Spenders
14943,1677,1,214.79,Big Spenders
11826,412,2,214.73,Average Regulars
21322,558,1,214.69,Big Spenders
10639,0,2,214.59,Champions
52368,178,1,214.56,Champions
6385,711,2,214.49,At Risk (High Value)
9326,1616,1,214.48,At Risk (High Value)
52335,648,1,214.46,Average Regulars
74258,2014,1,214.45,Big Spenders
63794,1741,1,214.4,Big Spenders
89933,70,1,214.31,Big Spenders
33636,1017,1,214.23,Big Spenders
21275,213,1,214.19,Big Spenders
39056,937,2,214.17,At Risk (High Value)
88455,377,3,214.09,Average Regulars
11135,134,3,214.08,Champions
77817,1366,1,214.0,Big Spenders
78161,50,1,214.0,Big Spenders
95935,911,1,214.0,Big Spenders
71094,179,1,214.0,Champions
15154,2200,1,214.0,At Risk (High Value)
44514,38,1,214.0,Big Spenders
51643,1171,1,213.99,Big Spenders
10999,941,1,213.98,Big Spenders
12723,358,1,213.98,Big Spenders
77485,768,1,213.98,Big Spenders
2958,832,1,213.97,Big Spenders
90166,880,2,213.97,At Risk (High Value)
23670,631,1,213.95,Big Spenders
23180,1029,1,213.95,Big Spenders
25100,642,1,213.95,Average Regulars
80059,1935,1,213.95,Big Spenders
77950,1257,1,213.95,At Risk (High Value)
91235,151,3,213.93,Champions
21893,2253,1,213.85,At Risk (High Value)
90811,137,1,213.71,Champions
64731,346,1,213.71,Big Spenders
88201,213,1,213.52,Big Spenders
11264,264,2,213.5,Champions
19633,2109,1,213.49,At Risk (High Value)
94190,428,2,213.48,Average Regulars
60055,60,1,213.44,Big Spenders
15588,359,2,213.44,Average Regulars
39118,1031,1,213.44,Big Spenders
1467,89,2,213.43,Champions
34909,1497,1,213.24,Big Spenders
72722,270,1,213.16,Big Spenders
16020,247,2,213.11,Champions
88545,1032,1,213.0,At Risk (High Value)
62569,823,1,213.0,At Risk (High Value)
93207,740,1,213.0,At Risk (High Value)
18024,74,1,213.0,Big Spenders
51530,3,1,213.0,Big Spenders
20625,4,2,212.99,Champions
5149,2177,1,212.99,Big Spenders
55914,426,1,212.99,Big Spenders
84644,155,1,212.99,Big Spenders
93188,695,1,212.98,Big Spenders
45016,90,3,212.98,Champions
87623,9,2,212.98,Champions
66022,92,2,212.95,Champions
80739,779,1,212.95,Big Spenders
10509,191,1,212.92,Champions
23179,110,2,212.89,Champions
40749,112,3,212.57,Champions
39070,98,1,212.49,Champions
72650,144,2,212.44,Champions
61649,500,1,212.38,Big Spenders
97494,338,1,212.28,Big Spenders
93281,51,3,212.11,Champions
61439,149,1,212.1,Big Spenders
41215,300,2,212.0,Champions
98859,1312,2,212.0,At Risk (High Value)
8648,65,2,212.0,Champions
32653,1765,1,212.0,Big Spenders
85940,521,1,212.0,Big Spenders
55476,74,1,211.99,Big Spenders
53008,34,1,211.99,Big Spenders
21342,99,3,211.98,Champions
14529,199,2,211.95,Champions
42985,171,1,211.95,Champions
62821,983,1,211.89,Big Spenders
76369,2394,1,211.86,Big Spenders
46138,394,1,211.78,Big Spenders
48554,65,1,211.76,Big Spenders
62826,329,1,211.75,Big Spenders
78210,462,1,211.61,Big Spenders
92402,1626,1,211.5,Big Spenders
81383,226,1,211.4,Champions
1771,86,1,211.2,Champions
97985,161,1,211.11,Champions
61851,1293,2,211.1,At Risk (High Value)
23431,758,1,211.0,Big Spenders
1342,357,1,211.0,Big Spenders
29947,742,1,211.0,Big Spenders
62168,528,1,211.0,Big Spenders
80123,50,2,210.99,Champions
29084,118,1,210.99,Champions
11692,1552,1,210.99,Big Spenders
45741,53,1,210.99,Big Spenders
65373,1394,1,210.93,Big Spenders
70990,885,1,210.77,Big Spenders
98977,222,2,210.74,Champions
59327,2060,2,210.63,At Risk (High Value)
44822,973,1,210.6,Big Spenders
26338,87,1,210.5,Champions
18875,1496,1,210.5,Big Spenders
18586,823,1,210.49,At Risk (High Value)
63272,395,1,210.48,Big Spenders
49035,338,2,210.44,Average Regulars
62022,68,1,210.42,Big Spenders
93751,3,1,210.4,Big Spenders
23542,3,2,210.37,Champions
46314,888,2,210.29,At Risk (High Value)
53305,846,1,210.15,Big Spenders
18556,1689,1,210.04,Big Spenders
41653,349,1,210.03,Big Spenders
78051,35,2,210.0,Champions
25914,1055,1,210.0,Big Spenders
84402,835,1,209.99,Big Spenders
32802,145,1,209.99,Champions
42526,375,1,209.99,Big Spenders
74299,16,1,209.99,Champions
65708,6,1,209.99,Big Spenders
46014,1284,1,209.99,At Risk (High Value)
57469,767,1,209.99,At Risk (High Value)
88766,2199,1,209.99,Big Spenders
28244,360,1,209.98,Big Spenders
59162,1135,1,209.98,Big Spenders
59024,1219,1,209.98,Big Spenders
16260,466,1,209.97,Big Spenders
20622,1682,1,209.97,At Risk (High Value)
64167,5,1,209.97,Champions
12085,1085,1,209.97,Big Spenders
86635,306,1,209.95,Champions
12327,51,1,209.95,Big Spenders
92377,1176,1,209.95,Big Spenders
56302,441,1,209.94,Big Spenders
40227,165,2,209.94,Champions
42567,88,1,209.94,Big Spenders
74389,573,1,209.94,Average Regulars
35441,340,1,209.94,Average Regulars
9145,455,1,209.89,Big Spenders
30501,927,1,209.78,Big Spenders
53171,2,1,209.73,Big Spenders
20687,159,1,209.59,Big Spenders
67277,599,1,209.49,Big Spenders
29352,664,2,209.49,At Risk (High Value)
69691,20,2,209.35,Champions
92524,456,1,209.28,Big Spenders
65906,1271,2,209.25,At Risk (High Value)
99187,828,1,209.21,Big Spenders
46444,1022,2,209.21,At Risk (High Value)
7246,44,2,209.21,Champions
97438,975,1,209.0,Big Spenders
53011,205,2,209.0,Champions
87820,196,1,209.0,Big Spenders
30058,737,1,209.0,At Risk (High Value)
54721,497,1,209.0,Big Spenders
95723,102,1,209.0,Champions
36784,4,1,209.0,Big Spenders
24556,443,1,209.0,Big Spenders
50363,80,1,208.99,Big Spenders
29311,145,1,208.99,Big Spenders
54581,615,1,208.99,Average Regulars
96016,320,1,208.99,Champions
66124,252,1,208.99,Champions
86249,27,1,208.98,Big Spenders
95806,339,2,208.98,Average Regulars
70468,321,1,208.97,Champions
69803,2,1,208.95,Champions
40080,1231,2,208.95,At Risk (High Value)
42372,343,1,208.94,Big Spenders
3524,36,2,208.91,Champions
48914,846,2,208.9,At Risk (High Value)
54560,634,1,208.89,Big Spenders
58856,327,1,208.84,Big Spenders
70772,1853,1,208.82,Big Spenders
348,980,1,208.79,Big Spenders
54698,78,1,208.63,Big Spenders
70261,215,1,208.63,Champions
75784,2481,1,208.6,At Risk (High Value)
50656,2292,1,208.6,Big Spenders
98938,312,1,208.6,Champions
82591,1163,3,208.51,At Risk (High Value)
81392,1860,2,208.5,At Risk (High Value)
8917,5,1,208.47,Big Spenders
33255,1214,1,208.45,Big Spenders
62325,1218,1,208.4,Big Spenders
50178,126,1,208.33,Champions
37892,341,1,208.3,Big Spenders
1780,127,2,208.27,Champions
79099,267,1,208.27,Champions
81033,266,1,208.2,Champions
21161,54,1,208.19,Big Spenders
93406,56,2,208.19,Champions
41864,5,1,208.08,Big Spenders
52624,728,2,208.0,At Risk (High Value)
70425,455,1,208.0,Big Spenders
88448,1255,2,208.0,At Risk (High Value)
28892,1273,1,208.0,Big Spenders
70842,226,1,208.0,Big Spenders
63784,1244,1,208.0,At Risk (High Value)
91725,319,1,208.0,Champions
44028,233,1,208.0,Champions
19375,23,2,208.0,Champions
33654,943,1,208.0,Big Spenders
19119,685,1,207.99,Big Spenders
13560,53,1,207.99,Big Spenders
63759,597,1,207.99,Big Spenders
85843,91,1,207.98,Big Spenders
44011,5,2,207.97,Champions
4154,57,1,207.95,Champions
95381,98,2,207.95,Champions
8807,2252,1,207.94,Big Spenders
21702,405,1,207.94,Big Spenders
90971,780,2,207.94,At Risk (High Value)
28789,158,1,207.93,Champions
81776,564,1,207.92,Big Spenders
60638,1345,1,207.89,At Risk (High Value)
79042,274,1,207.85,Big Spenders
86440,406,1,207.8,Big Spenders
9300,143,1,207.75,Big Spenders
86673,969,1,207.68,Big Spenders
89590,995,1,207.52,Big Spenders
73201,402,1,207.49,Big Spenders
44201,15,2,207.44,Champions
54486,1455,1,207.43,Big Spenders
1754,1023,2,207.3,At Risk (High Value)
69452,483,2,207.14,Average Regulars
12279,1589,1,207.09,Big Spenders
99652,317,1,207.0,Big Spenders
81413,997,1,206.99,Big Spenders
26117,993,2,206.98,At Risk (High Value)
75772,1649,2,206.98,At Risk (High Value)
11571,1,2,206.96,Champions
16495,517,1,206.96,Big Spenders
70060,1182,1,206.96,At Risk (High Value)
54727,1380,2,206.94,At Risk (High Value)
45584,73,2,206.85,Champions
80128,216,2,206.63,Champions
56276,1342,1,206.59,At Risk (High Value)
22806,471,1,206.56,Big Spenders
98683,214,2,206.53,Champions
91465,1325,1,206.5,Big Spenders
41806,100,1,206.49,Big Spenders
14246,305,1,206.49,Big Spenders
14416,102,1,206.38,Champions
81596,997,2,206.35,At Risk (High Value)
64727,276,1,206.27,Big Spenders
66240,88,1,206.21,Big Spenders
98221,833,1,206.04,Big Spenders
50569,61,1,206.0,Big Spenders
4958,328,1,206.0,Big Spenders
83278,1342,1,206.0,Big Spenders
65984,650,3,206.0,Average Regulars
19683,45,1,205.99,Big Spenders
63966,4,2,205.99,Champions
41520,188,2,205.99,Champions
12466,294,1,205.98,Champions
94772,790,2,205.98,At Risk (High Value)
162,793,1,205.96,At Risk (High Value)
11049,1146,3,205.93,At Risk (High Value)
13791,608,1,205.93,Average Regulars
55693,84,1,205.9,Champions
25623,54,1,205.8,Champions
6105,93,1,205.8,Big Spenders
3188,34,1,205.79,Big Spenders
40951,1684,1,205.75,Big Spenders
46361,79,1,205.73,Champions
97180,417,2,205.72,Average Regulars
39568,1472,1,205.7,Big Spenders
96751,634,3,205.5,Average Regulars
32290,1648,1,205.5,At Risk (High Value)
43146,833,1,205.49,Big Spenders
14235,368,1,205.48,Big Spenders
3766,1538,1,205.48,Big Spenders
49543,46,1,205.2,Big Spenders
86242,888,1,205.19,Big Spenders
8549,6,1,205.17,Champions
72242,1329,2,205.11,At Risk (High Value)
61610,1291,2,205.1,At Risk (High Value)
99258,404,1,205.08,Big Spenders
62183,299,1,205.05,Champions
75985,446,1,205.05,Big Spenders
19949,694,1,205.0,Big Spenders
11146,964,1,205.0,Big Spenders
50517,663,1,205.0,Big Spenders
66912,72,1,205.0,Big Spenders
52513,1351,1,205.0,At Risk (High Value)
29028,2685,1,205.0,At Risk (High Value)
31707,762,1,205.0,Big Spenders
3401,753,2,205.0,At Risk (High Value)
89553,484,1,204.97,Big Spenders
19262,564,1,204.95,Big Spenders
29595,249,1,204.95,Big Spenders
94663,1555,1,204.94,Big Spenders
47933,164,1,204.94,Big Spenders
91312,1265,1,204.91,At Risk (High Value)
41555,340,2,204.9,Average Regulars
43661,1654,1,204.83,Big Spenders
55886,639,2,204.77,Average Regulars
98618,1974,1,204.64,Big Spenders
90972,1,1,204.5,Champions
98834,405,2,204.49,Average Regulars
76187,2595,1,204.49,Big Spenders
74098,1267,2,204.49,At Risk (High Value)
884,245,2,204.48,Champions
39638,520,1,204.45,Big Spenders
52114,739,2,204.44,At Risk (High Value)
15936,15,2,204.3,Champions
4900,113,2,204.07,Champions
71666,26,1,204.0,Big Spenders
53900,115,1,204.0,Big Spenders
81373,1555,1,203.99,Big Spenders
37414,428,1,203.99,Big Spenders
16702,2161,2,203.99,At Risk (High Value)
48984,246,1,203.99,Big Spenders
43677,527,1,203.98,Average Regulars
73736,816,1,203.97,Big Spenders
24110,18,2,203.97,Champions
58606,200,1,203.95,Champions
3040,573,1,203.95,Big Spenders
6574,349,3,203.93,Average Regulars
22882,965,1,203.93,Big Spenders
34363,1356,1,203.93,Big Spenders
79285,987,1,203.9,Big Spenders
68516,1304,1,203.86,At Risk (High Value)
95033,445,2,203.83,Average Regulars
92642,929,1,203.83,Big Spenders
30409,1017,1,203.78,Big Spenders
17129,361,1,203.78,Big Spenders
23766,377,1,203.77,Big Spenders
26329,214,1,203.74,Big Spenders
71457,1670,1,203.73,At Risk (High Value)
2434,594,2,203.72,Average Regulars
74613,9,1,203.71,Big Spenders
66278,962,1,203.67,Big Spenders
7914,8,2,203.49,Champions
30050,64,2,203.49,Champions
75717,439,1,203.43,Big Spenders
39599,1056,1,203.33,Big Spenders
78660,326,1,203.29,Big Spenders
24169,1126,1,203.27,At Risk (High Value)
18387,220,1,203.23,Big Spenders
90005,95,1,203.2,Big Spenders
24276,595,1,203.01,Average Regulars
73160,542,2,203.0,Average Regulars
51728,234,1,203.0,Champions
48763,1297,1,202.99,Big Spenders
34272,5,1,202.99,Champions
2853,201,1,202.98,Champions
72491,294,1,202.9,Champions
16034,1068,1,202.9,Big Spenders
30440,1343,1,202.75,Big Spenders
42364,997,2,202.69,At Risk (High Value)
82295,179,1,202.6,Big Spenders
36613,902,1,202.59,Big Spenders
51772,593,1,202.59,Big Spenders
22054,1060,1,202.5,Big Spenders
16056,582,2,202.48,Average Regulars
92648,61,1,202.45,Champions
36703,2666,1,202.4,At Risk (High Value)
99744,9,2,202.39,Champions
58986,1605,2,202.34,At Risk (High Value)
3367,170,1,202.21,Champions
66756,398,2,202.02,Average Regulars
93055,267,2,202.0,Champions
46656,48,1,201.99,Big Spenders
58599,948,1,201.99,Big Spenders
21257,15,1,201.98,Champions
74108,163,1,201.94,Big Spenders
62437,135,1,201.94,Big Spenders
24552,283,1,201.94,Champions
27421,2166,1,201.94,Big Spenders
30865,371,2,201.93,Average Regulars
10596,9,2,201.92,Champions
62979,210,1,201.92,Champions
87703,875,2,201.9,At Risk (High Value)
84677,616,2,201.86,Average Regulars
65198,1304,1,201.85,Big Spenders
3109,1515,1,201.79,Big Spenders
49054,1108,1,201.72,Big Spenders
88668,86,1,201.6,Champions
30653,509,1,201.48,Big Spenders
87687,312,1,201.47,Champions
2459,743,1,201.45,At Risk (High Value)
74165,526,1,201.42,Big Spenders
42092,50,1,201.35,Big Spenders
9697,2,1,201.33,Champions
81398,100,1,201.28,Champions
29099,773,1,201.27,Big Spenders
88097,1276,1,201.24,Big Spenders
66494,39,1,201.18,Big Spenders
64155,22,2,201.1,Champions
23231,327,2,201.08,Average Regulars
37375,203,3,201.06,Champions
88534,1355,1,201.05,At Risk (High Value)
96435,280,2,201.0,Champions
22584,382,2,200.99,Average Regulars
89648,354,3,200.97,Average Regulars
35390,550,1,200.96,Big Spenders
35047,175,2,200.95,Champions
96108,1163,1,200.94,At Risk (High Value)
16252,298,4,200.92,Champions
37182,62,1,200.91,Big Spenders
34742,818,2,200.9,At Risk (High Value)
61707,38,2,200.89,Champions
33246,971,1,200.87,Big Spenders
47950,150,2,200.74,Champions
45996,967,1,200.55,Big Spenders
9536,2531,1,200.44,Big Spenders
90834,248,1,200.4,Champions
27488,40,1,200.35,Big Spenders
27237,2,1,200.25,Big Spenders
2337,2264,1,200.17,Big Spenders
85339,419,2,200.08,Average Regulars
74387,143,2,200.0,Champions
30467,273,1,200.0,Big Spenders
80830,534,1,200.0,Big Spenders
83976,228,1,200.0,Champions
37905,43,1,200.0,Big Spenders
72251,379,1,200.0,Big Spenders
76748,1878,1,200.0,Big Spenders
38560,21,2,200.0,Champions
59367,1622,1,200.0,At Risk (High Value)
75655,408,1,200.0,Big Spenders
72803,184,1,200.0,Champions
95589,4,1,200.0,Champions
33277,92,1,200.0,Big Spenders
40115,1902,1,200.0,At Risk (High Value)
18757,36,1,200.0,Big Spenders
5043,716,1,199.99,Big Spenders
8207,992,1,199.99,Big Spenders
40380,933,1,199.99,Big Spenders
10969,366,1,199.99,Big Spenders
98774,2390,1,199.99,Big Spenders
1393,168,1,199.99,Champions
88986,358,1,199.99,Big Spenders
37193,479,1,199.99,Big Spenders
33874,238,1,199.99,Big Spenders
61984,1503,1,199.99,Big Spenders
10408,2730,1,199.99,Big Spenders
1629,2104,1,199.99,At Risk (High Value)
32540,53,1,199.99,Big Spenders
17468,1337,1,199.99,Big Spenders
47288,1787,1,199.99,Big Spenders
10755,184,1,199.99,Big Spenders
76849,1369,1,199.99,Big Spenders
98806,738,1,199.99,At Risk (High Value)
3548,1825,1,199.98,At Risk (High Value)
38966,1793,1,199.98,Big Spenders
5493,980,1,199.98,Big Spenders
24143,0,1,199.98,Big Spenders
16549,672,1,199.98,Big Spenders
47281,1524,1,199.98,Big Spenders
35639,866,1,199.95,Big Spenders
19172,91,1,199.95,Champions
14572,75,1,199.95,Big Spenders
45821,822,1,199.95,Big Spenders
80967,1206,1,199.95,At Risk (High Value)
45224,239,1,199.94,Big Spenders
79888,74,1,199.94,Champions
61313,32,1,199.94,Big Spenders
17881,1749,1,199.83,Big Spenders
65578,1601,1,199.59,At Risk (High Value)
44496,322,2,199.56,Champions
96831,59,1,199.5,Big Spenders
46288,820,1,199.5,At Risk (High Value)
25883,366,2,199.5,Average Regulars
27315,6,1,199.5,Big Spenders
73042,287,1,199.5,Champions
57596,511,1,199.5,Average Regulars
17682,118,2,199.49,Champions
51952,42,2,199.49,Champions
77457,407,2,199.47,Average Regulars
99339,356,1,199.46,Big Spenders
5794,51,3,199.44,Champions
71083,120,1,199.38,Champions
59542,31,1,199.37,Big Spenders
63490,560,1,199.19,Big Spenders
92016,62,1,199.0,Big Spenders
60888,520,1,199.0,Big Spenders
30808,724,1,199.0,Big Spenders
78084,1022,1,199.0,Big Spenders
23378,2343,1,199.0,At Risk (High Value)
65095,346,1,199.0,Big Spenders
23200,146,1,199.0,Champions
40730,1114,1,199.0,At Risk (High Value)
78010,328,1,199.0,Big Spenders
21753,1487,1,199.0,At Risk (High Value)
43180,60,1,199.0,Champions
80826,546,1,199.0,Big Spenders
6734,2007,1,199.0,At Risk (High Value)
52826,333,1,199.0,Big Spenders
59773,2124,1,199.0,Big Spenders
10507,433,1,199.0,Big Spenders
8931,892,1,199.0,Big Spenders
25646,123,1,199.0,Big Spenders
76524,25,1,199.0,Big Spenders
21271,401,1,198.99,Big Spenders
98824,21,1,198.99,Champions
92826,423,2,198.99,Average Regulars
2548,1237,1,198.98,Big Spenders
77889,1349,1,198.98,Big Spenders
63523,2167,1,198.98,At Risk (High Value)
86998,176,1,198.98,Big Spenders
20170,192,2,198.97,Champions
39388,258,1,198.95,Champions
56483,1314,1,198.94,At Risk (High Value)
93745,418,1,198.93,Big Spenders
15109,26,1,198.91,Champions
25820,281,2,198.83,Champions
83795,237,1,198.77,Big Spenders
47210,2,1,198.75,Champions
53463,1050,1,198.72,Big Spenders
15977,272,2,198.69,Champions
24270,228,2,198.65,Champions
59663,1421,1,198.59,Big Spenders
10434,1196,1,198.55,At Risk (High Value)
76736,418,2,198.47,Average Regulars
60953,456,2,198.42,Average Regulars
70521,550,1,198.42,Big Spenders
41960,1031,2,198.37,At Risk (High Value)
47836,540,2,198.31,Average Regulars
51909,100,2,198.3,Champions
78581,549,1,198.24,Big Spenders
73363,1260,1,198.16,At Risk (High Value)
92659,200,1,198.0,Big Spenders
92594,210,1,198.0,Big Spenders
85599,22,1,198.0,Big Spenders
32684,1254,1,198.0,At Risk (High Value)
70231,921,1,198.0,Big Spenders
38769,1526,1,198.0,Big Spenders
2785,1502,1,198.0,Big Spenders
97915,65,1,198.0,Big Spenders
38379,268,1,198.0,Big Spenders
74150,259,1,198.0,Champions
73688,71,1,198.0,Big Spenders
87099,332,1,198.0,Big Spenders
4658,918,1,198.0,Big Spenders
11344,169,1,198.0,Champions
2526,1254,1,198.0,Big Spenders
5432,1005,1,198.0,Big Spenders
6608,2006,1,198.0,Big Spenders
76540,284,3,198.0,Champions
94894,4,1,198.0,Big Spenders
15547,265,1,198.0,Big Spenders
91606,1062,1,198.0,At Risk (High Value)
20765,1091,1,198.0,Big Spenders
32421,196,1,198.0,Big Spenders
29959,2170,1,198.0,Big Spenders
34064,12,1,198.0,Big Spenders
23396,78,1,198.0,Champions
73305,20,1,198.0,Big Spenders
82724,2158,1,198.0,Big Spenders
69294,1372,1,198.0,Big Spenders
55113,487,1,198.0,Big Spenders
31594,90,1,198.0,Big Spenders
61129,304,1,198.0,Champions
55345,994,1,198.0,Big Spenders
89434,1373,1,198.0,Big Spenders
40682,871,1,198.0,At Risk (High Value)
18055,8,2,198.0,Champions
72234,2065,1,198.0,Big Spenders
22898,387,1,198.0,Big Spenders
37734,204,1,198.0,Big Spenders
14822,650,1,198.0,Big Spenders
25384,12,1,198.0,Big Spenders
82421,759,1,198.0,At Risk (High Value)
48234,314,1,198.0,Champions
72814,77,1,198.0,Champions
14225,688,1,198.0,At Risk (High Value)
80274,688,1,198.0,Big Spenders
63876,533,1,198.0,Big Spenders
47972,2043,1,198.0,Big Spenders
19705,270,2,197.99,Champions
12112,1287,1,197.99,Big Spenders
34812,147,1,197.99,Champions
61273,549,2,197.96,Average Regulars
25822,672,1,197.94,At Risk (High Value)
3224,784,1,197.92,At Risk (High Value)
89815,11,1,197.92,Big Spenders
13607,296,1,197.91,Big Spenders
87981,82,3,197.89,Champions
4748,2084,1,197.79,Big Spenders
36228,28,2,197.76,Champions
51422,129,1,197.65,Big Spenders
73891,2042,1,197.65,Big Spenders
48450,444,1,197.55,Big Spenders
69471,860,1,197.5,Big Spenders
62129,1562,1,197.5,Big Spenders
37339,1042,1,197.5,Big Spenders
79541,707,2,197.5,At Risk (High Value)
66450,496,1,197.49,Average Regulars
31099,270,1,197.48,Big Spenders
25358,1749,1,197.45,Big Spenders
95856,614,1,197.37,Average Regulars
27536,118,1,197.37,Big Spenders
93968,240,2,197.25,Champions
19660,89,1,197.16,Big Spenders
30352,724,1,197.04,Big Spenders
25511,201,1,197.02,Champions
80865,518,1,197.0,Average Regulars
96344,35,3,197.0,Champions
96520,262,1,196.99,Big Spenders
16866,1060,1,196.99,Big Spenders
3340,659,1,196.99,Big Spenders
54969,308,2,196.99,Champions
3739,16,2,196.97,Champions
40513,130,1,196.94,Big Spenders
50276,669,2,196.93,At Risk (High Value)
65765,550,1,196.92,Big Spenders
10056,1011,1,196.89,Big Spenders
29351,819,1,196.89,At Risk (High Value)
84488,1255,1,196.74,Big Spenders
30600,715,1,196.72,At Risk (High Value)
49164,270,1,196.61,Champions
89591,371,1,196.56,Big Spenders
47546,145,2,196.5,Champions
70894,6,1,196.5,Big Spenders
55601,522,1,196.43,Big Spenders
43837,61,1,196.43,Champions
70986,1390,1,196.43,Big Spenders
18026,350,1,196.43,Big Spenders
47956,13,1,196.43,Big Spenders
5877,2116,1,196.43,Big Spenders
30988,1309,1,196.41,Big Spenders
43159,724,1,196.25,Big Spenders
11831,20,2,196.23,Champions
6641,698,1,196.18,Big Spenders
95446,74,1,196.18,Big Spenders
8052,282,1,196.13,Champions
60041,1963,1,196.09,Big Spenders
39538,1311,2,196.06,At Risk (High Value)
81757,56,1,196.0,Big Spenders
86663,1559,1,196.0,At Risk (High Value)
57398,1154,1,196.0,At Risk (High Value)
36396,178,1,196.0,Big Spenders
57122,481,1,196.0,Big Spenders
83059,263,1,196.0,Champions
80118,50,1,195.99,Big Spenders
47992,826,2,195.95,At Risk (High Value)
36518,418,2,195.94,Average Regulars
45845,54,1,195.77,Big Spenders
46919,439,1,195.74,Big Spenders
73963,186,1,195.72,Champions
56182,99,1,195.7,Champions
76225,145,1,195.61,Big Spenders
61020,129,2,195.5,Champions
21632,1906,1,195.48,Big Spenders
11693,94,2,195.47,Champions
61895,508,2,195.47,Average Regulars
71068,1315,3,195.38,At Risk (High Value)
75211,239,1,195.37,Big Spenders
81518,141,1,195.3,Champions
98754,1087,1,195.12,Big Spenders
98528,46,1,195.04,Big Spenders
59042,396,1,195.0,Big Spenders
90725,1235,1,195.0,At Risk (High Value)
14383,1441,1,195.0,Big Spenders
72346,437,1,195.0,Big Spenders
9430,493,1,195.0,Big Spenders
98399,12,1,195.0,Big Spenders
54059,894,1,195.0,Big Spenders
17291,613,1,195.0,Big Spenders
23290,1666,1,195.0,At Risk (High Value)
98012,843,1,195.0,Big Spenders
7890,933,1,195.0,Big Spenders
89934,388,1,195.0,Big Spenders
98863,114,1,195.0,Big Spenders
68051,1659,1,195.0,Big Spenders
98417,2259,1,195.0,Big Spenders
27299,555,1,194.99,Big Spenders
66070,1976,1,194.99,Big Spenders
86960,228,2,194.99,Champions
97508,50,1,194.99,Big Spenders
27607,523,2,194.99,Average Regulars
11682,13,1,194.99,Champions
57359,1043,1,194.99,Big Spenders
75126,248,1,194.98,Champions
18738,266,1,194.98,Champions
94094,30,2,194.98,Champions
2944,11,2,194.97,Champions
52063,121,3,194.97,Champions
34036,523,1,194.95,Big Spenders
32228,1196,1,194.95,Big Spenders
29631,6,2,194.95,Champions
10389,569,1,194.95,Big Spenders
98737,48,1,194.94,Big Spenders
58100,1385,2,194.94,At Risk (High Value)
96223,1005,1,194.93,Big Spenders
90329,511,1,194.9,Big Spenders
18873,142,2,194.9,Champions
22942,1074,1,194.89,Big Spenders
35849,150,2,194.87,Champions
33094,902,1,194.8,Big Spenders
66825,80,2,194.78,Champions
6323,320,1,194.64,Champions
12391,1300,2,194.6,At Risk (High Value)
50101,225,1,194.58,Champions
780,61,2,194.53,Champions
59097,171,2,194.5,Champions
62389,245,2,194.5,Champions
17636,1305,2,194.42,At Risk (High Value)
68665,412,1,194.37,Big Spenders
58192,1388,1,194.34,Big Spenders
74691,126,1,194.26,Champions
79279,101,1,194.21,Champions
46639,2291,1,194.18,Big Spenders
8368,2545,1,194.16,Big Spenders
32243,290,1,194.0,Champions
60561,68,2,194.0,Champions
66438,655,1,193.99,Big Spenders
86758,602,1,193.99,Average Regulars
11630,462,1,193.95,Big Spenders
93074,1370,1,193.95,Big Spenders
65574,1423,1,193.95,Big Spenders
53135,356,1,193.95,Big Spenders
52241,195,1,193.94,Champions
7520,40,2,193.94,Champions
65389,8,2,193.9,Champions
650,626,1,193.88,Average Regulars
30323,608,2,193.84,Average Regulars
47756,349,1,193.66,Big Spenders
93720,1053,1,193.62,Big Spenders
83050,44,1,193.5,Big Spenders
63566,429,1,193.5,Big Spenders
26641,902,1,193.45,Big Spenders
91413,309,1,193.43,Big Spenders
3247,1868,1,193.42,Big Spenders
7283,33,2,193.42,Champions
73253,1312,1,193.39,At Risk (High Value)
50611,2063,1,193.28,Big Spenders
82549,903,2,193.25,At Risk (High Value)
72345,1110,2,193.23,At Risk (High Value)
8044,1041,1,193.17,At Risk (High Value)
85006,480,2,193.05,Average Regulars
53438,169,3,193.04,Champions
40309,257,1,193.0,Champions
89997,542,1,192.99,Big Spenders
18957,1272,1,192.99,At Risk (High Value)
49315,1130,1,192.99,At Risk (High Value)
88106,659,1,192.99,At Risk (High Value)
56817,487,1,192.99,Average Regulars
39375,686,1,192.99,At Risk (High Value)
84798,118,1,192.98,Champions
66205,0,1,192.98,Big Spenders
95474,669,1,192.96,At Risk (High Value)
73866,59,1,192.95,Big Spenders
49260,180,1,192.9,Big Spenders
94150,40,2,192.9,Champions
12045,8,1,192.86,Big Spenders
81775,82,1,192.83,Big Spenders
98711,149,2,192.65,Champions
42923,370,1,192.56,Big Spenders
29093,713,1,192.51,Big Spenders
7377,89,1,192.5,Big Spenders
664,1318,1,192.5,Big Spenders
5709,841,1,192.45,Big Spenders
32343,5,1,192.39,Big Spenders
36178,1724,1,192.38,At Risk (High Value)
14748,1502,1,192.14,Big Spenders
20851,2026,1,192.07,Big Spenders
90506,489,1,192.0,Big Spenders
40386,265,1,191.99,Big Spenders
82948,264,1,191.99,Big Spenders
15560,927,1,191.99,Big Spenders
99955,125,2,191.99,Champions
35968,109,1,191.98,Big Spenders
41842,181,2,191.91,Champions
55402,856,2,191.9,At Risk (High Value)
75299,9,3,191.88,Champions
57296,35,3,191.82,Champions
15468,1994,1,191.7,Big Spenders
65656,696,1,191.69,At Risk (High Value)
48748,373,1,191.58,Big Spenders
89036,12,1,191.58,Big Spenders
14401,41,1,191.5,Big Spenders
56897,1161,1,191.49,Big Spenders
10519,203,2,191.3,Champions
3057,27,1,191.25,Big Spenders
96749,1210,2,191.22,At Risk (High Value)
22285,269,1,191.19,Big Spenders
45621,1705,1,191.0,At Risk (High Value)
42213,904,1,190.99,Big Spenders
15502,912,1,190.98,Big Spenders
9398,1492,1,190.98,At Risk (High Value)
97987,2232,2,190.98,At Risk (High Value)
74825,4,1,190.95,Big Spenders
7797,489,1,190.95,Big Spenders
87072,56,2,190.89,Champions
71598,335,1,190.87,Big Spenders
62564,64,1,190.77,Champions
53935,42,2,190.7,Champions
33463,37,1,190.69,Big Spenders
22649,530,1,190.55,Big Spenders
15438,750,3,190.53,At Risk (High Value)
89555,331,2,190.51,Average Regulars
69161,4,1,190.5,Big Spenders
3300,885,1,190.5,Big Spenders
78484,384,2,190.49,Average Regulars
25432,125,1,190.44,Big Spenders
47060,1624,1,190.38,At Risk (High Value)
20252,758,1,190.11,Big Spenders
15257,1415,1,190.0,Big Spenders
57616,439,2,190.0,Average Regulars
41344,328,1,190.0,Big Spenders
22538,1308,1,190.0,Big Spenders
2254,675,1,190.0,At Risk (High Value)
52718,10,2,190.0,Champions
55427,1468,1,190.0,At Risk (High Value)
9658,4,1,190.0,Big Spenders
96139,607,2,190.0,Average Regulars
71493,43,1,190.0,Big Spenders
68300,229,1,190.0,Big Spenders
50043,2001,2,190.0,At Risk (High Value)
55075,308,1,190.0,Champions
74946,606,1,190.0,Big Spenders
5918,19,2,189.99,Champions
35296,784,2,189.99,At Risk (High Value)
85457,247,1,189.99,Champions
18944,508,3,189.99,Average Regulars
84619,399,1,189.99,Big Spenders
45535,1639,1,189.99,Big Spenders
43309,1967,2,189.99,At Risk (High Value)
69009,4,1,189.99,Big Spenders
9662,1531,1,189.99,Big Spenders
10936,813,1,189.99,Big Spenders
72824,373,1,189.99,Big Spenders
33851,1756,1,189.97,Big Spenders
33852,31,1,189.97,Big Spenders
93422,183,1,189.95,Champions
69558,301,1,189.95,Champions
2101,58,2,189.95,Champions
89142,314,1,189.95,Champions
87140,53,1,189.95,Big Spenders
29858,1449,1,189.94,Big Spenders
91021,212,2,189.92,Champions
12955,82,1,189.92,Big Spenders
56422,2396,1,189.9,At Risk (High Value)
33375,1291,1,189.88,At Risk (High Value)
51882,451,2,189.81,Average Regulars
33771,1147,2,189.65,At Risk (High Value)
22481,505,1,189.61,Average Regulars
29031,98,1,189.57,Champions
16172,178,2,189.54,Champions
63702,84,2,189.51,Champions
9315,1775,1,189.5,Big Spenders
53265,632,1,189.5,Average Regulars
27174,426,2,189.5,Average Regulars
67726,1362,1,189.5,Big Spenders
17645,1401,2,189.49,At Risk (High Value)
30652,101,2,189.48,Champions
35675,301,1,189.45,Big Spenders
42814,106,1,189.43,Champions
52325,82,2,189.35,Champions
17999,206,1,189.2,Champions
36982,229,1,189.0,Big Spenders
43468,770,1,189.0,At Risk (High Value)
9365,297,1,189.0,Champions
22352,120,1,189.0,Big Spenders
67345,261,1,189.0,Champions
70219,2306,1,189.0,Big Spenders
14082,107,1,189.0,Champions
27479,230,1,189.0,Champions
12979,90,1,189.0,Big Spenders
61445,711,1,189.0,Big Spenders
64719,660,1,189.0,Big Spenders
15314,2250,1,189.0,Big Spenders
80926,912,1,189.0,Big Spenders
29332,841,1,189.0,At Risk (High Value)
99810,8,1,189.0,Big Spenders
90678,520,2,189.0,Average Regulars
73479,820,1,189.0,Big Spenders
32366,662,1,189.0,At Risk (High Value)
40021,13,1,189.0,Big Spenders
75330,216,1,189.0,Champions
13672,1103,1,189.0,Big Spenders
74223,51,1,189.0,Big Spenders
76069,1452,1,189.0,Big Spenders
19188,780,1,189.0,At Risk (High Value)
21806,260,1,189.0,Champions
236,567,1,189.0,Big Spenders
24222,1799,1,189.0,Big Spenders
82797,11,1,188.99,Big Spenders
73881,1092,1,188.99,Big Spenders
26144,287,1,188.99,Big Spenders
39454,52,2,188.99,Champions
47127,1126,1,188.99,Big Spenders
65421,1146,1,188.99,Big Spenders
95604,267,2,188.99,Champions
59258,370,1,188.98,Big Spenders
24436,22,2,188.98,Champions
41929,1219,1,188.95,Big Spenders
8605,184,1,188.95,Big Spenders
48189,804,1,188.88,Big Spenders
47699,1632,2,188.88,At Risk (High Value)
78554,414,2,188.82,Average Regulars
37468,0,1,188.65,Big Spenders
43193,673,1,188.63,At Risk (High Value)
70265,269,1,188.55,Big Spenders
55557,55,1,188.5,Big Spenders
81475,5,2,188.5,Champions
40478,1209,1,188.49,At Risk (High Value)
55011,881,1,188.42,Big Spenders
92380,938,1,188.39,Big Spenders
25870,1176,1,188.38,Big Spenders
26950,440,1,188.25,Big Spenders
60151,955,1,188.25,Big Spenders
40066,1686,2,188.04,At Risk (High Value)
25843,995,1,188.0,Big Spenders
73059,870,1,188.0,Big Spenders
77405,5,1,188.0,Big Spenders
80769,608,1,188.0,Big Spenders
77428,6,1,188.0,Big Spenders
14959,49,1,188.0,Big Spenders
66078,1055,1,188.0,Big Spenders
48168,1017,1,188.0,Big Spenders
37963,12,1,188.0,Big Spenders
28875,577,2,188.0,Average Regulars
9482,546,1,188.0,Big Spenders
27654,97,1,188.0,Big Spenders
1880,551,1,187.99,Big Spenders
38755,829,1,187.99,Big Spenders
9323,583,1,187.98,Big Spenders
74931,569,1,187.98,Big Spenders
99158,261,1,187.95,Big Spenders
84794,52,1,187.95,Big Spenders
60510,2643,1,187.95,Big Spenders
88363,137,1,187.94,Champions
56826,425,2,187.91,Average Regulars
87664,1324,1,187.9,At Risk (High Value)
63012,156,1,187.86,Champions
36326,313,2,187.83,Champions
34635,161,2,187.77,Champions
57682,505,1,187.7,Big Spenders
25317,2188,1,187.5,Big Spenders
71148,87,1,187.5,Champions
49363,397,1,187.5,Big Spenders
87557,1264,1,187.49,Big Spenders
15632,586,1,187.49,Average Regulars
77930,21,2,187.44,Champions
78897,100,3,187.19,Champions
86039,191,1,187.19,Big Spenders
90710,93,2,187.15,Champions
96483,31,2,187.11,Champions
82296,346,1,187.0,Big Spenders
86668,1189,1,187.0,Big Spenders
58901,1569,1,187.0,At Risk (High Value)
38831,937,1,187.0,Big Spenders
76572,65,2,187.0,Champions
95881,214,1,186.99,Champions
17044,107,1,186.99,Big Spenders
18047,910,3,186.99,At Risk (High Value)
36853,1041,1,186.98,Big Spenders
81542,523,1,186.98,Big Spenders
93631,1291,1,186.97,Big Spenders
11583,166,3,186.95,Champions
45843,276,1,186.95,Big Spenders
74494,516,1,186.94,Big Spenders
42811,352,1,186.94,Big Spenders
90101,1768,1,186.9,Big Spenders
45969,795,1,186.82,At Risk (High Value)
68491,131,1,186.81,Champions
63146,1562,1,186.8,At Risk (High Value)
37945,400,3,186.74,Average Regulars
90394,1755,1,186.7,Big Spenders
45811,947,1,186.69,Big Spenders
93397,37,1,186.63,Big Spenders
94232,2,1,186.5,Champions
37848,308,1,186.49,Big Spenders
94087,238,1,186.48,Champions
23898,72,1,186.45,Big Spenders
72231,1058,2,186.42,At Risk (High Value)
92945,834,1,186.42,At Risk (High Value)
15567,461,3,186.37,Average Regulars
43860,709,1,186.33,At Risk (High Value)
88594,1635,2,186.3,At Risk (High Value)
93477,74,1,186.0,Big Spenders
53220,4,1,186.0,Big Spenders
92394,482,1,186.0,Average Regulars
28733,1579,1,185.99,Big Spenders
14459,2615,1,185.99,At Risk (High Value)
99436,126,2,185.98,Champions
3933,38,2,185.97,Champions
75119,360,1,185.96,Big Spenders
93653,960,1,185.95,Big Spenders
42903,1767,1,185.95,Big Spenders
14929,1719,1,185.94,Big Spenders
7561,576,1,185.94,Big Spenders
74433,44,2,185.93,Champions
96926,2086,1,185.9,At Risk (High Value)
6980,267,1,185.88,Champions
27229,272,1,185.85,Big Spenders
32691,1338,1,185.78,Big Spenders
53885,216,1,185.78,Champions
52710,9,2,185.54,Champions
30536,374,1,185.5,Big Spenders
41239,317,2,185.49,Champions
69701,1903,2,185.43,At Risk (High Value)
81424,66,2,185.42,Champions
78189,843,2,185.37,At Risk (High Value)
60649,286,1,185.33,Champions
71107,1210,1,185.28,At Risk (High Value)
95945,1552,1,185.11,Big Spenders
20933,4,3,185.1,Champions
92811,1260,2,185.09,At Risk (High Value)
93560,1503,1,185.0,At Risk (High Value)
61562,1196,1,185.0,At Risk (High Value)
92683,83,2,185.0,Champions
41502,404,1,185.0,Big Spenders
39761,124,1,185.0,Big Spenders
84005,1178,1,185.0,Big Spenders
19471,1344,1,185.0,At Risk (High Value)
2153,135,2,185.0,Champions
71115,2166,1,185.0,Big Spenders
7586,1341,1,185.0,At Risk (High Value)
54422,113,1,185.0,Champions
61718,80,1,185.0,Champions
52607,264,1,185.0,Big Spenders
24075,353,1,185.0,Big Spenders
2770,844,1,184.99,Big Spenders
93428,582,1,184.99,Big Spenders
96621,22,2,184.99,Champions
2801,1452,1,184.99,Big Spenders
38886,354,2,184.99,Average Regulars
64220,1330,1,184.99,At Risk (High Value)
94916,1626,1,184.99,Big Spenders
47341,110,2,184.98,Champions
75625,6,3,184.97,Champions
47760,163,2,184.97,Champions
77089,2478,1,184.96,At Risk (High Value)
86459,76,2,184.95,Champions
69506,142,1,184.95,Big Spenders
81232,428,2,184.95,Average Regulars
12986,1033,1,184.95,Big Spenders
54079,251,1,184.95,Champions
73218,270,1,184.95,Champions
76074,2614,1,184.91,Big Spenders
49334,339,1,184.88,Big Spenders
10004,133,1,184.87,Champions
66832,127,2,184.87,Champions
87101,904,2,184.8,At Risk (High Value)
99792,303,2,184.79,Champions
82037,1206,1,184.72,Big Spenders
91385,1109,1,184.72,Big Spenders
26058,1354,1,184.72,Big Spenders
93561,130,1,184.66,Big Spenders
33700,1014,2,184.65,At Risk (High Value)
51089,175,1,184.65,Champions
91344,513,2,184.64,Average Regulars
31287,517,1,184.6,Average Regulars
99941,252,2,184.59,Champions
16850,2200,1,184.5,At Risk (High Value)
30843,64,2,184.5,Champions
56578,402,2,184.49,Average Regulars
37898,162,1,184.47,Champions
23685,149,3,184.44,Champions
44058,889,1,184.4,Big Spenders
3913,144,2,184.38,Champions
56795,233,1,184.32,Champions
38457,515,1,184.28,Big Spenders
35667,80,1,184.23,Big Spenders
1300,549,1,184.22,Big Spenders
32017,981,2,184.2,At Risk (High Value)
42718,709,1,184.06,At Risk (High Value)
73153,174,2,184.0,Champions
4794,3,1,184.0,Big Spenders
38517,885,2,184.0,At Risk (High Value)
78206,75,1,184.0,Big Spenders
31890,591,1,183.99,Average Regulars
4407,442,1,183.99,Big Spenders
18471,460,1,183.98,Big Spenders
50941,455,2,183.97,Average Regulars
90021,987,2,183.96,At Risk (High Value)
43194,323,2,183.94,Champions
76357,1071,1,183.94,Big Spenders
67708,772,1,183.93,Big Spenders
25276,250,3,183.9,Champions
94644,211,1,183.89,Big Spenders
29251,94,1,183.86,Big Spenders
11948,708,1,183.75,Big Spenders
98204,2,1,183.68,Champions
65572,85,3,183.54,Champions
42663,2090,1,183.5,At Risk (High Value)
19555,232,2,183.4,Champions
49966,107,1,183.39,Champions
47575,41,1,183.22,Big Spenders
80721,632,1,183.19,Big Spenders
55506,587,2,183.12,Average Regulars
93893,1589,1,183.11,At Risk (High Value)
44232,482,2,183.0,Average Regulars
6117,1649,1,182.99,At Risk (High Value)
30568,34,1,182.99,Big Spenders
31386,484,1,182.99,Big Spenders
7230,65,2,182.99,Champions
83161,236,3,182.98,Champions
21637,340,2,182.97,Average Regulars
52487,35,2,182.97,Champions
20148,218,1,182.97,Big Spenders
78360,1727,1,182.95,At Risk (High Value)
68719,2000,1,182.95,Big Spenders
58392,353,1,182.88,Big Spenders
59632,61,4,182.86,Champions
28314,273,1,182.77,Champions
26953,787,2,182.74,At Risk (High Value)
71055,81,2,182.68,Champions
34667,16,1,182.67,Big Spenders
93939,243,2,182.67,Champions
66842,250,1,182.64,Big Spenders
74096,627,1,182.47,Average Regulars
37655,1581,1,182.45,Big Spenders
53336,406,1,182.45,Big Spenders
96073,2,2,182.45,Champions
96854,216,2,182.36,Champions
89656,697,2,182.28,At Risk (High Value)
93491,4,1,182.25,Big Spenders
48441,830,1,182.25,Big Spenders
52661,1103,1,182.22,Big Spenders
6655,1206,1,182.22,At Risk (High Value)
95075,2079,1,182.22,Big Spenders
70649,65,1,182.15,Big Spenders
30487,857,3,182.1,At Risk (High Value)
50848,87,2,182.07,Champions
85353,1469,1,182.06,Big Spenders
90304,704,1,182.02,Big Spenders
11799,663,1,182.01,Big Spenders
68530,101,1,182.0,Champions
23261,999,1,182.0,Big Spenders
31893,586,1,182.0,Average Regulars
4314,558,1,182.0,Big Spenders
33603,473,1,182.0,Big Spenders
18948,168,1,182.0,Champions
86187,1697,1,182.0,At Risk (High Value)
73867,1246,1,182.0,Big Spenders
12097,25,2,182.0,Champions
44133,2297,1,182.0,Big Spenders
91137,264,1,182.0,Big Spenders
25641,1290,1,181.99,At Risk (High Value)
40785,2311,1,181.99,Big Spenders
37584,446,1,181.99,Big Spenders
12627,1,1,181.99,Big Spenders
57404,25,1,181.98,Big Spenders
54873,789,2,181.96,At Risk (High Value)
5570,1339,1,181.95,Big Spenders
80202,493,1,181.95,Big Spenders
89063,441,2,181.95,Average Regulars
60529,35,1,181.94,Big Spenders
30726,869,1,181.93,At Risk (High Value)
91425,822,1,181.91,Big Spenders
47435,200,1,181.9,Champions
54027,411,2,181.84,Average Regulars
61284,1134,1,181.83,Big Spenders
98598,135,1,181.78,Big Spenders
11340,955,2,181.68,At Risk (High Value)
33370,1076,1,181.63,Big Spenders
73271,950,1,181.61,Big Spenders
98947,71,1,181.56,Big Spenders
85848,320,1,181.44,Big Spenders
63618,46,1,181.43,Big Spenders
70010,194,2,181.43,Champions
76178,211,1,181.36,Big Spenders
30258,868,2,181.32,At Risk (High Value)
21645,1313,1,181.28,Big Spenders
31789,93,1,181.24,Champions
27882,533,2,181.16,Average Regulars
84194,204,2,181.15,Champions
39634,1,2,181.14,Champions
69185,639,1,181.13,Big Spenders
85834,1452,1,181.0,Big Spenders
35349,481,2,180.99,Average Regulars
59263,5,2,180.98,Champions
91830,14,1,180.95,Champions
5431,2309,1,180.95,Big Spenders
54532,125,1,180.84,Big Spenders
90108,830,1,180.71,At Risk (High Value)
96739,127,2,180.7,Champions
21182,174,2,180.64,Champions
14669,57,2,180.54,Champions
66996,1368,1,180.48,Big Spenders
2991,22,2,180.41,Champions
74062,659,1,180.4,At Risk (High Value)
48635,920,1,180.39,Big Spenders
94804,105,1,180.37,Big Spenders
29695,675,1,180.36,At Risk (High Value)
7044,804,1,180.08,Big Spenders
45754,1581,1,180.0,Big Spenders
74669,304,1,180.0,Big Spenders
98079,1210,1,180.0,At Risk (High Value)
22797,707,1,180.0,Big Spenders
57530,260,1,180.0,Champions
82431,273,1,180.0,Big Spenders
27218,134,1,180.0,Big Spenders
47272,730,1,180.0,At Risk (High Value)
34509,772,1,180.0,Big Spenders
92458,1884,1,180.0,Big Spenders
11390,595,1,180.0,Average Regulars
68651,1274,1,180.0,At Risk (High Value)
72875,324,1,180.0,Champions
8906,699,1,180.0,Big Spenders
98995,207,1,180.0,Big Spenders
20308,101,1,180.0,Champions
6424,1273,1,180.0,At Risk (High Value)
36053,1273,1,180.0,At Risk (High Value)
32001,2448,1,179.99,Big Spenders
40926,814,1,179.99,At Risk (High Value)
17972,334,1,179.99,Big Spenders
93371,453,1,179.99,Big Spenders
82147,156,1,179.99,Champions
89092,301,1,179.99,Big Spenders
83554,1563,1,179.99,Big Spenders
87388,214,1,179.99,Big Spenders
22366,232,1,179.99,Champions
28936,1074,1,179.99,Big Spenders
36841,474,1,179.98,Big Spenders
72816,145,1,179.98,Big Spenders
85021,441,1,179.98,Big Spenders
69168,52,1,179.98,Big Spenders
63443,629,3,179.98,Average Regulars
24504,163,1,179.98,Big Spenders
84416,543,2,179.97,Average Regulars
86193,1513,1,179.95,Big Spenders
15534,214,1,179.95,Champions
4760,625,1,179.95,Average Regulars
86365,1686,1,179.95,At Risk (High Value)
46826,1293,1,179.95,Big Spenders
51215,720,1,179.95,At Risk (High Value)
92996,1473,1,179.95,Big Spenders
81749,142,1,179.95,Big Spenders
93204,1804,1,179.95,Big Spenders
39437,891,1,179.94,Big Spenders
90660,141,1,179.94,Big Spenders
6515,35,1,179.94,Big Spenders
34400,602,1,179.94,Average Regulars
23327,737,1,179.9,Big Spenders
69867,170,1,179.9,Champions
43031,1448,1,179.89,Big Spenders
75463,444,2,179.88,Average Regulars
87997,537,1,179.87,Big Spenders
94291,839,2,179.87,At Risk (High Value)
80428,406,1,179.5,Big Spenders
54656,866,1,179.5,At Risk (High Value)
1038,1083,2,179.5,At Risk (High Value)
28976,137,1,179.5,Big Spenders
49430,212,2,179.45,Champions
89551,1216,1,179.45,Big Spenders
56319,647,1,179.45,Big Spenders
56333,1114,1,179.41,Big Spenders
61430,9,2,179.41,Champions
2798,1282,1,179.4,At Risk (High Value)
69809,56,2,179.33,Champions
86696,180,1,179.24,Champions
11386,294,1,179.19,Champions
71696,113,1,179.17,Champions
99189,858,1,179.14,At Risk (High Value)
14855,1,3,179.01,Champions
97689,42,1,179.0,Big Spenders
91171,151,1,179.0,Champions
94201,1112,1,179.0,Big Spenders
28606,2248,1,179.0,At Risk (High Value)
38245,342,1,179.0,Big Spenders
88075,32,1,179.0,Big Spenders
1,281,1,179.0,Champions
69245,2503,1,179.0,Big Spenders
75449,8,1,179.0,Big Spenders
92164,304,1,179.0,Big Spenders
58263,1045,1,179.0,Big Spenders
4734,1261,1,179.0,At Risk (High Value)
84925,1379,1,179.0,Big Spenders
90025,7,1,179.0,Big Spenders
52288,556,1,179.0,Big Spenders
83513,119,1,179.0,Champions
87801,2254,1,179.0,Big Spenders
32902,1203,1,179.0,At Risk (High Value)
91748,974,1,179.0,Big Spenders
5469,492,1,179.0,Average Regulars
47681,825,1,179.0,At Risk (High Value)
36166,162,1,178.99,Big Spenders
55448,40,2,178.99,Champions
27242,142,1,178.99,Big Spenders
55595,6,1,178.98,Big Spenders
14478,1351,1,178.98,Big Spenders
6096,177,1,178.98,Big Spenders
80111,134,1,178.98,Champions
75113,206,2,178.97,Champions
73642,455,1,178.95,Big Spenders
7777,2093,1,178.95,At Risk (High Value)
30138,1600,1,178.94,Big Spenders
53192,569,1,178.87,Big Spenders
37406,1422,1,178.81,Big Spenders
52823,947,1,178.79,Big Spenders
6946,683,1,178.72,Big Spenders
25877,1428,1,178.69,Big Spenders
29815,131,2,178.67,Champions
71028,2793,1,178.64,Big Spenders
53716,42,1,178.59,Big Spenders
24807,1710,1,178.5,Big Spenders
63059,270,2,178.5,Champions
5621,120,2,178.49,Champions
75890,184,1,178.44,Champions
62042,332,2,178.43,Average Regulars
80871,285,1,178.41,Big Spenders
33983,135,1,178.27,Champions
89478,264,1,178.22,Champions
57674,435,1,178.03,Big Spenders
912,405,1,178.0,Big Spenders
58212,30,1,178.0,Big Spenders
87790,229,1,178.0,Big Spenders
45215,1465,1,178.0,Big Spenders
36687,38,1,178.0,Big Spenders
8168,543,1,178.0,Big Spenders
4114,2020,1,178.0,Big Spenders
74983,2493,1,178.0,At Risk (High Value)
99574,123,1,178.0,Champions
77672,1394,1,178.0,Big Spenders
49780,1541,1,178.0,Big Spenders
9494,1418,1,178.0,Big Spenders
65580,1242,1,178.0,At Risk (High Value)
26483,1399,1,178.0,Big Spenders
20811,413,1,178.0,Big Spenders
82635,88,1,178.0,Champions
76781,656,1,178.0,Big Spenders
45865,16,1,178.0,Big Spenders
75030,363,1,178.0,Big Spenders
16936,246,1,178.0,Champions
10190,1717,1,178.0,Big Spenders
76200,384,1,178.0,Big Spenders
9600,708,1,178.0,At Risk (High Value)
90739,181,1,178.0,Big Spenders
44388,617,1,178.0,Average Regulars
51142,579,1,178.0,Average Regulars
26171,471,1,178.0,Big Spenders
73322,487,1,178.0,Big Spenders
41218,1032,1,178.0,At Risk (High Value)
48589,1881,1,178.0,At Risk (High Value)
27544,1256,1,178.0,At Risk (High Value)
80670,2396,1,178.0,At Risk (High Value)
92523,762,1,178.0,At Risk (High Value)
68614,929,2,177.99,At Risk (High Value)
64693,2,1,177.99,Champions
33338,201,1,177.98,Champions
62098,1873,1,177.98,At Risk (High Value)
70181,960,1,177.98,Big Spenders
95655,88,2,177.98,Champions
4904,90,1,177.97,Big Spenders
12472,298,2,177.97,Champions
58523,104,1,177.97,Big Spenders
27041,304,2,177.96,Champions
50164,7,1,177.95,Big Spenders
60070,867,1,177.95,At Risk (High Value)
13905,687,1,177.95,Big Spenders
95275,575,1,177.95,Big Spenders
51389,1123,1,177.93,Big Spenders
52609,1558,1,177.91,Big Spenders
37142,884,1,177.9,Big Spenders
5133,120,2,177.87,Champions
33855,235,2,177.85,Champions
60942,1169,2,177.84,At Risk (High Value)
14884,2138,2,177.76,At Risk (High Value)
2124,88,1,177.71,Champions
20660,5,2,177.6,Champions
1877,276,1,177.5,Champions
49337,1035,2,177.5,At Risk (High Value)
58600,214,1,177.5,Big Spenders
63302,1063,1,177.47,Big Spenders
52220,126,1,177.46,Champions
2306,2,1,177.35,Big Spenders
4862,17,2,177.34,Champions
62199,157,1,177.28,Big Spenders
53931,42,2,177.26,Champions
74578,1974,1,177.21,At Risk (High Value)
4865,751,1,177.19,Big Spenders
60401,1140,1,177.19,At Risk (High Value)
5657,127,1,177.0,Champions
81336,71,1,177.0,Champions
72054,1889,1,176.99,Big Spenders
66507,190,1,176.99,Champions
62581,795,1,176.99,At Risk (High Value)
56992,181,1,176.99,Big Spenders
60528,429,1,176.98,Big Spenders
17527,241,2,176.97,Champions
7370,1704,1,176.95,At Risk (High Value)
55432,265,2,176.94,Champions
98184,69,1,176.94,Champions
71452,193,2,176.94,Champions
22388,1480,1,176.93,Big Spenders
46000,1848,1,176.93,Big Spenders
63650,830,2,176.92,At Risk (High Value)
47574,1394,1,176.88,Big Spenders
68694,453,3,176.87,Average Regulars
34652,943,2,176.85,At Risk (High Value)
80291,52,1,176.74,Big Spenders
97150,533,1,176.7,Big Spenders
19304,83,1,176.68,Big Spenders
80877,615,1,176.56,Average Regulars
38285,1529,1,176.56,Big Spenders
20303,1732,1,176.51,Big Spenders
33552,2,1,176.5,Champions
70798,226,1,176.48,Big Spenders
76421,739,1,176.48,Big Spenders
54463,274,1,176.42,Big Spenders
36458,353,1,176.4,Big Spenders
9308,267,2,176.37,Champions
62824,431,1,176.37,Big Spenders
43881,1216,1,176.33,At Risk (High Value)
75459,1472,2,176.32,At Risk (High Value)
17507,106,2,176.32,Champions
51951,31,2,176.31,Champions
90451,1289,2,176.28,At Risk (High Value)
66452,384,1,176.28,Big Spenders
86770,1115,1,176.05,Big Spenders
98143,281,1,176.01,Big Spenders
86891,1899,1,176.0,At Risk (High Value)
90424,2493,1,176.0,Big Spenders
81210,1067,1,176.0,Big Spenders
4963,28,1,176.0,Big Spenders
34749,595,1,176.0,Big Spenders
7513,935,1,176.0,Big Spenders
52173,1465,1,176.0,Big Spenders
60429,2363,1,176.0,Big Spenders
31141,349,2,175.99,Average Regulars
37804,1132,1,175.98,Big Spenders
62009,2049,1,175.96,Big Spenders
71122,615,1,175.95,Big Spenders
59204,804,2,175.94,At Risk (High Value)
10230,59,1,175.94,Big Spenders
16432,1224,1,175.94,Big Spenders
50556,949,1,175.93,Big Spenders
35793,673,2,175.92,At Risk (High Value)
94675,275,1,175.76,Champions
25023,912,1,175.75,Big Spenders
18268,154,1,175.7,Champions
91390,661,1,175.7,Big Spenders
17126,21,1,175.69,Big Spenders
4995,1397,1,175.68,Big Spenders
47229,957,2,175.67,At Risk (High Value)
43907,436,1,175.6,Big Spenders
68598,1098,2,175.55,At Risk (High Value)
44418,1031,1,175.5,Big Spenders
62707,195,1,175.5,Big Spenders
97612,1118,1,175.5,Big Spenders
44119,102,1,175.49,Champions
80975,636,1,175.42,Average Regulars
34398,1693,1,175.35,Big Spenders
26431,2194,1,175.18,Big Spenders
61620,52,2,175.18,Champions
97948,57,1,175.0,Champions
17168,222,1,175.0,Big Spenders
83841,193,1,175.0,Champions
14778,1075,1,175.0,Big Spenders
94301,133,1,175.0,Champions
94250,454,1,175.0,Big Spenders
10716,371,1,175.0,Big Spenders
23333,402,1,175.0,Big Spenders
48065,2062,1,175.0,Big Spenders
55235,54,1,175.0,Big Spenders
68607,724,1,175.0,At Risk (High Value)
3932,1360,1,175.0,Big Spenders
26369,340,1,175.0,Big Spenders
30714,42,1,175.0,Big Spenders
83528,927,1,175.0,Big Spenders
80102,265,2,175.0,Champions
3085,72,1,175.0,Big Spenders
94654,510,2,175.0,Average Regulars
82143,67,1,175.0,Big Spenders
70078,907,2,174.99,At Risk (High Value)
55044,300,1,174.99,Champions
17613,365,1,174.99,Big Spenders
67686,946,1,174.99,Big Spenders
31041,2445,2,174.99,At Risk (High Value)
94962,619,1,174.99,Average Regulars
65364,63,2,174.98,Champions
32106,393,1,174.98,Big Spenders
62961,54,2,174.97,Champions
88092,40,1,174.95,Big Spenders
55410,397,1,174.95,Big Spenders
37877,565,1,174.95,Big Spenders
70517,347,1,174.94,Big Spenders
41294,325,2,174.94,Average Regulars
98832,428,1,174.94,Big Spenders
72086,1399,1,174.92,Big Spenders
74696,875,1,174.89,Big Spenders
84895,317,2,174.89,Champions
79030,249,1,174.87,Big Spenders
45246,44,1,174.68,Big Spenders
48281,1148,1,174.58,At Risk (High Value)
28321,1016,1,174.56,Big Spenders
74942,1471,1,174.5,Big Spenders
71605,68,1,174.5,Champions
88552,9,1,174.5,Champions
73282,24,1,174.5,Champions
24016,514,1,174.49,Average Regulars
73364,1747,1,174.49,Big Spenders
94006,753,1,174.48,At Risk (High Value)
42184,382,1,174.44,Big Spenders
73170,265,1,174.41,Big Spenders
35649,8,1,174.41,Big Spenders
12766,512,1,174.4,Big Spenders
12713,477,1,174.37,Big Spenders
66045,2276,1,174.36,Big Spenders
3264,44,1,174.31,Big Spenders
15900,879,1,174.23,At Risk (High Value)
20784,161,1,174.0,Champions
38326,24,1,174.0,Big Spenders
43088,16,1,174.0,Champions
84180,236,1,174.0,Big Spenders
60320,190,1,174.0,Big Spenders
77197,143,1,173.99,Big Spenders
57007,173,1,173.99,Champions
46127,1764,1,173.99,Big Spenders
98060,270,1,173.99,Big Spenders
57396,165,1,173.99,Champions
15482,337,2,173.96,Average Regulars
3845,290,2,173.95,Champions
22852,254,1,173.95,Big Spenders
15454,555,1,173.95,Big Spenders
22832,512,1,173.94,Big Spenders
44710,1862,1,173.94,Big Spenders
39657,223,2,173.93,Champions
93536,126,1,173.93,Big Spenders
48136,152,2,173.92,Champions
10812,292,2,173.92,Champions
29267,1034,2,173.91,At Risk (High Value)
57869,419,2,173.83,Average Regulars
9717,75,2,173.69,Champions
25978,173,3,173.69,Champions
87678,468,1,173.67,Big Spenders
23661,415,1,173.47,Big Spenders
81915,345,2,173.44,Average Regulars
89389,509,1,173.39,Average Regulars
1246,762,2,173.27,At Risk (High Value)
21160,570,2,173.23,Average Regulars
34346,17,1,173.23,Big Spenders
79139,553,1,173.18,Big Spenders
93261,317,1,173.12,Big Spenders
53878,1067,2,173.0,At Risk (High Value)
35111,32,2,173.0,Champions
68860,155,2,172.99,Champions
62341,641,1,172.99,Average Regulars
60136,1596,1,172.99,Big Spenders
28821,1794,2,172.98,At Risk (High Value)
85714,240,1,172.95,Big Spenders
52429,306,2,172.95,Champions
85532,1251,1,172.95,Big Spenders
47702,464,1,172.95,Big Spenders
49863,355,1,172.94,Big Spenders
40432,1028,1,172.94,Big Spenders
95825,946,2,172.94,At Risk (High Value)
57811,556,1,172.91,Big Spenders
66818,555,1,172.8,Big Spenders
42267,2101,1,172.76,Big Spenders
72885,124,1,172.75,Champions
27181,71,1,172.75,Champions
59124,28,1,172.65,Big Spenders
83905,2129,1,172.54,Big Spenders
33702,526,1,172.5,Big Spenders
85766,599,1,172.49,Big Spenders
68428,1546,1,172.48,At Risk (High Value)
92932,1031,2,172.47,At Risk (High Value)
5287,16,2,172.27,Champions
35339,267,1,172.2,Champions
4868,520,1,172.2,Average Regulars
78804,1232,1,172.17,Big Spenders
14991,1830,1,172.07,Big Spenders
92257,1862,1,172.0,Big Spenders
64625,156,1,172.0,Big Spenders
51400,1203,1,172.0,At Risk (High Value)
47597,1133,1,172.0,Big Spenders
30190,1560,1,172.0,Big Spenders
95520,1161,1,172.0,Big Spenders
93620,108,1,172.0,Champions
31160,69,1,172.0,Big Spenders
31755,346,1,172.0,Big Spenders
60788,458,1,172.0,Big Spenders
44139,508,1,172.0,Big Spenders
26330,69,1,172.0,Champions
90178,98,1,172.0,Big Spenders
5167,107,1,172.0,Big Spenders
48057,1000,1,172.0,Big Spenders
69398,22,1,172.0,Big Spenders
12427,117,1,172.0,Big Spenders
33899,1187,1,171.99,Big Spenders
59401,93,2,171.99,Champions
37830,1414,1,171.98,Big Spenders
30579,91,1,171.98,Big Spenders
53984,226,2,171.98,Champions
77002,1335,1,171.92,At Risk (High Value)
57430,197,1,171.87,Champions
10233,199,1,171.7,Champions
7386,502,2,171.56,Average Regulars
59383,297,1,171.53,Big Spenders
23873,790,1,171.53,Big Spenders
1809,1042,1,171.53,At Risk (High Value)
6203,117,1,171.5,Champions
70187,153,1,171.5,Champions
69556,89,2,171.5,Champions
3745,266,2,171.5,Champions
61324,2,2,171.49,Champions
16965,225,1,171.49,Champions
52197,222,1,171.49,Big Spenders
69734,514,1,171.42,Average Regulars
54453,507,2,171.42,Average Regulars
36508,856,1,171.35,Big Spenders
26785,820,1,171.34,At Risk (High Value)
89868,1452,1,171.27,Big Spenders
70511,436,1,171.24,Big Spenders
29060,176,2,171.24,Champions
11910,31,1,171.11,Big Spenders
29338,417,2,171.09,Average Regulars
49119,313,1,171.04,Champions
64686,74,2,171.03,Champions
9357,496,1,171.0,Big Spenders
4096,180,1,171.0,Big Spenders
76669,825,1,171.0,Big Spenders
56591,750,1,171.0,At Risk (High Value)
76817,1177,1,171.0,At Risk (High Value)
43763,1481,1,170.99,At Risk (High Value)
36217,550,1,170.99,Big Spenders
72232,153,2,170.99,Champions
29701,409,1,170.99,Big Spenders
33189,747,1,170.99,At Risk (High Value)
63069,823,1,170.99,Big Spenders
3704,375,1,170.99,Big Spenders
91026,142,2,170.99,Champions
61259,2565,1,170.92,At Risk (High Value)
75706,937,1,170.92,Big Spenders
49205,1560,1,170.9,At Risk (High Value)
28141,171,2,170.89,Champions
10712,499,3,170.89,Average Regulars
84615,857,1,170.6,Big Spenders
30632,1223,1,170.58,At Risk (High Value)
86369,17,1,170.49,Big Spenders
17177,756,1,170.48,At Risk (High Value)
25163,673,1,170.43,Big Spenders
51090,207,1,170.38,Big Spenders
91151,1405,1,170.33,Big Spenders
80502,296,1,170.24,Big Spenders
5973,579,1,170.19,Big Spenders
52669,0,1,170.08,Big Spenders
54109,621,1,170.08,Big Spenders
20350,138,1,170.01,Big Spenders
41146,361,1,170.01,Big Spenders
95125,385,1,170.01,Big Spenders
29876,1588,1,170.0,At Risk (High Value)
66511,999,1,170.0,Big Spenders
78527,48,2,170.0,Champions
30481,28,1,170.0,Big Spenders
80259,713,1,170.0,At Risk (High Value)
89450,661,1,170.0,Big Spenders
82582,1465,1,170.0,Big Spenders
19281,94,1,170.0,Big Spenders
34889,1745,1,170.0,Big Spenders
28375,329,1,170.0,Big Spenders
48983,832,1,170.0,Big Spenders
77171,2585,1,170.0,Big Spenders
53883,190,1,170.0,Champions
44010,50,1,169.99,Big Spenders
81341,489,1,169.99,Average Regulars
50126,19,2,169.99,Champions
30538,2462,1,169.99,Big Spenders
79063,27,1,169.99,Big Spenders
98092,338,1,169.99,Big Spenders
10138,190,1,169.99,Big Spenders
43022,208,1,169.99,Champions
93217,771,1,169.99,At Risk (High Value)
35791,131,1,169.99,Big Spenders
44317,897,1,169.99,Big Spenders
19144,1146,1,169.99,At Risk (High Value)
95832,897,1,169.99,Big Spenders
17415,5,1,169.99,Big Spenders
50132,797,1,169.99,At Risk (High Value)
78903,470,2,169.98,Average Regulars
89224,426,1,169.98,Big Spenders
44479,259,2,169.98,Champions
71864,659,1,169.98,At Risk (High Value)
35411,39,2,169.98,Champions
2137,481,1,169.98,Big Spenders
21267,815,1,169.98,At Risk (High Value)
34915,343,1,169.98,Big Spenders
43582,5,1,169.98,Big Spenders
99581,5,1,169.98,Big Spenders
66026,1078,1,169.98,Big Spenders
80898,218,1,169.98,Champions
4322,160,1,169.98,Big Spenders
90697,2492,1,169.98,Big Spenders
35952,827,1,169.97,At Risk (High Value)
90270,2118,1,169.97,Big Spenders
69263,1794,1,169.97,Big Spenders
31703,112,1,169.97,Champions
95640,176,1,169.97,Champions
92893,1176,1,169.95,Big Spenders
888,320,1,169.95,Big Spenders
98493,153,1,169.95,Big Spenders
39426,578,1,169.95,Big Spenders
5572,130,1,169.95,Champions
52708,686,1,169.95,At Risk (High Value)
36701,498,1,169.95,Big Spenders
75121,993,1,169.95,Big Spenders
35123,220,1,169.95,Champions
70208,1858,1,169.95,Big Spenders
61741,1395,1,169.95,Big Spenders
57817,613,1,169.95,Average Regulars
84972,2398,1,169.95,At Risk (High Value)
69650,1320,1,169.94,Big Spenders
11291,121,2,169.94,Champions
28407,632,1,169.93,Average Regulars
14671,2143,1,169.9,Big Spenders
75292,103,3,169.88,Champions
10136,213,3,169.73,Champions
14462,143,2,169.56,Champions
97662,13,1,169.5,Big Spenders
53992,4,1,169.5,Champions
58671,297,1,169.5,Champions
7211,40,1,169.5,Big Spenders
61960,1016,1,169.5,Big Spenders
60927,1382,2,169.49,At Risk (High Value)
34191,870,1,169.49,Big Spenders
72005,904,1,169.49,Big Spenders
85242,590,1,169.45,Big Spenders
76292,487,1,169.45,Big Spenders
43266,31,2,169.45,Champions
11037,4,1,169.45,Champions
50131,912,4,169.44,At Risk (High Value)
13729,58,1,169.4,Big Spenders
80606,162,1,169.31,Champions
10479,477,1,169.29,Big Spenders
97964,959,1,169.28,Big Spenders
89629,692,1,169.2,At Risk (High Value)
20676,796,1,169.16,Big Spenders
22296,1531,1,169.15,Big Spenders
55763,2382,1,169.0,At Risk (High Value)
79799,73,1,169.0,Big Spenders
86551,109,1,169.0,Big Spenders
96508,1761,1,169.0,Big Spenders
29726,12,1,169.0,Champions
92941,1164,1,169.0,Big Spenders
69862,297,2,169.0,Champions
53667,4,1,169.0,Big Spenders
48633,1174,1,169.0,At Risk (High Value)
94959,2254,1,169.0,Big Spenders
66016,51,1,169.0,Big Spenders
42194,1150,1,169.0,Big Spenders
220,179,1,169.0,Champions
35209,468,1,169.0,Big Spenders
28837,263,2,169.0,Champions
84593,756,1,169.0,At Risk (High Value)
51984,1742,1,169.0,Big Spenders
20785,65,1,169.0,Champions
20593,4,1,169.0,Big Spenders
28701,229,1,169.0,Big Spenders
71470,7,1,169.0,Champions
72848,1189,1,169.0,At Risk (High Value)
39907,986,1,169.0,Big Spenders
87086,551,1,169.0,Big Spenders
59965,1815,1,169.0,Big Spenders
60272,906,1,169.0,Big Spenders
51776,610,1,169.0,Average Regulars
18724,111,1,169.0,Champions
3936,467,1,169.0,Big Spenders
67621,48,1,169.0,Big Spenders
8851,50,1,169.0,Big Spenders
46426,610,1,169.0,Big Spenders
97581,173,1,169.0,Big Spenders
42391,367,1,169.0,Big Spenders
24435,383,1,169.0,Big Spenders
40196,409,1,169.0,Big Spenders
11581,312,1,169.0,Big Spenders
29557,427,2,168.99,Average Regulars
98125,1778,1,168.99,Big Spenders
88269,80,1,168.99,Big Spenders
54683,751,1,168.98,Big Spenders
66783,273,2,168.96,Champions
72721,1604,1,168.95,Big Spenders
46775,853,3,168.94,At Risk (High Value)
31188,223,2,168.93,Champions
23955,824,1,168.93,At Risk (High Value)
8993,1517,1,168.93,Big Spenders
58584,222,1,168.93,Big Spenders
34669,317,1,168.88,Champions
48790,446,1,168.74,Big Spenders
64198,1339,1,168.55,Big Spenders
50633,7,2,168.5,Champions
65973,958,2,168.5,At Risk (High Value)
76800,101,1,168.44,Champions
78767,21,1,168.44,Big Spenders
42077,723,1,168.42,Big Spenders
82931,21,2,168.18,Champions
55625,1184,1,168.16,Big Spenders
24132,17,1,168.16,Big Spenders
34944,36,1,168.08,Big Spenders
83203,649,1,168.03,Average Regulars
41777,82,1,168.0,Champions
13298,496,1,168.0,Big Spenders
19026,479,1,168.0,Big Spenders
70374,422,1,168.0,Big Spenders
9402,1750,1,168.0,Big Spenders
96399,819,1,168.0,At Risk (High Value)
66682,1614,1,168.0,At Risk (High Value)
91932,609,1,168.0,Average Regulars
80692,1078,1,168.0,Big Spenders
39836,365,1,168.0,Big Spenders
36540,1478,1,168.0,Big Spenders
43729,308,1,168.0,Champions
26955,779,1,168.0,Big Spenders
49182,23,3,168.0,Champions
51088,1288,1,168.0,Big Spenders
55926,1373,1,168.0,Big Spenders
8127,2318,1,168.0,Big Spenders
72480,1153,1,168.0,Big Spenders
10891,833,1,168.0,Big Spenders
50658,1579,1,167.99,At Risk (High Value)
99785,358,1,167.99,Big Spenders
81887,1725,1,167.98,Big Spenders
55865,1093,1,167.98,Big Spenders
94674,16,2,167.95,Champions
56430,933,2,167.94,At Risk (High Value)
72002,1576,1,167.94,At Risk (High Value)
95892,4,1,167.91,Champions
17331,139,1,167.9,Big Spenders
71510,186,2,167.89,Champions
2277,1118,1,167.88,At Risk (High Value)
25128,2256,1,167.83,Big Spenders
39023,251,1,167.82,Big Spenders
67768,828,1,167.8,At Risk (High Value)
52051,882,1,167.75,Big Spenders
13613,648,2,167.61,Average Regulars
52131,169,2,167.5,Champions
91849,1037,1,167.5,At Risk (High Value)
7713,307,2,167.5,Champions
96029,281,1,167.5,Big Spenders
4781,47,1,167.49,Big Spenders
24118,1191,2,167.49,At Risk (High Value)
68876,117,1,167.49,Champions
66577,351,2,167.45,Average Regulars
79495,490,3,167.45,Average Regulars
50468,253,2,167.44,Champions
69537,21,2,167.4,Champions
49856,1912,1,167.36,Big Spenders
6392,25,2,167.32,Champions
76989,1294,1,167.31,At Risk (High Value)
59246,76,1,167.19,Champions
18487,1516,1,167.16,Big Spenders
91061,16,1,167.05,Champions
71489,315,1,167.0,Champions
41101,90,2,167.0,Champions
93632,1409,1,167.0,Big Spenders
87615,394,2,167.0,Average Regulars
25405,1693,1,167.0,At Risk (High Value)
3389,349,1,167.0,Big Spenders
61337,390,1,167.0,Big Spenders
71524,227,2,167.0,Champions
18271,173,2,167.0,Champions
57080,1277,1,167.0,At Risk (High Value)
31391,2664,1,167.0,Big Spenders
17943,612,1,167.0,Average Regulars
85537,2168,1,166.99,At Risk (High Value)
48638,99,2,166.99,Champions
44996,1238,1,166.99,Big Spenders
67745,297,2,166.98,Champions
94279,786,1,166.98,At Risk (High Value)
66485,1108,1,166.96,Big Spenders
55329,369,1,166.95,Big Spenders
2055,1037,1,166.95,Big Spenders
12396,30,1,166.94,Big Spenders
86882,19,1,166.9,Big Spenders
21687,6,1,166.89,Champions
16462,542,1,166.83,Big Spenders
43466,669,2,166.75,At Risk (High Value)
50907,4,3,166.69,Champions
48077,546,1,166.68,Big Spenders
63772,903,1,166.66,Big Spenders
70731,868,1,166.5,At Risk (High Value)
52891,764,1,166.5,Big Spenders
78257,163,1,166.38,Champions
52100,97,2,166.37,Champions
1070,2719,1,166.16,At Risk (High Value)
14683,515,2,166.1,Average Regulars
19475,889,1,166.0,Big Spenders
46145,21,1,166.0,Big Spenders
5076,398,1,166.0,Big Spenders
12027,79,1,166.0,Champions
33993,1410,1,165.99,Big Spenders
35180,134,2,165.99,Champions
31543,498,1,165.99,Average Regulars
84958,23,1,165.99,Champions
22704,248,1,165.99,Champions
95018,1473,1,165.98,Big Spenders
46830,622,1,165.95,Big Spenders
37922,1043,2,165.95,At Risk (High Value)
11523,648,2,165.95,Average Regulars
62819,98,2,165.93,Champions
43982,77,1,165.93,Big Spenders
83899,886,2,165.88,At Risk (High Value)
62542,1242,1,165.77,Big Spenders
40127,540,1,165.75,Big Spenders
72047,29,2,165.7,Champions
46766,4,2,165.69,Champions
2605,1228,1,165.66,Big Spenders
44063,273,2,165.49,Champions
72784,88,2,165.33,Champions
14923,679,1,165.24,At Risk (High Value)
44427,0,1,165.15,Big Spenders
52471,38,1,165.07,Big Spenders
56474,1574,1,165.05,Big Spenders
21388,5,1,165.0,Big Spenders
44323,64,1,165.0,Champions
81637,260,1,165.0,Big Spenders
16411,285,1,165.0,Champions
67375,2131,1,165.0,Big Spenders
14335,1077,1,165.0,Big Spenders
20815,402,1,165.0,Big Spenders
97720,674,1,165.0,At Risk (High Value)
9611,613,1,165.0,Big Spenders
88488,225,1,165.0,Champions
91853,213,1,165.0,Big Spenders
36734,4,1,165.0,Champions
16318,1205,1,165.0,Big Spenders
52666,123,1,165.0,Champions
58250,473,1,165.0,Average Regulars
21465,1375,1,165.0,Big Spenders
24711,1335,1,165.0,Big Spenders
30247,147,1,165.0,Big Spenders
69198,550,1,165.0,Big Spenders
71368,604,1,165.0,Big Spenders
24384,1245,1,165.0,Big Spenders
4374,672,1,165.0,At Risk (High Value)
54153,420,1,165.0,Big Spenders
25334,67,1,165.0,Champions
33216,1258,1,165.0,At Risk (High Value)
93625,191,1,164.99,Champions
47346,1175,2,164.99,At Risk (High Value)
50355,84,2,164.99,Champions
90909,17,1,164.99,Champions
53075,229,2,164.99,Champions
76062,2032,1,164.99,Big Spenders
68923,208,1,164.99,Champions
3260,133,2,164.99,Champions
90082,1755,1,164.99,Big Spenders
98207,25,1,164.98,Champions
45469,341,1,164.98,Big Spenders
85091,1174,1,164.98,Big Spenders
35028,677,2,164.95,At Risk (High Value)
42052,191,1,164.95,Big Spenders
13800,234,1,164.95,Big Spenders
76908,1046,1,164.95,At Risk (High Value)
66710,1203,1,164.95,Big Spenders
6618,557,1,164.95,Big Spenders
90537,306,1,164.94,Champions
31462,794,1,164.94,At Risk (High Value)
51514,15,1,164.94,Big Spenders
97209,36,1,164.88,Big Spenders
97331,37,1,164.83,Big Spenders
22516,1159,2,164.74,At Risk (High Value)
45308,291,1,164.72,Champions
35262,254,1,164.66,Big Spenders
94408,6,2,164.65,Champions
16391,350,1,164.64,Big Spenders
90827,311,2,164.63,Champions
35887,375,1,164.52,Big Spenders
52248,1242,2,164.51,At Risk (High Value)
65387,533,1,164.5,Big Spenders
83945,867,1,164.5,At Risk (High Value)
54606,394,2,164.5,Average Regulars
51526,467,1,164.49,Big Spenders
84037,61,2,164.48,Champions
56708,279,2,164.37,Champions
92679,1653,1,164.37,Big Spenders
98299,1018,1,164.25,Big Spenders
81703,290,2,164.1,Champions
2175,585,1,164.05,Average Regulars
78615,1426,1,164.0,Big Spenders
21059,1225,1,164.0,Big Spenders
40886,540,1,164.0,Big Spenders
63290,834,1,164.0,Big Spenders
58604,2201,1,163.99,At Risk (High Value)
32033,84,1,163.99,Big Spenders
2819,22,1,163.99,Big Spenders
59545,844,1,163.99,At Risk (High Value)
91208,292,1,163.99,Big Spenders
64803,184,2,163.98,Champions
9021,103,1,163.98,Big Spenders
55979,1559,1,163.98,Big Spenders
71799,405,1,163.98,Big Spenders
57422,0,2,163.96,Champions
28338,15,1,163.95,Champions
68777,952,1,163.95,Big Spenders
40287,342,2,163.95,Average Regulars
17182,638,2,163.95,Average Regulars
42006,1301,1,163.89,At Risk (High Value)
82509,294,2,163.89,Champions
14941,275,1,163.88,Champions
85450,1218,2,163.86,At Risk (High Value)
73492,187,2,163.69,Champions
39112,726,1,163.64,At Risk (High Value)
13061,253,1,163.64,Champions
38351,36,1,163.64,Big Spenders
80475,1,2,163.61,Champions
47278,36,2,163.57,Champions
29322,969,1,163.57,Big Spenders
62080,1445,1,163.5,Big Spenders
54250,696,1,163.5,Big Spenders
95639,1324,1,163.5,At Risk (High Value)
54546,1487,2,163.49,At Risk (High Value)
78947,1186,1,163.49,At Risk (High Value)
88813,197,1,163.49,Big Spenders
7450,390,2,163.48,Average Regulars
58608,1381,1,163.47,Big Spenders
21206,1279,2,163.45,At Risk (High Value)
17693,419,1,163.45,Big Spenders
47655,103,1,163.44,Champions
51985,1253,2,163.44,At Risk (High Value)
4097,1111,1,163.42,Big Spenders
1489,130,2,163.35,Champions
39236,184,1,163.28,Big Spenders
4152,250,1,163.24,Champions
77552,1561,1,163.22,Big Spenders
15062,964,1,163.18,Big Spenders
29347,1376,1,163.11,Big Spenders
35782,69,1,163.0,Big Spenders
64042,6,2,163.0,Champions
83847,472,1,163.0,Big Spenders
3672,1751,1,163.0,Big Spenders
55656,142,2,163.0,Champions
75602,325,1,163.0,Big Spenders
77973,2339,1,163.0,Big Spenders
81436,24,2,163.0,Champions
10781,765,1,163.0,At Risk (High Value)
96744,898,1,163.0,Big Spenders
63542,533,1,163.0,Big Spenders
36491,724,1,162.99,Big Spenders
31090,699,1,162.97,At Risk (High Value)
46483,734,1,162.97,Big Spenders
51016,20,1,162.95,Big Spenders
81209,1082,2,162.95,At Risk (High Value)
25656,1264,1,162.94,Big Spenders
53475,363,1,162.93,Big Spenders
76678,157,1,162.9,Champions
33256,1040,1,162.88,Big Spenders
55397,396,2,162.87,Average Regulars
72481,56,2,162.86,Champions
34118,145,2,162.78,Champions
79000,1975,2,162.64,At Risk (High Value)
88828,33,1,162.59,Big Spenders
71364,897,1,162.5,Big Spenders
28494,407,1,162.47,Big Spenders
97134,2,1,162.45,Big Spenders
54272,647,2,162.42,Average Regulars
58428,2098,1,162.36,Big Spenders
28839,1352,1,162.26,Big Spenders
12290,1903,1,162.26,Big Spenders
56139,1219,1,162.24,At Risk (High Value)
2285,0,2,162.22,Champions
85121,682,1,162.15,At Risk (High Value)
72997,94,1,162.0,Big Spenders
14982,100,1,162.0,Big Spenders
15525,2505,1,162.0,Big Spenders
60461,104,2,161.99,Champions
46101,267,2,161.99,Champions
7088,50,2,161.99,Champions
76789,2316,1,161.99,Big Spenders
65749,617,2,161.98,Average Regulars
18470,1060,2,161.97,At Risk (High Value)
10271,231,2,161.97,Champions
92358,292,1,161.96,Big Spenders
40704,355,1,161.95,Big Spenders
85255,358,1,161.95,Big Spenders
80117,1394,1,161.94,Big Spenders
75559,129,2,161.93,Champions
74210,769,1,161.92,Big Spenders
73118,181,1,161.91,Big Spenders
61339,78,2,161.9,Champions
75433,108,1,161.89,Big Spenders
25948,1204,1,161.82,At Risk (High Value)
73909,515,1,161.72,Big Spenders
32220,8,2,161.72,Champions
48246,11,2,161.7,Champions
1759,2,1,161.6,Big Spenders
9121,1586,1,161.56,At Risk (High Value)
96048,241,2,161.55,Champions
66557,193,1,161.47,Champions
40317,50,1,161.47,Big Spenders
54257,253,1,161.4,Champions
95038,200,1,161.32,Big Spenders
36594,73,1,161.31,Big Spenders
34735,1531,2,161.3,At Risk (High Value)
66775,54,2,161.27,Champions
23840,252,1,161.25,Big Spenders
95401,310,2,161.23,Champions
74615,330,2,161.18,Average Regulars
3335,371,1,161.16,Big Spenders
89644,490,1,161.13,Big Spenders
66239,326,2,161.11,Average Regulars
46683,189,1,161.0,Champions
93456,1776,1,161.0,Big Spenders
34764,178,2,160.99,Champions
19595,1763,1,160.98,Big Spenders
45995,32,2,160.94,Champions
88925,1638,1,160.94,Big Spenders
44292,144,2,160.92,Champions
25963,134,3,160.92,Champions
57311,1492,1,160.81,At Risk (High Value)
29155,615,1,160.67,Average Regulars
1788,717,1,160.5,At Risk (High Value)
96548,305,1,160.49,Big Spenders
89374,760,1,160.43,At Risk (High Value)
93148,76,2,160.42,Champions
10743,448,1,160.4,Big Spenders
71159,337,1,160.3,Big Spenders
69342,1950,2,160.14,At Risk (High Value)
6095,1384,1,160.14,Big Spenders
66578,135,1,160.12,Big Spenders
66502,838,2,160.09,At Risk (High Value)
81420,226,1,160.0,Champions
74156,429,1,160.0,Big Spenders
22766,34,1,160.0,Big Spenders
72450,246,1,160.0,Big Spenders
67972,75,1,160.0,Champions
98753,196,1,160.0,Champions
21682,394,1,160.0,Big Spenders
76609,377,1,160.0,Big Spenders
58175,289,1,160.0,Big Spenders
19015,298,1,160.0,Big Spenders
30432,2306,1,160.0,Big Spenders
65642,200,1,160.0,Big Spenders
71917,414,1,160.0,Big Spenders
87090,1455,1,160.0,Big Spenders
98922,2143,1,160.0,At Risk (High Value)
40301,30,1,160.0,Big Spenders
13134,654,1,160.0,Big Spenders
68637,1771,1,160.0,Big Spenders
99999,352,1,160.0,Big Spenders
81276,184,1,160.0,Champions
17049,496,1,160.0,Big Spenders
7552,2185,1,160.0,Big Spenders
22221,281,1,160.0,Champions
26212,15,1,160.0,Big Spenders
91196,68,1,160.0,Big Spenders
3455,1168,1,159.99,At Risk (High Value)
86180,883,3,159.99,At Risk (High Value)
38625,1415,1,159.99,Big Spenders
91225,802,1,159.99,Big Spenders
23690,309,1,159.99,Big Spenders
99376,124,1,159.99,Big Spenders
8962,193,1,159.99,Champions
67125,11,1,159.99,Champions
47458,2,1,159.98,Big Spenders
37446,621,1,159.95,Average Regulars
3105,273,1,159.95,Champions
17360,342,1,159.95,Big Spenders
38852,251,1,159.95,Champions
19644,107,1,159.95,Big Spenders
76265,1068,1,159.95,At Risk (High Value)
86357,313,1,159.95,Big Spenders
59183,648,1,159.95,Average Regulars
61463,897,1,159.95,Big Spenders
61884,171,1,159.95,Big Spenders
82561,80,1,159.94,Big Spenders
32613,1069,1,159.93,Big Spenders
95633,654,2,159.93,Average Regulars
28365,314,2,159.93,Champions
56523,560,2,159.93,Average Regulars
78881,416,2,159.9,Average Regulars
95130,339,1,159.86,Big Spenders
71348,909,2,159.78,At Risk (High Value)
1259,240,1,159.77,Champions
10181,340,1,159.75,Big Spenders
58511,369,1,159.69,Big Spenders
92311,677,1,159.6,At Risk (High Value)
59950,2634,1,159.6,At Risk (High Value)
81760,1252,1,159.59,Big Spenders
15026,213,1,159.5,Champions
6449,1755,1,159.49,Big Spenders
452,207,2,159.49,Champions
58483,339,1,159.49,Big Spenders
71896,119,2,159.34,Champions
83715,316,1,159.26,Champions
36661,131,1,159.25,Champions
43162,316,1,159.2,Champions
85772,1312,2,159.01,At Risk (High Value)
47640,103,1,159.0,Big Spenders
58828,1072,1,159.0,Big Spenders
42447,115,1,159.0,Big Spenders
29234,1213,1,159.0,At Risk (High Value)
35896,505,1,159.0,Average Regulars
92173,706,1,159.0,Big Spenders
5308,184,1,159.0,Big Spenders
70689,2170,1,159.0,Big Spenders
87771,495,2,159.0,Average Regulars
58582,783,1,159.0,Big Spenders
29780,1237,1,159.0,At Risk (High Value)
7704,536,1,159.0,Big Spenders
32735,824,1,159.0,Big Spenders
95702,5,1,159.0,Champions
13954,919,1,159.0,Big Spenders
71983,446,1,158.99,Big Spenders
86019,1400,2,158.99,At Risk (High Value)
73099,95,1,158.99,Champions
12917,135,2,158.99,Champions
59039,1629,1,158.99,Big Spenders
48561,85,1,158.99,Champions
80843,1455,1,158.98,Big Spenders
83123,90,2,158.98,Champions
24060,715,1,158.96,At Risk (High Value)
38633,11,1,158.95,Champions
27195,94,1,158.95,Champions
80422,529,1,158.94,Big Spenders
38631,120,2,158.93,Champions
2761,878,1,158.93,Big Spenders
69559,1727,1,158.91,Big Spenders
12676,987,1,158.9,Big Spenders
95571,0,1,158.87,Big Spenders
88157,1205,1,158.64,Big Spenders
66824,1736,1,158.63,Big Spenders
54366,541,1,158.58,Big Spenders
81067,45,1,158.55,Big Spenders
82242,423,2,158.55,Average Regulars
42808,415,1,158.54,Big Spenders
90669,1012,1,158.53,Big Spenders
91076,1385,1,158.5,Big Spenders
38374,1328,1,158.49,Big Spenders
16999,1704,1,158.44,At Risk (High Value)
83921,179,1,158.4,Champions
63466,225,2,158.4,Champions
85262,1154,2,158.38,At Risk (High Value)
42410,701,1,158.37,At Risk (High Value)
782,15,1,158.33,Big Spenders
96511,688,1,158.33,At Risk (High Value)
65969,1812,1,158.27,Big Spenders
12347,685,1,158.25,At Risk (High Value)
71803,5,1,158.19,Champions
97211,583,1,158.14,Big Spenders
75972,22,1,158.0,Big Spenders
4109,141,1,158.0,Champions
33717,522,1,158.0,Big Spenders
80863,771,1,158.0,At Risk (High Value)
98851,1179,1,158.0,At Risk (High Value)
83518,1054,1,158.0,Big Spenders
45272,784,1,158.0,Big Spenders
63649,1276,1,158.0,At Risk (High Value)
5856,174,1,158.0,Big Spenders
73641,982,1,158.0,Big Spenders
35539,249,1,158.0,Big Spenders
59255,75,1,158.0,Big Spenders
28750,5,1,158.0,Big Spenders
72249,1117,1,158.0,At Risk (High Value)
42615,1167,1,158.0,Big Spenders
14843,4,1,158.0,Big Spenders
49062,673,1,158.0,Big Spenders
15070,703,1,158.0,Big Spenders
89619,363,1,158.0,Big Spenders
24571,40,1,158.0,Big Spenders
18075,350,1,158.0,Big Spenders
94324,2071,1,158.0,Big Spenders
21693,897,1,158.0,Big Spenders
92639,455,1,158.0,Big Spenders
68194,199,1,158.0,Champions
47483,542,1,158.0,Big Spenders
34293,487,1,158.0,Big Spenders
39595,110,1,158.0,Champions
52966,566,1,158.0,Big Spenders
14093,491,1,158.0,Big Spenders
57449,1046,1,158.0,Big Spenders
82098,848,1,158.0,At Risk (High Value)
8747,112,1,158.0,Champions
94878,74,1,158.0,Big Spenders
52756,218,1,158.0,Big Spenders
4309,343,1,158.0,Big Spenders
78428,241,1,158.0,Champions
71084,58,1,158.0,Big Spenders
87531,308,1,158.0,Big Spenders
15564,41,1,158.0,Big Spenders
15937,431,1,158.0,Big Spenders
25863,867,1,158.0,Big Spenders
59563,1338,2,158.0,At Risk (High Value)
57988,420,1,158.0,Big Spenders
12558,1446,1,157.99,Big Spenders
38651,740,1,157.99,At Risk (High Value)
34932,401,1,157.98,Big Spenders
93237,2,1,157.98,Big Spenders
5466,1836,1,157.98,Big Spenders
37336,1313,1,157.98,Big Spenders
46287,36,2,157.96,Champions
8680,98,1,157.95,Champions
41963,180,2,157.95,Champions
43073,89,2,157.91,Champions
85950,918,1,157.9,Big Spenders
64611,835,1,157.89,At Risk (High Value)
46250,146,1,157.89,Champions
25539,168,1,157.89,Champions
43572,1031,1,157.89,Big Spenders
76681,647,2,157.72,Average Regulars
99234,284,1,157.65,Champions
77424,628,1,157.63,Average Regulars
86358,885,1,157.61,Big Spenders
43293,274,2,157.6,Champions
92708,1193,2,157.5,At Risk (High Value)
71792,115,1,157.5,Big Spenders
37565,1321,1,157.5,Big Spenders
15115,163,2,157.5,Champions
35247,382,1,157.5,Big Spenders
72400,290,1,157.5,Big Spenders
1056,916,1,157.5,Big Spenders
63420,1090,1,157.5,Big Spenders
98411,208,1,157.5,Champions
17265,220,1,157.5,Champions
26004,1787,1,157.5,Big Spenders
92107,346,1,157.5,Big Spenders
51154,1769,1,157.5,Big Spenders
38954,160,1,157.5,Champions
79239,43,1,157.49,Big Spenders
74390,346,1,157.45,Big Spenders
22626,82,1,157.44,Big Spenders
44713,89,1,157.43,Champions
87547,435,1,157.4,Big Spenders
2211,951,2,157.39,At Risk (High Value)
26910,312,2,157.38,Champions
56289,301,1,157.33,Big Spenders
99307,617,1,157.29,Big Spenders
48103,99,1,157.28,Big Spenders
46094,1676,2,157.25,At Risk (High Value)
91445,8,2,157.12,Champions
16358,62,1,157.03,Champions
8236,99,1,157.0,Big Spenders
36933,1507,1,157.0,At Risk (High Value)
11823,80,1,157.0,Big Spenders
46129,1246,1,157.0,Big Spenders
24664,161,1,157.0,Big Spenders
80559,1378,1,157.0,Big Spenders
92384,246,1,156.99,Big Spenders
51877,394,1,156.98,Big Spenders
92770,261,1,156.94,Big Spenders
63306,1455,1,156.94,Big Spenders
1472,1010,2,156.94,At Risk (High Value)
23063,4,1,156.94,Champions
28609,566,1,156.93,Big Spenders
6162,1015,1,156.91,Big Spenders
44172,1440,1,156.91,Big Spenders
57810,11,2,156.89,Champions
33390,294,1,156.87,Big Spenders
96184,306,3,156.79,Champions
53647,96,1,156.68,Champions
22260,1179,1,156.64,At Risk (High Value)
18230,33,2,156.56,Champions
16514,558,1,156.54,Big Spenders
83029,5,1,156.51,Champions
48746,884,2,156.49,At Risk (High Value)
13582,3,1,156.48,Champions
81685,885,3,156.45,At Risk (High Value)
45768,202,1,156.44,Big Spenders
67329,1850,1,156.44,Big Spenders
14561,929,1,156.34,Big Spenders
49283,28,2,156.32,Champions
49873,325,1,156.26,Big Spenders
8545,1420,1,156.24,Big Spenders
59002,142,1,156.24,Champions
62825,1239,1,156.21,At Risk (High Value)
36340,566,2,156.13,Average Regulars
44780,2256,1,156.0,Big Spenders
60483,174,2,156.0,Champions
76459,638,1,156.0,Average Regulars
71222,299,1,155.99,Big Spenders
41629,727,2,155.99,At Risk (High Value)
91119,1437,2,155.99,At Risk (High Value)
41243,185,1,155.99,Big Spenders
42443,243,1,155.98,Big Spenders
16142,2350,1,155.98,At Risk (High Value)
75509,742,1,155.95,Big Spenders
34826,241,2,155.95,Champions
59951,615,2,155.95,Average Regulars
7510,162,1,155.95,Champions
15850,923,2,155.94,At Risk (High Value)
48144,87,1,155.91,Big Spenders
51307,388,2,155.88,Average Regulars
43867,375,1,155.75,Big Spenders
90962,268,1,155.69,Big Spenders
5307,423,2,155.65,Average Regulars
24859,424,1,155.63,Big Spenders
84031,248,1,155.53,Champions
61538,913,2,155.5,At Risk (High Value)
35065,1778,1,155.49,Big Spenders
47308,508,1,155.46,Big Spenders
48986,322,1,155.44,Champions
23107,51,1,155.4,Big Spenders
90822,173,1,155.11,Champions
59657,312,1,155.0,Champions
20451,0,1,155.0,Big Spenders
71967,2486,1,155.0,Big Spenders
33806,1105,1,155.0,Big Spenders
47572,710,1,155.0,Big Spenders
35269,78,1,155.0,Big Spenders
22707,981,1,155.0,Big Spenders
29109,50,1,155.0,Big Spenders
45100,354,2,155.0,Average Regulars
89409,365,1,155.0,Big Spenders
27232,1093,1,155.0,Big Spenders
4542,866,1,155.0,At Risk (High Value)
55852,783,1,155.0,Big Spenders
4968,1283,1,155.0,Big Spenders
32645,81,1,155.0,Big Spenders
4411,1690,1,155.0,Big Spenders
62019,221,1,155.0,Champions
71671,300,1,155.0,Big Spenders
86304,1017,1,155.0,Big Spenders
9831,532,1,155.0,Big Spenders
32886,480,1,155.0,Big Spenders
7601,461,1,154.99,Big Spenders
85731,77,1,154.99,Champions
69060,13,1,154.99,Big Spenders
32192,2032,2,154.99,At Risk (High Value)
33875,6,1,154.99,Big Spenders
44254,7,1,154.99,Champions
96576,942,1,154.99,Big Spenders
83597,38,1,154.99,Big Spenders
87516,2603,1,154.99,Big Spenders
3000,736,1,154.99,At Risk (High Value)
62301,1384,1,154.99,Big Spenders
69572,1956,1,154.99,At Risk (High Value)
40912,53,2,154.99,Champions
94688,2123,1,154.99,Big Spenders
15986,679,1,154.97,Big Spenders
54045,362,3,154.97,Average Regulars
72980,1753,1,154.97,Big Spenders
41409,739,1,154.97,At Risk (High Value)
12426,63,3,154.96,Champions
63623,224,1,154.95,Champions
96573,354,1,154.95,Big Spenders
6227,4,2,154.95,Champions
60822,365,1,154.95,Big Spenders
72617,186,1,154.95,Champions
54904,127,1,154.94,Big Spenders
71400,563,1,154.93,Big Spenders
7751,609,1,154.93,Big Spenders
89886,718,1,154.93,At Risk (High Value)
57006,428,1,154.9,Big Spenders
82720,550,2,154.71,Average Regulars
17656,1011,2,154.68,At Risk (High Value)
44851,424,1,154.64,Big Spenders
82258,1055,1,154.53,At Risk (High Value)
65714,62,1,154.5,Champions
12058,256,1,154.5,Big Spenders
36475,1670,1,154.49,At Risk (High Value)
64286,968,1,154.48,Big Spenders
95588,1327,1,154.45,Big Spenders
75701,2191,1,154.44,Big Spenders
24720,472,1,154.43,Big Spenders
67719,2700,1,154.4,At Risk (High Value)
43155,306,3,154.39,Champions
62462,1791,2,154.36,At Risk (High Value)
42637,307,1,154.36,Champions
85538,512,1,154.29,Big Spenders
61459,59,2,154.24,Champions
65646,384,1,154.19,Big Spenders
47176,1159,2,154.17,At Risk (High Value)
66909,266,1,154.15,Big Spenders
70732,1040,3,154.15,At Risk (High Value)
24265,942,1,154.07,Big Spenders
10173,1939,1,154.0,At Risk (High Value)
2109,57,2,154.0,Champions
36722,1447,1,154.0,Big Spenders
62673,1348,1,154.0,At Risk (High Value)
97413,360,1,154.0,Big Spenders
49171,231,1,154.0,Big Spenders
65461,737,2,154.0,At Risk (High Value)
57211,325,2,153.99,Average Regulars
45163,362,1,153.99,Big Spenders
80764,37,2,153.99,Champions
74204,798,2,153.98,At Risk (High Value)
20992,43,1,153.98,Big Spenders
10571,303,1,153.97,Big Spenders
5972,272,1,153.95,Champions
79727,2313,1,153.95,At Risk (High Value)
53979,1089,1,153.95,Big Spenders
14568,1154,1,153.94,At Risk (High Value)
7872,90,1,153.9,Champions
44587,589,1,153.89,Big Spenders
89515,120,1,153.87,Big Spenders
13852,5,1,153.75,Big Spenders
26248,960,1,153.74,Big Spenders
3299,10,2,153.62,Champions
94758,954,2,153.51,At Risk (High Value)
67555,779,2,153.5,At Risk (High Value)
30993,498,2,153.5,Average Regulars
68304,1942,1,153.5,At Risk (High Value)
43208,1,1,153.48,Big Spenders
76825,1619,2,153.48,At Risk (High Value)
26589,1175,1,153.46,Big Spenders
14201,741,1,153.43,At Risk (High Value)
10953,77,2,153.35,Champions
60622,77,1,153.2,Big Spenders
34251,1756,1,153.2,Big Spenders
62906,1722,1,153.08,Big Spenders
99250,113,1,153.07,Big Spenders
43587,892,1,153.0,Big Spenders
79067,58,1,152.99,Big Spenders
76465,2462,2,152.99,At Risk (High Value)
99445,2228,1,152.99,At Risk (High Value)
26730,708,3,152.97,At Risk (High Value)
11754,217,1,152.95,Big Spenders
77763,611,1,152.94,Average Regulars
52989,1366,1,152.94,Big Spenders
81753,363,2,152.94,Average Regulars
29357,41,1,152.93,Big Spenders
79796,84,2,152.87,Champions
85835,28,2,152.87,Champions
14445,462,1,152.86,Big Spenders
93663,27,1,152.84,Big Spenders
96820,489,1,152.76,Big Spenders
77808,404,2,152.72,Average Regulars
27737,247,2,152.69,Champions
69187,894,1,152.69,Big Spenders
52277,95,1,152.65,Champions
32012,1011,2,152.61,At Risk (High Value)
78056,20,2,152.5,Champions
89683,334,2,152.48,Average Regulars
26426,38,1,152.44,Big Spenders
22026,406,1,152.37,Big Spenders
91609,351,1,152.29,Big Spenders
41223,418,2,152.28,Average Regulars
87502,444,1,152.25,Big Spenders
65985,1229,2,152.16,At Risk (High Value)
84767,479,1,152.12,Big Spenders
90674,315,1,152.1,Champions
85718,986,1,152.0,Big Spenders
30495,6,1,152.0,Big Spenders
28275,1371,1,152.0,Big Spenders
6602,857,1,152.0,At Risk (High Value)
77091,1367,1,152.0,Big Spenders
9359,780,2,151.99,At Risk (High Value)
30549,2382,1,151.99,Big Spenders
44225,150,2,151.99,Champions
4646,361,1,151.98,Big Spenders
83724,220,1,151.95,Champions
17029,1673,2,151.94,At Risk (High Value)
67622,508,1,151.93,Big Spenders
64070,365,1,151.9,Big Spenders
51416,441,2,151.89,Average Regulars
75957,745,1,151.88,Big Spenders
12943,1478,1,151.82,Big Spenders
44861,1425,1,151.81,Big Spenders
69536,160,1,151.77,Champions
30356,1088,2,151.73,At Risk (High Value)
69946,19,1,151.7,Champions
96880,177,1,151.64,Big Spenders
99700,1215,1,151.63,Big Spenders
1588,1243,1,151.5,Big Spenders
14698,935,2,151.5,At Risk (High Value)
32323,562,1,151.47,Big Spenders
29901,107,1,151.42,Big Spenders
20917,221,1,151.41,Champions
11008,229,1,151.25,Big Spenders
91647,1627,1,151.24,At Risk (High Value)
30611,1362,1,151.24,At Risk (High Value)
8930,377,1,151.21,Big Spenders
39580,159,1,151.2,Champions
98140,729,2,151.14,At Risk (High Value)
48231,2023,1,151.1,Big Spenders
97327,315,2,151.06,Champions
83924,57,2,151.02,Champions
62758,2420,1,151.0,Big Spenders
2229,439,1,151.0,Big Spenders
6518,265,1,151.0,Big Spenders
21091,1103,1,151.0,Big Spenders
79459,888,1,150.99,Big Spenders
12325,719,1,150.99,Big Spenders
64685,392,2,150.98,Average Regulars
10071,1116,1,150.94,At Risk (High Value)
48506,448,1,150.94,Big Spenders
52947,2405,1,150.94,Big Spenders
22537,788,2,150.93,At Risk (High Value)
63508,95,1,150.9,Champions
77422,0,1,150.88,Big Spenders
25807,1860,1,150.83,Big Spenders
11100,421,1,150.8,Big Spenders
19672,361,1,150.75,Big Spenders
56364,901,1,150.72,Big Spenders
32380,1358,2,150.61,At Risk (High Value)
41965,493,2,150.57,Average Regulars
96903,716,2,150.5,At Risk (High Value)
72937,894,1,150.48,Big Spenders
18623,675,1,150.47,At Risk (High Value)
36764,1716,1,150.41,At Risk (High Value)
68054,1822,1,150.41,Big Spenders
15219,135,1,150.41,Champions
11503,1857,1,150.37,Big Spenders
302,477,3,150.19,Average Regulars
96778,492,1,150.18,Big Spenders
20587,615,1,150.14,Big Spenders
19308,439,1,150.13,Big Spenders
13958,1189,1,150.11,At Risk (High Value)
7427,6,1,150.0,Big Spenders
33722,581,1,150.0,Average Regulars
57575,712,1,150.0,Big Spenders
13709,1617,1,150.0,At Risk (High Value)
29406,880,1,150.0,Big Spenders
74113,538,1,150.0,Big Spenders
82985,2306,1,150.0,At Risk (High Value)
68451,1296,1,150.0,At Risk (High Value)
34493,1005,1,150.0,Big Spenders
30460,421,1,150.0,Big Spenders
21765,468,3,150.0,Average Regulars
14281,739,1,150.0,Big Spenders
11121,1769,1,150.0,Big Spenders
27537,324,1,150.0,Big Spenders
77253,15,1,150.0,Champions
74436,102,1,150.0,Big Spenders
52482,50,1,150.0,Big Spenders
59498,167,1,150.0,Champions
93389,560,1,150.0,Big Spenders
50265,938,1,150.0,Big Spenders
39424,1034,1,150.0,At Risk (High Value)
83586,1027,1,150.0,Big Spenders
73917,670,1,150.0,Big Spenders
70711,101,2,150.0,Champions
40936,1816,1,150.0,Big Spenders
90747,1646,1,150.0,At Risk (High Value)
7814,1,1,150.0,Champions
33593,1124,1,150.0,At Risk (High Value)
22266,756,1,150.0,Big Spenders
30883,25,1,150.0,Big Spenders
13492,258,1,150.0,Champions
31531,139,1,150.0,Champions
3957,1867,1,150.0,At Risk (High Value)
1638,283,2,150.0,Champions
58512,61,1,150.0,Big Spenders
83940,1762,1,150.0,Big Spenders
53061,788,1,149.99,Big Spenders
24721,1010,1,149.99,Big Spenders
76910,846,1,149.99,At Risk (High Value)
42633,1484,1,149.99,At Risk (High Value)
51191,1435,1,149.99,Big Spenders
59416,47,1,149.99,Big Spenders
67998,25,1,149.99,Big Spenders
1989,212,1,149.99,Champions
60906,579,1,149.99,Average Regulars
38603,1055,1,149.99,At Risk (High Value)
57904,116,1,149.99,Big Spenders
39598,435,2,149.99,Average Regulars
21612,1135,1,149.99,At Risk (High Value)
60393,1798,1,149.99,Big Spenders
52103,317,2,149.99,Champions
42400,561,1,149.99,Big Spenders
79558,1307,1,149.99,At Risk (High Value)
98927,273,2,149.99,Champions
77025,281,1,149.99,Champions
62766,1619,1,149.99,At Risk (High Value)
14213,517,1,149.98,Average Regulars
39200,61,2,149.98,Champions
91896,278,1,149.98,Champions
65316,1407,1,149.98,Big Spenders
11780,151,1,149.98,Champions
21864,138,2,149.98,Champions
47329,1729,1,149.98,Big Spenders
84774,1300,1,149.98,At Risk (High Value)
61738,488,1,149.98,Average Regulars
2822,132,2,149.98,Champions
5719,4,2,149.98,Champions
35696,83,1,149.98,Big Spenders
59006,254,1,149.97,Champions
30822,29,1,149.97,Big Spenders
72219,261,1,149.97,Big Spenders
87390,95,1,149.97,Champions
37481,131,1,149.97,Big Spenders
86300,107,1,149.96,Big Spenders
49886,446,1,149.95,Big Spenders
85389,41,1,149.95,Big Spenders
36871,467,1,149.95,Big Spenders
12759,1058,1,149.95,Big Spenders
71777,1887,1,149.95,At Risk (High Value)
94946,158,1,149.95,Big Spenders
16333,494,1,149.95,Big Spenders
35076,37,1,149.95,Big Spenders
52485,4,1,149.95,Big Spenders
402,73,1,149.94,Big Spenders
54696,337,1,149.94,Big Spenders
98120,128,1,149.94,Big Spenders
86831,396,1,149.94,Big Spenders
84646,495,1,149.94,Average Regulars
8880,927,1,149.92,Big Spenders
51967,1190,1,149.9,At Risk (High Value)
23734,634,1,149.9,Average Regulars
69745,581,2,149.9,Average Regulars
57527,151,2,149.89,Champions
52990,1810,1,149.87,Big Spenders
97117,306,1,149.87,Champions
6269,84,2,149.85,Champions
43650,31,1,149.78,Big Spenders
65058,73,1,149.76,Champions
35024,416,1,149.73,Big Spenders
94685,1616,2,149.72,At Risk (High Value)
80245,111,1,149.72,Champions
32351,601,1,149.71,Average Regulars
19354,63,1,149.5,Champions
69992,735,1,149.5,Big Spenders
22359,184,1,149.5,Champions
8433,4,1,149.5,Champions
38386,530,1,149.5,Big Spenders
91191,965,1,149.5,Big Spenders
38198,532,1,149.5,Big Spenders
81900,1472,1,149.49,Big Spenders
15165,147,2,149.49,Champions
77645,2063,1,149.49,Big Spenders
64078,442,1,149.49,Big Spenders
89873,75,1,149.49,Big Spenders
42348,25,1,149.48,Big Spenders
95818,257,2,149.48,Champions
56467,690,2,149.45,At Risk (High Value)
62068,298,1,149.42,Champions
12700,347,1,149.26,Big Spenders
94068,1481,1,149.25,Big Spenders
88663,60,1,149.24,Big Spenders
42825,561,1,149.2,Big Spenders
31745,1390,1,149.12,Big Spenders
1237,495,1,149.11,Big Spenders
1077,69,2,149.09,Champions
51869,116,1,149.08,Big Spenders
57301,984,1,149.0,Big Spenders
61906,438,1,149.0,Big Spenders
49090,1020,1,149.0,Big Spenders
89404,1200,1,149.0,At Risk (High Value)
92728,204,1,149.0,Big Spenders
7769,85,1,149.0,Champions
44971,719,1,149.0,Big Spenders
32080,253,1,149.0,Champions
30845,31,1,149.0,Big Spenders
48376,89,1,149.0,Big Spenders
24491,1256,1,149.0,At Risk (High Value)
63219,185,1,149.0,Big Spenders
33348,1523,1,149.0,Big Spenders
73518,651,1,149.0,Average Regulars
21188,776,1,149.0,At Risk (High Value)
77033,43,1,149.0,Big Spenders
36312,1180,1,149.0,Big Spenders
71177,381,1,149.0,Big Spenders
24507,216,1,149.0,Big Spenders
67445,187,1,149.0,Champions
17107,1038,1,149.0,Big Spenders
78691,2413,1,149.0,Big Spenders
92766,857,1,149.0,Big Spenders
12556,782,1,149.0,Big Spenders
53165,206,2,148.99,Champions
54672,299,1,148.99,Big Spenders
59107,101,2,148.99,Champions
7708,24,1,148.99,Big Spenders
57529,212,1,148.99,Champions
74252,1077,1,148.99,Big Spenders
92346,718,1,148.99,Big Spenders
33102,912,1,148.99,Big Spenders
67887,957,2,148.99,At Risk (High Value)
48170,1886,1,148.99,Big Spenders
94219,271,1,148.99,Big Spenders
38395,17,1,148.98,Big Spenders
89932,966,1,148.98,Big Spenders
26125,60,1,148.98,Big Spenders
70507,458,2,148.98,Average Regulars
80873,1510,1,148.98,Big Spenders
84132,42,1,148.98,Big Spenders
29259,2035,1,148.98,Big Spenders
49612,803,2,148.95,At Risk (High Value)
93305,591,1,148.95,Big Spenders
84780,501,2,148.95,Average Regulars
75075,24,1,148.95,Big Spenders
28441,677,1,148.95,At Risk (High Value)
75940,69,1,148.95,Big Spenders
20563,862,2,148.9,At Risk (High Value)
24649,1008,1,148.89,Big Spenders
19679,1751,1,148.87,Big Spenders
66675,1014,1,148.8,Big Spenders
20866,130,1,148.77,Champions
77483,746,1,148.76,Big Spenders
75093,655,1,148.65,Big Spenders
87607,426,1,148.61,Big Spenders
38667,911,1,148.58,Big Spenders
3544,2428,1,148.58,Big Spenders
72901,19,1,148.58,Champions
92617,60,1,148.5,Champions
13916,72,2,148.49,Champions
96023,218,1,148.48,Big Spenders
45839,29,1,148.44,Big Spenders
35452,1743,1,148.37,Big Spenders
67681,365,1,148.31,Big Spenders
75763,1350,1,148.3,Big Spenders
68271,361,1,148.23,Big Spenders
80912,500,1,148.18,Big Spenders
60381,152,1,148.07,Champions
2599,188,2,148.04,Champions
65665,1822,1,148.01,Big Spenders
37704,12,1,148.0,Champions
20241,1152,1,148.0,Big Spenders
85885,693,1,148.0,At Risk (High Value)
45023,228,1,148.0,Big Spenders
75501,80,1,148.0,Champions
63953,1958,1,148.0,Big Spenders
33936,90,1,148.0,Big Spenders
14057,126,1,148.0,Big Spenders
77387,605,1,148.0,Big Spenders
99794,48,1,148.0,Big Spenders
68988,176,1,148.0,Big Spenders
87717,5,1,148.0,Big Spenders
74788,1651,1,148.0,At Risk (High Value)
18279,283,1,148.0,Big Spenders
46148,729,1,148.0,Big Spenders
16239,999,1,148.0,Big Spenders
67145,23,2,148.0,Champions
33401,708,1,148.0,Big Spenders
56865,775,1,148.0,Big Spenders
56529,1243,1,148.0,At Risk (High Value)
4700,1240,1,148.0,Big Spenders
59455,352,1,148.0,Big Spenders
9691,896,1,148.0,Big Spenders
87975,2400,1,148.0,Big Spenders
15254,207,1,148.0,Big Spenders
26704,314,1,148.0,Champions
93002,56,1,148.0,Champions
24479,219,1,148.0,Champions
28631,310,1,148.0,Champions
13807,49,1,148.0,Big Spenders
12951,2144,1,148.0,Big Spenders
74319,1979,1,148.0,At Risk (High Value)
86330,146,1,148.0,Champions
82251,516,1,148.0,Big Spenders
76738,1095,1,148.0,Big Spenders
92004,1939,1,148.0,At Risk (High Value)
61396,637,1,147.99,Average Regulars
18143,27,1,147.99,Big Spenders
1747,87,1,147.99,Champions
68921,2211,1,147.99,At Risk (High Value)
84412,2183,1,147.96,At Risk (High Value)
36241,191,1,147.96,Champions
30175,2352,1,147.95,At Risk (High Value)
61164,2128,1,147.94,Big Spenders
92157,1019,1,147.93,Big Spenders
8570,3,1,147.93,Big Spenders
20807,807,1,147.93,At Risk (High Value)
38501,1509,1,147.9,Big Spenders
8831,18,2,147.87,Champions
67211,1386,1,147.77,Big Spenders
48068,77,3,147.68,Champions
43525,53,1,147.63,Big Spenders
3005,14,1,147.6,Big Spenders
79019,185,1,147.6,Champions
1378,1546,1,147.57,At Risk (High Value)
17880,789,1,147.56,At Risk (High Value)
77592,143,3,147.56,Champions
82282,49,2,147.54,Champions
5320,795,3,147.53,At Risk (High Value)
32685,538,1,147.5,Big Spenders
51964,1402,1,147.5,Big Spenders
40537,0,1,147.5,Champions
93012,421,1,147.5,Big Spenders
26783,13,2,147.49,Champions
84261,959,1,147.49,Big Spenders
5050,18,1,147.49,Big Spenders
43512,156,1,147.48,Champions
46687,730,1,147.48,At Risk (High Value)
22607,505,2,147.45,Average Regulars
44921,1238,1,147.41,Big Spenders
89955,192,2,147.41,Champions
57498,30,1,147.37,Big Spenders
86441,443,1,147.29,Big Spenders
35145,82,1,147.24,Champions
37196,414,1,147.22,Big Spenders
10445,1110,2,147.2,At Risk (High Value)
48516,1201,1,147.18,At Risk (High Value)
96823,82,2,147.16,Champions
4864,10,1,147.13,Champions
44072,350,1,147.13,Big Spenders
34605,1784,1,147.13,Big Spenders
16413,436,1,147.13,Big Spenders
83064,1959,1,147.13,At Risk (High Value)
21621,430,1,147.13,Big Spenders
40871,758,2,147.12,At Risk (High Value)
22086,141,2,147.11,Champions
98481,279,2,147.06,Champions
45102,135,1,147.04,Big Spenders
54879,25,1,147.02,Big Spenders
70303,473,1,147.0,Big Spenders
39299,239,1,147.0,Champions
37278,1736,1,147.0,Big Spenders
42864,930,1,147.0,Big Spenders
24563,50,1,147.0,Big Spenders
67634,156,2,147.0,Champions
13853,314,1,147.0,Big Spenders
32107,145,1,147.0,Champions
31959,953,1,147.0,Big Spenders
62434,1667,1,147.0,Big Spenders
88476,870,1,146.99,At Risk (High Value)
48901,992,2,146.99,At Risk (High Value)
95021,25,1,146.99,Big Spenders
1601,945,1,146.99,Big Spenders
68141,843,1,146.98,Big Spenders
92920,2134,1,146.98,Big Spenders
4081,1380,1,146.97,Big Spenders
73594,699,2,146.96,At Risk (High Value)
98664,1324,1,146.95,Big Spenders
67437,1604,2,146.95,At Risk (High Value)
92045,606,1,146.95,Average Regulars
29912,2064,1,146.95,Big Spenders
65721,823,2,146.93,At Risk (High Value)
22588,1013,1,146.88,Big Spenders
90148,296,2,146.88,Champions
19037,1005,1,146.87,Big Spenders
354,1086,1,146.83,Big Spenders
28257,259,1,146.75,Champions
54921,222,1,146.75,Champions
97927,782,2,146.68,At Risk (High Value)
89986,1074,1,146.66,Big Spenders
51297,59,2,146.64,Champions
56127,814,2,146.6,At Risk (High Value)
83904,80,1,146.56,Champions
74812,439,2,146.5,Average Regulars
13719,41,2,146.49,Champions
20880,496,2,146.49,Average Regulars
12702,267,2,146.48,Champions
91180,332,1,146.46,Big Spenders
37011,27,1,146.46,Big Spenders
50228,11,3,146.46,Champions
19640,1917,1,146.45,At Risk (High Value)
7599,936,2,146.45,At Risk (High Value)
23254,2631,1,146.38,At Risk (High Value)
65134,6,1,146.35,Champions
93582,0,1,146.24,Big Spenders
69864,310,1,146.13,Big Spenders
6115,194,1,146.0,Champions
5372,698,1,146.0,At Risk (High Value)
56443,7,1,146.0,Big Spenders
65849,311,1,146.0,Big Spenders
9178,1992,1,146.0,Big Spenders
61706,1218,1,146.0,Big Spenders
97541,953,1,146.0,Big Spenders
77161,1762,1,145.99,Big Spenders
77429,582,2,145.99,Average Regulars
84236,814,1,145.99,At Risk (High Value)
5169,253,1,145.98,Champions
28106,5,1,145.98,Champions
88735,637,1,145.98,Average Regulars
38691,629,2,145.97,Average Regulars
75190,255,2,145.96,Champions
80574,66,1,145.95,Big Spenders
424,120,2,145.95,Champions
70906,1928,1,145.95,At Risk (High Value)
43532,108,1,145.94,Big Spenders
8977,307,1,145.94,Big Spenders
57839,566,2,145.93,Average Regulars
88842,4,1,145.93,Big Spenders
97454,545,1,145.91,Big Spenders
68969,111,1,145.89,Champions
30374,728,1,145.89,At Risk (High Value)
11696,1708,1,145.89,Big Spenders
78972,8,1,145.74,Big Spenders
81260,495,2,145.65,Average Regulars
3947,334,1,145.55,Big Spenders
7691,376,2,145.5,Average Regulars
16589,94,2,145.49,Champions
33426,146,2,145.49,Champions
13622,91,1,145.49,Champions
34752,262,1,145.45,Champions
38649,891,1,145.38,Big Spenders
51760,168,2,145.24,Champions
51684,1378,1,145.16,Big Spenders
16979,1497,1,145.14,Big Spenders
51763,565,1,145.14,Big Spenders
75275,530,1,145.09,Average Regulars
45432,418,1,145.08,Big Spenders
86206,52,1,145.08,Big Spenders
7702,926,1,145.06,Big Spenders
27676,233,3,145.02,Champions
67292,249,2,145.02,Champions
12785,245,1,145.0,Champions
58754,442,1,145.0,Big Spenders
97185,1240,1,145.0,At Risk (High Value)
73227,93,1,145.0,Champions
89586,2024,1,145.0,Big Spenders
54812,195,1,145.0,Champions
2511,1340,1,145.0,Big Spenders
14915,993,1,145.0,Big Spenders
85048,8,1,145.0,Big Spenders
90239,707,1,145.0,Big Spenders
42593,564,1,145.0,Big Spenders
78135,582,1,145.0,Big Spenders
38089,49,1,145.0,Big Spenders
92840,878,1,145.0,Big Spenders
67900,2483,1,144.99,Big Spenders
17628,340,1,144.99,Big Spenders
28655,294,1,144.99,Champions
96523,1876,1,144.99,At Risk (High Value)
50348,1228,1,144.99,At Risk (High Value)
60933,468,1,144.99,Big Spenders
5605,339,1,144.99,Big Spenders
36911,444,1,144.99,Big Spenders
70856,468,1,144.99,Big Spenders
91595,524,1,144.99,Average Regulars
4695,42,1,144.99,Big Spenders
80087,821,1,144.99,At Risk (High Value)
82403,237,1,144.98,Big Spenders
40445,3,1,144.98,Big Spenders
23530,417,1,144.98,Big Spenders
9552,2,2,144.98,Champions
59481,721,1,144.98,Big Spenders
91779,433,1,144.98,Big Spenders
39130,1181,1,144.98,Big Spenders
6219,18,1,144.97,Big Spenders
26223,782,1,144.97,Big Spenders
91407,501,1,144.96,Big Spenders
99417,324,2,144.95,Champions
68929,2,1,144.95,Big Spenders
16152,2189,1,144.91,At Risk (High Value)
70868,1064,1,144.89,At Risk (High Value)
73024,213,1,144.89,Big Spenders
57019,206,1,144.89,Champions
50183,108,2,144.88,Champions
71522,832,2,144.82,At Risk (High Value)
29728,288,2,144.78,Champions
36899,545,1,144.74,Big Spenders
76664,1089,1,144.73,Big Spenders
39081,720,1,144.72,Big Spenders
3590,19,3,144.71,Champions
13050,1407,1,144.67,Big Spenders
37810,2104,1,144.66,At Risk (High Value)
20098,640,1,144.6,Average Regulars
62440,292,1,144.5,Champions
76703,107,1,144.5,Champions
57471,291,1,144.48,Big Spenders
39815,131,1,144.48,Champions
57958,994,2,144.47,At Risk (High Value)
70376,0,1,144.45,Big Spenders
26064,544,2,144.45,Average Regulars
99176,1009,1,144.38,Big Spenders
59626,1346,1,144.34,At Risk (High Value)
50900,777,1,144.32,Big Spenders
88878,396,1,144.27,Big Spenders
40678,341,1,144.24,Big Spenders
42698,1488,1,144.24,Big Spenders
80057,67,2,144.21,Champions
78690,22,2,144.11,Champions
52901,1635,1,144.0,Big Spenders
88,18,1,144.0,Big Spenders
46548,449,1,144.0,Big Spenders
50870,334,1,144.0,Big Spenders
44237,436,1,144.0,Big Spenders
84069,265,1,144.0,Champions
98997,37,1,144.0,Big Spenders
9089,133,2,144.0,Champions
72618,988,1,144.0,Big Spenders
62413,915,1,144.0,Big Spenders
1253,709,1,144.0,At Risk (High Value)
46999,723,1,144.0,Big Spenders
5968,257,1,144.0,Big Spenders
93045,197,1,143.99,Champions
98388,1186,1,143.99,Big Spenders
70248,1934,1,143.99,At Risk (High Value)
33415,682,1,143.99,Big Spenders
59652,930,2,143.99,At Risk (High Value)
16874,320,2,143.98,Champions
57680,72,1,143.98,Champions
82913,774,1,143.98,Big Spenders
44252,587,1,143.98,Average Regulars
15410,220,1,143.96,Big Spenders
41126,27,3,143.95,Champions
71286,1027,1,143.94,Big Spenders
29432,117,1,143.92,Big Spenders
22972,519,1,143.9,Big Spenders
5690,126,1,143.9,Champions
92786,133,1,143.88,Big Spenders
79890,1235,2,143.79,At Risk (High Value)
11266,858,1,143.64,At Risk (High Value)
61417,785,1,143.64,At Risk (High Value)
26681,85,1,143.59,Big Spenders
42423,43,2,143.58,Champions
91783,1701,2,143.57,At Risk (High Value)
49348,303,1,143.5,Champions
47714,510,1,143.5,Big Spenders
4361,1849,1,143.48,Big Spenders
73086,121,1,143.39,Champions
11391,184,1,143.31,Champions
88691,581,2,143.24,Average Regulars
35101,991,1,143.11,Big Spenders
82769,50,1,143.01,Big Spenders
10007,206,1,143.0,Champions
33862,28,1,143.0,Big Spenders
91233,787,1,143.0,At Risk (High Value)
54007,63,1,143.0,Big Spenders
30033,312,1,143.0,Big Spenders
44759,663,1,143.0,At Risk (High Value)
68963,1563,1,143.0,Big Spenders
72459,313,1,143.0,Big Spenders
23651,505,1,142.99,Big Spenders
926,503,1,142.99,Big Spenders
88202,108,1,142.99,Champions
10651,1225,1,142.99,Big Spenders
20682,800,1,142.98,Big Spenders
45096,35,1,142.96,Big Spenders
56010,679,1,142.95,At Risk (High Value)
38054,579,1,142.94,Average Regulars
65474,1405,1,142.9,Big Spenders
50646,420,1,142.9,Big Spenders
75025,474,1,142.9,Big Spenders
72825,497,2,142.88,Average Regulars
82998,685,1,142.88,At Risk (High Value)
55617,1219,1,142.8,At Risk (High Value)
6709,93,1,142.8,Big Spenders
96905,180,1,142.77,Champions
44329,134,1,142.72,Big Spenders
77277,17,2,142.72,Champions
969,710,1,142.69,At Risk (High Value)
55726,805,1,142.6,At Risk (High Value)
7119,1597,2,142.6,At Risk (High Value)
44022,81,1,142.56,Big Spenders
41332,543,1,142.5,Big Spenders
45810,256,1,142.5,Champions
17547,274,1,142.49,Champions
84394,81,2,142.49,Champions
49301,0,1,142.48,Big Spenders
92082,92,1,142.47,Champions
50715,169,2,142.46,Champions
5842,655,1,142.43,At Risk (High Value)
71569,259,1,142.38,Big Spenders
27991,1895,1,142.34,Big Spenders
50271,11,2,142.32,Champions
2716,1675,1,142.27,Big Spenders
71964,627,2,142.25,Average Regulars
92515,749,1,142.24,Big Spenders
90672,6,1,142.22,Big Spenders
50193,14,1,142.21,Big Spenders
34923,194,3,142.15,Champions
25553,78,3,142.15,Champions
37878,1381,1,142.12,Big Spenders
31968,505,2,142.09,Average Regulars
61845,8,1,142.02,Champions
4521,537,2,142.0,Average Regulars
69378,2,1,142.0,Champions
36041,395,1,142.0,Big Spenders
49425,932,1,142.0,Big Spenders
86451,300,1,141.99,Big Spenders
76376,177,2,141.99,Champions
19028,1167,3,141.99,At Risk (High Value)
3177,2169,1,141.99,Big Spenders
85253,625,1,141.99,Big Spenders
18034,13,2,141.99,Champions
57876,34,2,141.97,Champions
5243,24,1,141.97,Big Spenders
79657,325,1,141.97,Big Spenders
99145,1019,2,141.95,At Risk (High Value)
92470,706,1,141.95,Big Spenders
14756,433,1,141.94,Big Spenders
98911,1277,1,141.94,Big Spenders
77314,277,1,141.94,Champions
92808,1409,1,141.94,Big Spenders
23869,933,2,141.93,At Risk (High Value)
12023,964,2,141.93,At Risk (High Value)
83472,777,1,141.92,At Risk (High Value)
39540,405,2,141.84,Average Regulars
69208,1,1,141.84,Champions
4975,2356,1,141.84,Big Spenders
97861,203,1,141.7,Champions
58840,505,1,141.62,Big Spenders
71455,434,2,141.59,Average Regulars
7007,1212,1,141.59,Big Spenders
19327,345,2,141.52,Average Regulars
12504,176,2,141.5,Champions
76012,145,2,141.47,Champions
82340,203,1,141.47,Champions
61147,404,1,141.43,Big Spenders
37993,396,1,141.34,Big Spenders
92030,1343,1,141.13,At Risk (High Value)
77772,35,2,141.0,Champions
96819,100,1,141.0,Big Spenders
19771,1845,1,141.0,Big Spenders
69770,518,1,141.0,Big Spenders
88933,1039,1,141.0,Big Spenders
14983,915,1,141.0,Big Spenders
34410,919,1,141.0,Big Spenders
37001,1608,1,141.0,Big Spenders
89331,2503,1,140.99,Big Spenders
39495,2342,1,140.99,Big Spenders
67687,451,1,140.99,Big Spenders
6309,1202,1,140.99,At Risk (High Value)
97926,187,1,140.99,Champions
62660,119,1,140.99,Big Spenders
80339,59,1,140.98,Big Spenders
70788,556,2,140.95,Average Regulars
57072,2,1,140.95,Big Spenders
19226,5,3,140.94,Champions
12500,14,1,140.94,Champions
88282,994,1,140.93,Big Spenders
17699,99,2,140.9,Champions
18079,43,2,140.9,Champions
22108,1712,1,140.9,Big Spenders
88755,499,1,140.89,Big Spenders
23443,1045,1,140.88,At Risk (High Value)
61788,238,1,140.88,Big Spenders
45421,5,1,140.7,Big Spenders
40103,192,1,140.69,Champions
57726,21,2,140.66,Champions
55124,280,1,140.65,Big Spenders
5360,1211,1,140.59,At Risk (High Value)
81167,1367,1,140.57,Big Spenders
89517,133,1,140.51,Big Spenders
83186,1524,1,140.5,Big Spenders
67578,303,2,140.5,Champions
15435,132,1,140.47,Big Spenders
8883,596,2,140.4,Average Regulars
20063,691,2,140.38,At Risk (High Value)
54504,1437,1,140.28,Big Spenders
33833,41,1,140.25,Big Spenders
17697,1587,1,140.22,Big Spenders
13990,1329,1,140.1,At Risk (High Value)
25677,890,1,140.0,Big Spenders
77100,723,1,140.0,Big Spenders
26969,27,1,140.0,Big Spenders
34818,94,1,140.0,Champions
42942,510,1,140.0,Average Regulars
90680,238,2,140.0,Champions
64331,429,1,140.0,Big Spenders
64275,42,1,140.0,Big Spenders
6538,948,1,140.0,Big Spenders
30651,231,1,140.0,Champions
46211,638,1,140.0,Average Regulars
14479,1160,1,140.0,Big Spenders
57574,541,1,140.0,Big Spenders
89916,1229,1,140.0,At Risk (High Value)
33779,655,1,140.0,Big Spenders
64966,1394,1,140.0,Big Spenders
24508,195,1,140.0,Champions
15601,84,1,140.0,Champions
26020,940,1,140.0,Big Spenders
72884,1587,1,140.0,At Risk (High Value)
32872,1676,1,140.0,Big Spenders
23843,165,1,140.0,Big Spenders
87290,690,1,140.0,Big Spenders
52742,313,1,140.0,Big Spenders
93581,1194,1,140.0,Big Spenders
83994,327,1,140.0,Big Spenders
81595,617,1,140.0,Big Spenders
98941,2,1,140.0,Big Spenders
80359,2141,1,140.0,At Risk (High Value)
40621,959,1,139.99,Big Spenders
65204,503,1,139.99,Big Spenders
29872,25,1,139.99,Champions
61987,224,1,139.99,Champions
57467,448,1,139.99,Big Spenders
52035,2334,1,139.99,At Risk (High Value)
53010,34,1,139.99,Big Spenders
63140,443,1,139.99,Big Spenders
3721,48,1,139.99,Big Spenders
74581,328,1,139.99,Big Spenders
98077,424,1,139.99,Big Spenders
41059,125,1,139.99,Big Spenders
20820,839,1,139.99,Big Spenders
43217,550,1,139.99,Big Spenders
29456,446,2,139.99,Average Regulars
37443,914,1,139.99,Big Spenders
10727,95,2,139.99,Champions
39826,473,2,139.99,Average Regulars
50532,705,1,139.99,Big Spenders
51702,1816,1,139.99,Big Spenders
4964,267,1,139.99,Big Spenders
47584,1034,1,139.99,Big Spenders
82181,446,1,139.99,Big Spenders
99239,905,1,139.99,Big Spenders
55209,103,1,139.99,Champions
94180,1527,1,139.99,Big Spenders
61859,264,1,139.99,Champions
26071,23,2,139.99,Champions
92393,371,1,139.99,Big Spenders
87835,1254,1,139.99,At Risk (High Value)
45649,471,1,139.99,Big Spenders
95596,751,1,139.99,Big Spenders
39606,1699,1,139.99,Big Spenders
43192,1173,1,139.99,At Risk (High Value)
42269,998,1,139.99,Big Spenders
82496,451,1,139.99,Big Spenders
49152,331,1,139.99,Big Spenders
81091,914,1,139.98,Big Spenders
35043,135,1,139.98,Big Spenders
48177,209,1,139.98,Big Spenders
90708,180,2,139.98,Champions
19160,1777,1,139.98,Big Spenders
519,1890,1,139.98,At Risk (High Value)
87864,10,1,139.98,Champions
3948,266,1,139.98,Champions
22177,164,1,139.97,Champions
85527,607,1,139.97,Big Spenders
33071,741,1,139.96,Big Spenders
20819,90,1,139.95,Champions
27554,180,1,139.95,Champions
8450,4,1,139.95,Big Spenders
41086,1989,1,139.95,At Risk (High Value)
63602,99,1,139.95,Big Spenders
11721,274,1,139.95,Champions
63388,249,1,139.95,Big Spenders
69439,1110,1,139.95,Big Spenders
41591,1331,1,139.95,Big Spenders
171,451,1,139.95,Big Spenders
72870,2723,1,139.95,Big Spenders
84521,675,1,139.95,At Risk (High Value)
31046,1759,1,139.95,Big Spenders
91056,248,1,139.95,Big Spenders
81419,422,1,139.95,Big Spenders
90517,721,1,139.95,At Risk (High Value)
50165,183,1,139.95,Big Spenders
54097,10,1,139.95,Champions
1207,592,1,139.95,Big Spenders
6376,61,1,139.94,Big Spenders
5134,160,2,139.93,Champions
66099,827,2,139.93,At Risk (High Value)
79295,1263,1,139.9,Big Spenders
85703,879,1,139.9,Big Spenders
46173,285,2,139.85,Champions
92001,220,2,139.77,Champions
73763,2012,1,139.63,At Risk (High Value)
68981,599,1,139.6,Average Regulars
13851,834,1,139.5,At Risk (High Value)
63060,971,1,139.5,Big Spenders
6955,470,1,139.5,Big Spenders
87376,1085,2,139.5,At Risk (High Value)
36872,969,1,139.5,Big Spenders
39676,201,1,139.5,Champions
61006,611,1,139.5,Big Spenders
61085,17,1,139.5,Champions
98031,808,1,139.49,Big Spenders
53199,1965,1,139.49,At Risk (High Value)
65964,736,1,139.49,At Risk (High Value)
39628,586,3,139.47,Average Regulars
62749,1002,2,139.44,At Risk (High Value)
31384,484,1,139.42,Big Spenders
56260,549,1,139.4,Big Spenders
38451,606,2,139.39,Average Regulars
80211,46,2,139.37,Champions
46302,1551,1,139.3,At Risk (High Value)
59736,620,1,139.3,Big Spenders
68303,85,1,139.21,Big Spenders
26301,700,1,139.14,Big Spenders
1551,784,1,139.07,Big Spenders
18253,41,1,139.07,Big Spenders
71121,597,1,139.0,Big Spenders
24374,459,1,139.0,Big Spenders
77899,24,1,139.0,Big Spenders
27545,606,1,139.0,Big Spenders
59131,1775,1,139.0,Big Spenders
68386,51,1,139.0,Big Spenders
42221,1094,1,139.0,Big Spenders
48491,26,1,139.0,Big Spenders
20617,1450,1,139.0,Big Spenders
42648,1948,1,139.0,At Risk (High Value)
7478,1637,1,139.0,At Risk (High Value)
72419,694,1,139.0,At Risk (High Value)
21321,182,1,139.0,Big Spenders
94233,244,1,139.0,Champions
47902,19,1,139.0,Big Spenders
40036,170,1,139.0,Champions
90381,27,1,139.0,Big Spenders
36304,1190,1,139.0,At Risk (High Value)
16111,806,1,139.0,Big Spenders
90253,339,1,139.0,Big Spenders
16326,784,1,139.0,Big Spenders
74668,49,1,139.0,Big Spenders
52386,287,1,138.99,Big Spenders
53704,180,1,138.99,Big Spenders
79350,626,1,138.99,Average Regulars
47018,489,1,138.99,Average Regulars
73648,1534,1,138.99,Big Spenders
69219,2064,1,138.99,Big Spenders
66255,158,2,138.99,Champions
28587,86,1,138.99,Champions
20327,1243,2,138.98,At Risk (High Value)
85261,339,1,138.97,Big Spenders
29629,323,1,138.95,Big Spenders
2694,796,1,138.95,Big Spenders
16263,981,1,138.95,Big Spenders
97206,883,2,138.95,At Risk (High Value)
27240,39,1,138.9,Big Spenders
14309,2039,1,138.89,Big Spenders
41263,826,1,138.88,Big Spenders
60904,67,2,138.88,Champions
83391,2052,1,138.87,Big Spenders
20501,863,1,138.76,At Risk (High Value)
90219,105,1,138.75,Big Spenders
7861,75,1,138.75,Big Spenders
17473,109,2,138.67,Champions
28352,1007,1,138.65,Big Spenders
95535,1517,2,138.63,At Risk (High Value)
62115,1668,2,138.61,At Risk (High Value)
58781,519,1,138.6,Average Regulars
87324,2488,1,138.59,At Risk (High Value)
43557,2557,1,138.59,Big Spenders
53842,38,3,138.57,Champions
90070,224,1,138.52,Big Spenders
67933,138,1,138.49,Champions
42094,7,1,138.49,Champions
40519,585,1,138.47,Big Spenders
60595,39,2,138.43,Champions
73410,107,2,138.39,Champions
84665,288,1,138.33,Big Spenders
56337,142,1,138.3,Big Spenders
2231,1835,1,138.3,Big Spenders
28675,117,1,138.26,Big Spenders
45711,328,1,138.08,Big Spenders
42111,2051,1,138.03,Big Spenders
65343,26,1,138.01,Big Spenders
85589,781,1,138.0,At Risk (High Value)
53703,67,1,138.0,Big Spenders
96083,643,1,138.0,Big Spenders
33887,239,1,138.0,Champions
54691,147,1,138.0,Champions
12763,532,1,138.0,Big Spenders
30236,328,1,138.0,Big Spenders
11184,10,1,138.0,Big Spenders
3286,647,1,138.0,Big Spenders
57167,7,1,138.0,Big Spenders
27560,2134,1,138.0,Big Spenders
44251,1542,1,138.0,At Risk (High Value)
24636,678,2,138.0,At Risk (High Value)
36694,1870,1,138.0,At Risk (High Value)
34217,778,1,138.0,At Risk (High Value)
57419,538,1,138.0,Big Spenders
14952,28,1,138.0,Big Spenders
82604,187,1,138.0,Big Spenders
89192,741,1,138.0,Big Spenders
1474,269,1,137.99,Big Spenders
59976,572,1,137.99,Big Spenders
56046,499,1,137.99,Big Spenders
34877,544,2,137.98,Average Regulars
26418,388,2,137.98,Average Regulars
1090,1268,1,137.97,At Risk (High Value)
52619,380,1,137.95,Big Spenders
60425,695,1,137.95,Big Spenders
51558,1408,1,137.95,Big Spenders
1692,1121,1,137.94,At Risk (High Value)
47456,781,2,137.94,At Risk (High Value)
63009,234,2,137.91,Champions
45705,108,2,137.91,Champions
27185,397,2,137.74,Average Regulars
94624,714,1,137.7,Big Spenders
13238,421,1,137.64,Big Spenders
23331,1095,1,137.63,Big Spenders
45240,698,1,137.6,At Risk (High Value)
87201,186,2,137.58,Champions
28146,5,1,137.52,Big Spenders
86941,175,1,137.51,Champions
43764,490,1,137.5,Average Regulars
23909,31,1,137.5,Big Spenders
16732,135,1,137.5,Champions
65174,517,1,137.5,Big Spenders
66326,627,1,137.5,Big Spenders
74281,216,2,137.5,Champions
819,1540,1,137.5,Big Spenders
71206,73,1,137.48,Champions
75458,61,2,137.45,Champions
36133,643,2,137.45,Average Regulars
95057,1,1,137.33,Big Spenders
44203,392,1,137.25,Big Spenders
47865,550,1,137.25,Big Spenders
40320,1729,1,137.24,Big Spenders
85376,891,2,137.23,At Risk (High Value)
41054,1370,1,137.21,Big Spenders
84707,28,1,137.11,Big Spenders
48558,1172,1,137.08,Big Spenders
96123,239,1,137.06,Big Spenders
27199,687,1,137.0,Big Spenders
24875,1793,1,137.0,Big Spenders
31736,116,2,137.0,Champions
9412,31,1,137.0,Big Spenders
29223,804,2,137.0,At Risk (High Value)
34746,1401,1,137.0,Big Spenders
62196,874,1,137.0,Big Spenders
13641,1025,2,137.0,At Risk (High Value)
63565,1790,1,136.99,Big Spenders
87715,1617,1,136.99,Big Spenders
15296,1750,1,136.98,Big Spenders
23441,344,1,136.97,Big Spenders
91175,664,2,136.96,At Risk (High Value)
73540,65,3,136.96,Champions
3744,941,1,136.96,Big Spenders
27260,216,1,136.95,Champions
37516,1571,1,136.95,At Risk (High Value)
9509,15,1,136.94,Champions
48644,77,2,136.94,Champions
52233,563,2,136.93,Average Regulars
52432,1669,1,136.88,At Risk (High Value)
46119,1283,1,136.85,Big Spenders
72458,224,1,136.74,Champions
81448,1253,1,136.67,At Risk (High Value)
60480,563,1,136.57,Big Spenders
95095,1115,1,136.5,At Risk (High Value)
62084,79,1,136.49,Champions
40493,790,1,136.49,Big Spenders
56562,1943,1,136.48,At Risk (High Value)
84772,299,3,136.44,Champions
67031,828,1,136.4,Big Spenders
94944,1427,1,136.27,Big Spenders
30081,581,1,136.27,Big Spenders
51816,538,1,136.26,Big Spenders
82066,462,1,136.17,Big Spenders
77900,253,1,136.16,Big Spenders
23271,100,2,136.0,Champions
62006,33,1,136.0,Big Spenders
33328,216,1,136.0,Big Spenders
17243,550,1,136.0,Big Spenders
89499,823,1,136.0,Big Spenders
54376,122,1,135.99,Champions
61402,7,2,135.99,Champions
37087,550,1,135.98,Big Spenders
86652,16,2,135.98,Champions
45490,1755,1,135.95,Big Spenders
20504,20,1,135.95,Big Spenders
44867,128,1,135.95,Champions
43506,74,1,135.95,Big Spenders
3439,594,1,135.94,Big Spenders
92870,5,1,135.92,Champions
8769,311,2,135.92,Champions
71490,208,1,135.9,Champions
52597,678,1,135.88,At Risk (High Value)
78390,550,1,135.88,Big Spenders
70999,59,1,135.88,Big Spenders
88884,464,2,135.87,Average Regulars
77630,610,1,135.85,Average Regulars
96603,15,1,135.83,Big Spenders
83511,887,1,135.8,Big Spenders
16781,52,1,135.74,Big Spenders
64205,37,2,135.67,Champions
89226,8,1,135.64,Big Spenders
51556,1719,1,135.64,At Risk (High Value)
53795,302,1,135.61,Big Spenders
55066,2,1,135.6,Big Spenders
23243,221,1,135.58,Big Spenders
24824,41,1,135.54,Big Spenders
1458,41,1,135.5,Big Spenders
68323,35,1,135.5,Big Spenders
28001,409,2,135.5,Average Regulars
39637,4,1,135.45,Big Spenders
73284,637,1,135.45,Big Spenders
81115,39,1,135.45,Big Spenders
68919,6,2,135.41,Champions
62048,488,2,135.38,Average Regulars
40801,409,2,135.33,Average Regulars
10289,255,2,135.3,Champions
13354,235,2,135.24,Champions
58382,535,2,135.18,Average Regulars
6791,527,2,135.16,Average Regulars
56757,2203,1,135.13,Big Spenders
12100,262,1,135.04,Big Spenders
85986,56,1,135.03,Big Spenders
75089,556,2,135.02,Average Regulars
54380,1029,1,135.0,Big Spenders
61715,104,1,135.0,Big Spenders
33781,48,1,135.0,Big Spenders
28596,512,1,135.0,Big Spenders
6636,1597,1,135.0,Big Spenders
65480,541,1,135.0,Big Spenders
50856,114,1,135.0,Champions
27740,222,1,135.0,Champions
71848,424,1,135.0,Big Spenders
64006,471,1,135.0,Big Spenders
16238,838,1,135.0,Big Spenders
82953,356,1,135.0,Big Spenders
46788,5,1,135.0,Big Spenders
44883,1100,1,135.0,Big Spenders
33554,179,1,135.0,Big Spenders
90628,33,1,135.0,Big Spenders
29495,364,1,135.0,Big Spenders
24413,92,1,135.0,Big Spenders
1624,1868,1,135.0,Big Spenders
56034,401,1,135.0,Big Spenders
98366,83,1,135.0,Big Spenders
77351,2155,1,135.0,At Risk (High Value)
9232,97,1,135.0,Big Spenders
76660,1397,1,135.0,Big Spenders
44639,1599,1,135.0,At Risk (High Value)
87258,114,1,135.0,Champions
99254,590,1,135.0,Average Regulars
39689,1606,1,135.0,Big Spenders
22157,112,1,135.0,Big Spenders
96239,425,1,135.0,Big Spenders
17051,8,1,135.0,Big Spenders
50788,380,2,135.0,Average Regulars
1254,159,1,135.0,Big Spenders
74427,1833,1,135.0,Big Spenders
31931,717,1,135.0,Big Spenders
1777,1498,2,135.0,At Risk (High Value)
72211,749,1,135.0,At Risk (High Value)
18068,6,1,135.0,Champions
45608,2007,1,134.99,At Risk (High Value)
78359,185,1,134.99,Champions
43667,875,1,134.99,At Risk (High Value)
88752,401,1,134.99,Big Spenders
8754,191,1,134.99,Champions
3296,64,1,134.99,Champions
31817,896,1,134.99,Big Spenders
55451,407,2,134.99,Average Regulars
39142,1157,1,134.99,Big Spenders
16157,1977,1,134.99,Big Spenders
2663,1022,1,134.99,Big Spenders
89645,838,1,134.99,At Risk (High Value)
54881,1383,1,134.98,Big Spenders
19885,106,1,134.98,Champions
56033,206,1,134.98,Big Spenders
22554,418,2,134.98,Average Regulars
74796,491,1,134.98,Average Regulars
96793,93,1,134.95,Champions
14686,5,1,134.95,Champions
24882,2121,1,134.95,Big Spenders
18309,103,1,134.95,Big Spenders
84544,1844,1,134.95,At Risk (High Value)
45184,152,1,134.95,Big Spenders
52683,1150,1,134.95,Big Spenders
6851,78,2,134.95,Champions
86361,360,1,134.95,Big Spenders
60368,13,1,134.95,Big Spenders
66903,109,2,134.95,Champions
31176,1156,2,134.95,At Risk (High Value)
73738,1464,1,134.95,Big Spenders
23589,353,2,134.95,Average Regulars
37345,12,1,134.94,Big Spenders
26959,2175,1,134.94,At Risk (High Value)
86898,115,1,134.93,Champions
69084,739,2,134.9,At Risk (High Value)
24455,1843,1,134.88,Big Spenders
17116,112,2,134.78,Champions
38128,69,1,134.75,Big Spenders
86729,33,3,134.73,Champions
36172,1549,1,134.61,Big Spenders
12566,26,1,134.6,Big Spenders
23921,2,1,134.55,Big Spenders
17076,120,1,134.53,Champions
95784,793,1,134.5,Big Spenders
380,52,1,134.5,Big Spenders
39733,1293,1,134.5,Big Spenders
51013,222,1,134.5,Champions
55081,740,1,134.5,Big Spenders
43963,1100,3,134.5,At Risk (High Value)
71145,623,2,134.5,Average Regulars
90752,651,2,134.5,Average Regulars
24081,305,2,134.5,Champions
31525,1078,1,134.49,Big Spenders
1194,1,1,134.49,Big Spenders
64970,1481,2,134.48,At Risk (High Value)
49212,14,2,134.46,Champions
53588,1101,1,134.45,Big Spenders
69924,231,2,134.44,Champions
15276,855,1,134.44,At Risk (High Value)
57297,375,2,134.39,Average Regulars
62530,658,1,134.33,Big Spenders
54305,1731,1,134.3,Big Spenders
42736,294,1,134.3,Big Spenders
1598,194,2,134.29,Champions
39166,278,2,134.2,Champions
59054,627,2,134.06,Average Regulars
61448,463,2,134.04,Average Regulars
42413,147,1,134.01,Big Spenders
43097,1107,1,134.0,Big Spenders
81671,67,2,134.0,Champions
85134,1869,1,134.0,At Risk (High Value)
13277,28,2,134.0,Champions
49206,381,1,134.0,Big Spenders
66132,1444,1,134.0,Big Spenders
92148,1259,1,134.0,Big Spenders
24638,89,1,133.99,Champions
57373,381,1,133.99,Big Spenders
69437,956,1,133.99,Big Spenders
80253,1241,1,133.98,At Risk (High Value)
85332,1424,1,133.98,Big Spenders
72066,1670,1,133.95,At Risk (High Value)
47771,831,1,133.95,Big Spenders
16796,412,1,133.94,Big Spenders
66908,365,1,133.94,Big Spenders
50581,295,1,133.93,Big Spenders
42070,4,3,133.85,Champions
33259,1601,1,133.85,At Risk (High Value)
84504,158,2,133.85,Champions
3438,1754,1,133.81,Big Spenders
37983,4,1,133.71,Big Spenders
22487,1064,1,133.71,Big Spenders
65376,285,1,133.62,Champions
74903,390,2,133.5,Average Regulars
564,243,1,133.5,Champions
50030,10,1,133.5,Big Spenders
56063,12,1,133.49,Big Spenders
32893,2080,1,133.43,Big Spenders
36432,1447,1,133.42,Big Spenders
297,60,2,133.41,Champions
59661,1537,1,133.41,Big Spenders
18740,448,1,133.39,Big Spenders
32995,1290,1,133.37,Big Spenders
93892,155,2,133.14,Champions
58311,1022,2,133.08,At Risk (High Value)
23862,4,1,133.0,Big Spenders
82123,1831,1,133.0,Big Spenders
33755,288,1,133.0,Champions
85722,714,1,133.0,Big Spenders
27388,136,2,133.0,Champions
49232,1153,1,133.0,Big Spenders
81903,207,1,133.0,Big Spenders
8766,191,1,133.0,Big Spenders
23911,823,2,133.0,At Risk (High Value)
55607,61,2,132.99,Champions
18765,208,2,132.99,Champions
41429,36,2,132.99,Champions
44721,349,2,132.99,Average Regulars
25627,15,1,132.99,Big Spenders
47328,911,1,132.99,Big Spenders
85871,84,1,132.99,Champions
8884,807,2,132.99,At Risk (High Value)
53033,8,1,132.99,Big Spenders
16717,21,2,132.99,Champions
51304,390,1,132.99,Big Spenders
49436,126,1,132.98,Big Spenders
61625,379,1,132.98,Big Spenders
62102,413,1,132.97,Big Spenders
64365,844,1,132.96,At Risk (High Value)
69538,234,1,132.95,Big Spenders
44314,784,1,132.95,Big Spenders
75357,471,1,132.95,Big Spenders
71660,865,2,132.94,At Risk (High Value)
34359,104,1,132.94,Champions
24546,320,1,132.94,Champions
59689,357,2,132.93,Average Regulars
89492,80,1,132.93,Champions
54452,1897,1,132.92,Big Spenders
92973,14,2,132.92,Champions
76785,817,1,132.91,Big Spenders
96195,70,1,132.91,Champions
5089,969,1,132.9,Big Spenders
97176,116,1,132.9,Champions
6984,538,2,132.78,Average Regulars
44530,1688,1,132.77,At Risk (High Value)
49548,519,1,132.77,Big Spenders
26504,132,1,132.71,Big Spenders
76823,471,1,132.66,Big Spenders
18718,1217,1,132.66,Big Spenders
78060,30,1,132.66,Big Spenders
52654,2168,1,132.66,At Risk (High Value)
31433,125,2,132.63,Champions
86150,261,1,132.63,Champions
75067,1038,1,132.62,At Risk (High Value)
30484,399,1,132.6,Big Spenders
74501,507,2,132.6,Average Regulars
35899,238,2,132.59,Champions
97267,380,2,132.53,Average Regulars
31936,1909,1,132.5,Big Spenders
4579,352,1,132.5,Big Spenders
44922,193,2,132.49,Champions
67353,216,1,132.48,Big Spenders
48627,456,1,132.48,Big Spenders
77328,468,2,132.45,Average Regulars
19270,14,1,132.45,Big Spenders
51977,524,1,132.38,Big Spenders
39513,820,2,132.31,At Risk (High Value)
52720,582,1,132.3,Big Spenders
95961,254,1,132.21,Champions
45493,1738,1,132.19,Big Spenders
12456,73,1,132.18,Champions
10433,2,1,132.18,Big Spenders
36626,1379,1,132.16,Big Spenders
93474,773,1,132.07,Big Spenders
98926,421,1,132.02,Big Spenders
91834,1224,3,132.01,At Risk (High Value)
62120,1857,1,132.0,Big Spenders
76339,945,1,132.0,Big Spenders
74954,4,2,132.0,Champions
2846,877,1,132.0,At Risk (High Value)
28988,4,1,132.0,Big Spenders
49294,490,1,132.0,Average Regulars
44040,282,1,132.0,Champions
16259,109,1,132.0,Champions
92183,429,1,132.0,Big Spenders
63703,7,1,132.0,Champions
41417,1423,1,132.0,Big Spenders
68914,268,1,132.0,Champions
40294,290,1,132.0,Big Spenders
70985,156,1,132.0,Champions
3215,193,1,132.0,Champions
50492,328,1,132.0,Big Spenders
97542,361,1,132.0,Big Spenders
74503,30,1,131.99,Big Spenders
3326,426,2,131.99,Average Regulars
97192,1681,1,131.99,At Risk (High Value)
76139,1179,1,131.99,Big Spenders
59732,119,2,131.99,Champions
29340,477,1,131.98,Big Spenders
41813,1501,1,131.98,Big Spenders
92295,664,1,131.98,At Risk (High Value)
53722,800,1,131.98,At Risk (High Value)
39017,45,3,131.98,Champions
27429,357,2,131.95,Average Regulars
54301,520,1,131.95,Average Regulars
76326,146,1,131.95,Big Spenders
81870,237,1,131.95,Champions
60057,35,1,131.94,Big Spenders
4478,82,1,131.94,Champions
65490,568,1,131.94,Big Spenders
63265,131,1,131.94,Big Spenders
79985,634,2,131.94,Average Regulars
70598,112,2,131.94,Champions
69845,168,1,131.94,Big Spenders
1222,764,2,131.94,At Risk (High Value)
15808,276,1,131.94,Big Spenders
81815,273,1,131.94,Big Spenders
83878,34,1,131.85,Big Spenders
14518,0,1,131.83,Big Spenders
70161,1115,2,131.79,At Risk (High Value)
78209,1362,1,131.76,Big Spenders
38259,137,2,131.73,Champions
31746,2065,2,131.55,At Risk (High Value)
8531,601,2,131.49,Average Regulars
97166,367,1,131.48,Big Spenders
70156,67,2,131.46,Champions
44142,62,1,131.45,Big Spenders
85414,291,1,131.45,Big Spenders
52036,437,1,131.43,Big Spenders
793,84,1,131.43,Champions
6711,690,1,131.43,At Risk (High Value)
32542,35,2,131.39,Champions
48086,234,1,131.33,Champions
11750,1783,1,131.3,Big Spenders
26604,85,1,131.23,Big Spenders
20746,225,2,131.2,Champions
33335,395,2,131.17,Average Regulars
58847,1445,1,131.13,Big Spenders
31394,1044,2,131.12,At Risk (High Value)
98151,818,1,131.11,At Risk (High Value)
22093,808,3,131.08,At Risk (High Value)
640,2036,1,131.0,Big Spenders
37208,1051,1,131.0,Big Spenders
24010,97,1,131.0,Champions
89667,82,2,131.0,Champions
61737,68,1,130.99,Champions
95389,361,1,130.99,Big Spenders
12923,523,1,130.99,Average Regulars
81123,1,1,130.99,Big Spenders
68679,16,1,130.99,Big Spenders
56225,633,1,130.99,Average Regulars
63572,821,1,130.99,Big Spenders
98265,1092,1,130.98,Big Spenders
23717,155,2,130.98,Champions
55724,306,1,130.97,Champions
36628,518,1,130.96,Average Regulars
90689,646,1,130.95,Big Spenders
14524,168,2,130.95,Champions
86598,697,1,130.95,Big Spenders
16853,1478,1,130.94,Big Spenders
565,33,2,130.94,Champions
51265,544,2,130.92,Average Regulars
67671,87,1,130.92,Champions
67324,763,1,130.92,Big Spenders
73531,3,1,130.9,Big Spenders
88442,767,2,130.9,At Risk (High Value)
85322,573,1,130.89,Big Spenders
46952,340,1,130.88,Big Spenders
36547,901,1,130.62,Big Spenders
98861,199,2,130.59,Champions
28272,3,1,130.58,Big Spenders
42692,439,1,130.56,Big Spenders
42810,171,1,130.5,Big Spenders
95337,530,1,130.5,Big Spenders
11464,945,1,130.5,Big Spenders
12588,418,3,130.49,Average Regulars
30350,1965,1,130.43,At Risk (High Value)
86623,836,1,130.39,Big Spenders
27830,434,1,130.37,Big Spenders
64985,21,2,130.31,Champions
52957,2,1,130.3,Big Spenders
33703,73,1,130.26,Champions
16647,433,1,130.24,Big Spenders
68764,45,2,130.24,Champions
78384,1184,2,130.21,At Risk (High Value)
43297,129,2,130.18,Champions
87124,223,1,130.1,Champions
41572,2355,1,130.08,At Risk (High Value)
91914,151,1,130.03,Champions
46073,733,1,130.0,Big Spenders
21628,1514,1,130.0,Big Spenders
38166,271,1,130.0,Big Spenders
86948,68,1,130.0,Big Spenders
3574,2157,1,130.0,At Risk (High Value)
64868,462,1,130.0,Big Spenders
44094,1537,1,130.0,Big Spenders
64058,6,1,130.0,Champions
40208,897,1,130.0,Big Spenders
36261,977,1,130.0,Big Spenders
69611,52,1,130.0,Big Spenders
40674,1206,1,130.0,At Risk (High Value)
99463,740,1,130.0,At Risk (High Value)
92837,198,1,130.0,Big Spenders
81118,4,1,130.0,Big Spenders
70845,1327,1,130.0,At Risk (High Value)
24443,74,1,130.0,Big Spenders
56514,243,1,130.0,Big Spenders
3931,162,1,130.0,Champions
34729,154,1,130.0,Big Spenders
6843,319,1,130.0,Big Spenders
63667,1428,1,129.99,Big Spenders
64438,2357,1,129.99,Big Spenders
67368,600,1,129.99,Average Regulars
30067,275,1,129.99,Big Spenders
32419,141,1,129.99,Big Spenders
29230,308,1,129.99,Champions
65913,152,1,129.99,Champions
56197,881,1,129.99,Big Spenders
46061,499,1,129.99,Average Regulars
5715,310,1,129.99,Big Spenders
70470,42,1,129.99,Big Spenders
54589,875,2,129.99,At Risk (High Value)
52183,923,1,129.99,Big Spenders
59779,96,1,129.99,Champions
59990,58,1,129.99,Champions
88632,1625,1,129.99,At Risk (High Value)
5244,144,1,129.99,Champions
69184,6,1,129.99,Big Spenders
61444,231,1,129.99,Big Spenders
33161,39,1,129.99,Big Spenders
85204,149,1,129.99,Champions
82738,1342,1,129.99,At Risk (High Value)
62597,9,1,129.99,Big Spenders
7289,94,1,129.99,Champions
11494,700,1,129.99,At Risk (High Value)
78072,428,1,129.99,Big Spenders
31101,2076,1,129.99,Big Spenders
62265,1983,1,129.99,At Risk (High Value)
52255,787,1,129.99,At Risk (High Value)
80085,253,1,129.99,Big Spenders
92838,385,1,129.99,Big Spenders
95100,831,1,129.99,Big Spenders
11643,880,1,129.98,Big Spenders
43756,1123,1,129.98,Big Spenders
26680,1577,1,129.98,At Risk (High Value)
64998,522,1,129.98,Average Regulars
48833,86,2,129.98,Champions
15199,303,2,129.98,Champions
91863,597,1,129.98,Average Regulars
92713,2124,1,129.98,Big Spenders
64762,336,1,129.98,Big Spenders
27959,6,1,129.98,Big Spenders
74203,509,1,129.98,Big Spenders
48955,271,2,129.96,Champions
46995,825,2,129.96,At Risk (High Value)
84920,84,1,129.95,Big Spenders
37678,73,1,129.95,Big Spenders
9846,791,1,129.95,Big Spenders
97502,1232,1,129.95,Big Spenders
76057,350,1,129.95,Big Spenders
35731,344,1,129.95,Big Spenders
16389,227,1,129.95,Big Spenders
20881,893,1,129.95,Big Spenders
6113,9,1,129.95,Big Spenders
99113,448,2,129.94,Average Regulars
55586,597,1,129.94,Big Spenders
17263,226,1,129.94,Big Spenders
81021,1017,2,129.94,At Risk (High Value)
21888,79,1,129.93,Champions
48162,470,2,129.93,Average Regulars
61478,89,1,129.9,Champions
98624,11,1,129.89,Big Spenders
87768,128,3,129.86,Champions
83566,1186,1,129.85,Big Spenders
6198,154,1,129.82,Champions
7781,11,1,129.76,Big Spenders
69553,231,1,129.74,Big Spenders
44601,889,1,129.74,Big Spenders
66335,920,1,129.74,Big Spenders
21355,1166,1,129.52,At Risk (High Value)
19675,443,1,129.52,Big Spenders
16630,254,2,129.52,Champions
7282,169,1,129.5,Big Spenders
97843,157,2,129.5,Champions
69522,656,1,129.5,At Risk (High Value)
19295,461,1,129.5,Big Spenders
16779,667,1,129.5,Big Spenders
65157,186,2,129.5,Champions
56746,235,1,129.5,Champions
14896,462,2,129.49,Average Regulars
97407,266,2,129.49,Champions
30728,67,1,129.49,Big Spenders
65334,263,1,129.48,Champions
6486,463,1,129.45,Big Spenders
3497,661,1,129.45,Big Spenders
25254,13,1,129.44,Big Spenders
52667,1466,1,129.44,Big Spenders
73616,1661,1,129.4,Big Spenders
81538,791,1,129.32,At Risk (High Value)
18339,1502,1,129.31,Big Spenders
76418,1635,1,129.19,Big Spenders
37232,9,1,129.15,Big Spenders
36154,991,2,129.12,At Risk (High Value)
46844,594,2,129.03,Average Regulars
24816,805,1,129.0,At Risk (High Value)
98327,629,1,129.0,Average Regulars
75476,1101,1,129.0,Big Spenders
57983,4,1,129.0,Big Spenders
95983,214,1,129.0,Champions
21346,1168,1,129.0,Big Spenders
12170,1435,1,129.0,Big Spenders
48408,1137,1,129.0,Big Spenders
76487,190,1,129.0,Big Spenders
37197,302,1,129.0,Big Spenders
64257,321,1,129.0,Big Spenders
33403,2678,1,129.0,Big Spenders
94030,163,1,129.0,Champions
5114,1444,1,129.0,Big Spenders
54613,877,1,129.0,Big Spenders
42646,40,1,129.0,Big Spenders
453,154,1,129.0,Champions
54920,1961,1,129.0,At Risk (High Value)
96740,642,2,129.0,Average Regulars
97473,4,1,129.0,Big Spenders
87868,259,1,129.0,Champions
99639,56,1,129.0,Big Spenders
94382,2251,1,129.0,Big Spenders
57573,130,1,129.0,Big Spenders
29246,1743,1,129.0,Big Spenders
55929,1836,1,129.0,Big Spenders
66437,61,1,129.0,Big Spenders
3991,485,1,129.0,Big Spenders
83373,36,1,129.0,Big Spenders
38437,43,1,129.0,Big Spenders
50380,1032,1,129.0,Big Spenders
8206,33,1,129.0,Big Spenders
5770,8,1,129.0,Big Spenders
6799,1047,1,129.0,Big Spenders
40636,2140,1,129.0,Big Spenders
59375,407,1,129.0,Big Spenders
55074,249,1,129.0,Big Spenders
844,1613,1,129.0,Big Spenders
39958,153,1,129.0,Big Spenders
46353,1504,1,129.0,Big Spenders
82916,1222,1,129.0,At Risk (High Value)
64615,753,1,129.0,At Risk (High Value)
30184,1757,1,129.0,Big Spenders
15987,1116,1,129.0,Big Spenders
46339,1412,1,129.0,Big Spenders
30154,7,1,129.0,Big Spenders
5776,726,1,129.0,At Risk (High Value)
89432,303,2,128.99,Champions
53177,319,2,128.99,Champions
71557,238,1,128.99,Big Spenders
46823,1441,1,128.99,Big Spenders
50567,137,1,128.99,Big Spenders
60294,576,2,128.99,Average Regulars
22102,129,1,128.96,Big Spenders
26908,1937,1,128.95,At Risk (High Value)
82419,296,2,128.95,Champions
67169,92,1,128.95,Champions
14339,38,1,128.95,Big Spenders
65733,1281,1,128.95,Big Spenders
48825,2,1,128.95,Big Spenders
45826,1109,1,128.95,Big Spenders
93904,1590,1,128.95,At Risk (High Value)
79483,68,2,128.93,Champions
7107,82,1,128.88,Champions
2747,450,1,128.79,Big Spenders
71768,323,1,128.74,Champions
36740,1429,1,128.69,Big Spenders
40596,317,1,128.68,Champions
31818,722,1,128.59,Big Spenders
95274,5,1,128.5,Big Spenders
37663,25,2,128.5,Champions
46807,28,1,128.5,Big Spenders
78299,23,1,128.5,Big Spenders
29029,111,1,128.49,Champions
44981,79,1,128.49,Big Spenders
4191,338,2,128.45,Average Regulars
92761,11,2,128.4,Champions
87021,1350,1,128.4,Big Spenders
85386,474,2,128.4,Average Regulars
12326,1377,2,128.38,At Risk (High Value)
11675,6,2,128.38,Champions
94003,344,1,128.3,Big Spenders
90825,260,2,128.22,Champions
33979,730,1,128.07,Big Spenders
83837,101,1,128.06,Big Spenders
74116,715,1,128.0,At Risk (High Value)
75835,420,1,128.0,Big Spenders
36202,8,1,128.0,Big Spenders
27860,363,1,128.0,Big Spenders
1334,1378,1,128.0,Big Spenders
97313,320,1,128.0,Big Spenders
46575,709,1,128.0,Big Spenders
67728,1936,1,128.0,Big Spenders
56971,521,1,128.0,Big Spenders
70375,486,1,128.0,Average Regulars
15241,409,1,128.0,Big Spenders
52886,1028,1,128.0,Big Spenders
96456,299,1,128.0,Big Spenders
64507,4,1,128.0,Big Spenders
41594,992,1,128.0,Big Spenders
99699,681,1,128.0,At Risk (High Value)
63839,18,1,128.0,Champions
95359,1237,1,128.0,Big Spenders
27868,13,1,128.0,Champions
31947,20,1,128.0,Big Spenders
96222,875,1,128.0,Big Spenders
99286,706,1,128.0,Big Spenders
66799,775,1,128.0,At Risk (High Value)
22301,29,1,128.0,Big Spenders
90541,1219,1,128.0,Big Spenders
57175,1651,1,128.0,At Risk (High Value)
31535,4,1,128.0,Big Spenders
96466,2084,1,128.0,Big Spenders
875,4,1,128.0,Big Spenders
90441,11,1,128.0,Big Spenders
43736,1108,1,128.0,Big Spenders
73747,392,1,128.0,Big Spenders
1885,1184,1,128.0,At Risk (High Value)
11793,410,1,128.0,Big Spenders
13735,359,1,128.0,Big Spenders
3222,207,1,128.0,Big Spenders
60000,9,1,128.0,Big Spenders
73057,4,2,127.99,Champions
78608,1804,1,127.99,Big Spenders
37511,1717,1,127.99,At Risk (High Value)
48894,802,1,127.99,At Risk (High Value)
88238,1412,1,127.99,Big Spenders
59749,2654,1,127.99,Big Spenders
79753,954,1,127.98,Big Spenders
90114,2223,1,127.98,Big Spenders
24189,654,1,127.95,Average Regulars
72759,50,1,127.95,Big Spenders
76016,1,1,127.94,Big Spenders
33331,421,2,127.94,Average Regulars
69276,865,1,127.94,At Risk (High Value)
33684,320,1,127.93,Big Spenders
99716,701,2,127.92,At Risk (High Value)
98934,581,1,127.91,Average Regulars
32566,729,1,127.91,Big Spenders
76244,32,1,127.79,Big Spenders
73719,295,1,127.77,Champions
60025,256,1,127.68,Big Spenders
10344,488,1,127.63,Average Regulars
81016,19,1,127.6,Big Spenders
37138,480,1,127.57,Big Spenders
81137,814,1,127.56,At Risk (High Value)
5113,436,1,127.55,Big Spenders
50601,1617,1,127.54,Big Spenders
83562,250,1,127.51,Big Spenders
32657,351,1,127.51,Big Spenders
77984,17,1,127.51,Champions
67737,663,1,127.51,At Risk (High Value)
3410,1194,1,127.51,Big Spenders
30137,483,1,127.51,Big Spenders
41137,469,1,127.51,Big Spenders
45387,502,1,127.51,Big Spenders
77138,416,1,127.51,Big Spenders
36306,322,1,127.51,Big Spenders
75049,1609,1,127.51,Big Spenders
45932,630,2,127.5,Average Regulars
99573,952,1,127.5,Big Spenders
42123,249,1,127.5,Champions
96028,342,1,127.5,Big Spenders
89208,166,1,127.5,Champions
43034,44,2,127.5,Champions
29632,197,1,127.49,Champions
38837,332,1,127.49,Big Spenders
77092,587,1,127.48,Big Spenders
89777,304,3,127.45,Champions
90552,285,2,127.44,Champions
59286,664,1,127.39,At Risk (High Value)
63449,104,2,127.38,Champions
97701,4,2,127.36,Champions
52218,94,2,127.36,Champions
36801,489,1,127.22,Average Regulars
89255,17,1,127.15,Champions
5173,294,1,127.14,Champions
46012,119,1,127.1,Big Spenders
75152,432,1,127.08,Big Spenders
69648,34,1,127.08,Big Spenders
66385,254,2,127.03,Champions
62304,23,2,127.01,Champions
46133,1857,1,127.0,Big Spenders
55201,1135,1,127.0,Big Spenders
99160,6,1,127.0,Champions
60237,2308,1,127.0,At Risk (High Value)
64460,68,2,126.99,Champions
56516,538,1,126.99,Big Spenders
73031,300,1,126.99,Champions
11261,612,2,126.98,Average Regulars
9037,1424,1,126.98,Big Spenders
37677,86,2,126.98,Champions
91973,31,2,126.96,Champions
60617,429,2,126.95,Average Regulars
82391,38,1,126.94,Big Spenders
56317,619,1,126.86,Big Spenders
29172,31,2,126.76,Champions
98657,2483,1,126.69,Big Spenders
25902,1418,1,126.68,Big Spenders
35828,6,1,126.63,Champions
62663,356,1,126.63,Big Spenders
69735,1760,1,126.63,Big Spenders
42972,951,1,126.62,Big Spenders
24074,275,2,126.6,Champions
96188,627,1,126.54,Big Spenders
28691,153,1,126.5,Champions
41125,926,1,126.5,Big Spenders
86075,12,2,126.49,Champions
22170,172,2,126.49,Champions
83234,1570,1,126.49,At Risk (High Value)
13302,430,1,126.49,Big Spenders
62352,1052,1,126.48,At Risk (High Value)
45477,190,1,126.47,Big Spenders
10540,2296,1,126.46,Big Spenders
76559,239,1,126.38,Big Spenders
33106,168,2,126.34,Champions
66893,356,1,126.31,Big Spenders
20750,249,1,126.23,Champions
57409,1145,1,126.18,Big Spenders
22585,260,3,126.1,Champions
11961,320,1,126.04,Champions
32544,1150,1,126.0,At Risk (High Value)
45151,38,1,126.0,Big Spenders
90924,0,1,126.0,Big Spenders
18918,7,1,126.0,Champions
13869,521,1,126.0,Big Spenders
45145,288,1,126.0,Big Spenders
92299,257,1,126.0,Champions
89606,200,1,126.0,Champions
21150,534,1,126.0,Big Spenders
68536,1103,1,126.0,Big Spenders
14214,1213,1,125.99,At Risk (High Value)
73229,303,1,125.99,Champions
33571,20,1,125.99,Champions
27547,762,1,125.99,At Risk (High Value)
81164,289,2,125.98,Champions
53328,1092,1,125.96,Big Spenders
55224,1611,1,125.95,At Risk (High Value)
61451,1035,1,125.95,Big Spenders
54008,354,1,125.95,Big Spenders
10206,317,2,125.94,Champions
27976,1918,1,125.94,At Risk (High Value)
96720,1168,1,125.87,At Risk (High Value)
77268,52,1,125.84,Big Spenders
82200,14,2,125.83,Champions
11066,1619,1,125.82,Big Spenders
84851,147,1,125.8,Big Spenders
21903,306,1,125.77,Champions
88280,204,1,125.77,Champions
67214,955,1,125.76,Big Spenders
87728,54,2,125.74,Champions
86791,966,1,125.73,Big Spenders
2388,136,1,125.72,Champions
50105,209,1,125.63,Champions
87883,193,1,125.6,Big Spenders
90124,141,1,125.57,Champions
49655,3,2,125.5,Champions
11963,273,2,125.5,Champions
25649,564,1,125.5,Big Spenders
29882,1394,1,125.49,Big Spenders
95919,647,1,125.47,Big Spenders
80644,1071,1,125.45,Big Spenders
85014,1432,1,125.45,Big Spenders
39268,526,1,125.45,Big Spenders
25643,1245,1,125.45,Big Spenders
26835,662,1,125.39,At Risk (High Value)
64950,30,1,125.37,Big Spenders
23762,20,1,125.37,Big Spenders
26285,697,1,125.3,At Risk (High Value)
70331,698,1,125.3,At Risk (High Value)
76627,357,2,125.24,Average Regulars
67961,55,1,125.19,Champions
91651,283,1,125.15,Champions
47785,665,1,125.1,At Risk (High Value)
25668,51,1,125.0,Big Spenders
46645,42,2,125.0,Champions
69916,429,1,125.0,Big Spenders
2393,372,1,125.0,Big Spenders
94642,362,1,125.0,Big Spenders
69022,274,1,125.0,Champions
4651,891,1,125.0,Big Spenders
53517,825,2,125.0,At Risk (High Value)
95397,26,1,125.0,Big Spenders
38268,436,1,125.0,Big Spenders
82748,1026,1,125.0,Big Spenders
41312,1079,1,125.0,Big Spenders
95590,1513,1,125.0,Big Spenders
85287,1309,1,125.0,At Risk (High Value)
59898,1347,1,125.0,Big Spenders
57932,1044,1,125.0,Big Spenders
99735,544,1,125.0,Big Spenders
52486,772,1,125.0,At Risk (High Value)
69048,6,1,125.0,Big Spenders
65000,1175,1,125.0,Big Spenders
30078,166,1,125.0,Big Spenders
68881,105,1,125.0,Big Spenders
95141,612,1,125.0,Big Spenders
66806,121,1,125.0,Big Spenders
35288,477,1,125.0,Big Spenders
61447,1729,1,125.0,At Risk (High Value)
11304,830,1,125.0,Big Spenders
19770,2565,1,125.0,Big Spenders
17712,325,1,125.0,Big Spenders
89797,1081,1,125.0,Big Spenders
87200,99,1,125.0,Champions
56441,456,1,125.0,Big Spenders
38597,323,1,125.0,Champions
77599,2292,1,125.0,Big Spenders
29645,1769,1,125.0,Big Spenders
16397,425,1,125.0,Big Spenders
80157,53,1,125.0,Big Spenders
35348,8,1,125.0,Big Spenders
80728,326,1,125.0,Big Spenders
4078,511,1,125.0,Average Regulars
18685,121,1,125.0,Champions
30618,913,1,125.0,Big Spenders
6811,1377,1,125.0,Big Spenders
24352,160,1,125.0,Big Spenders
87027,336,1,125.0,Big Spenders
94961,296,1,125.0,Champions
42552,1305,1,125.0,At Risk (High Value)
27134,435,1,125.0,Big Spenders
64029,337,1,125.0,Big Spenders
82593,59,1,125.0,Big Spenders
51780,89,1,125.0,Big Spenders
19013,544,1,125.0,Big Spenders
12503,365,1,125.0,Big Spenders
9217,704,1,125.0,Big Spenders
77886,1082,2,124.99,At Risk (High Value)
4994,683,1,124.99,At Risk (High Value)
21238,1590,1,124.99,At Risk (High Value)
83272,12,2,124.99,Champions
79049,1738,1,124.99,Big Spenders
39825,1200,1,124.99,Big Spenders
79590,200,1,124.99,Champions
28531,1859,1,124.99,Big Spenders
84051,861,2,124.99,At Risk (High Value)
93700,335,1,124.99,Big Spenders
5541,8,1,124.99,Champions
50931,145,1,124.99,Big Spenders
97067,1090,1,124.99,Big Spenders
4984,629,2,124.99,Average Regulars
18092,453,1,124.99,Big Spenders
89973,479,1,124.99,Big Spenders
54459,574,1,124.99,Average Regulars
93298,1722,2,124.99,At Risk (High Value)
96558,717,2,124.99,At Risk (High Value)
6402,1118,1,124.97,At Risk (High Value)
91352,7,2,124.96,Champions
28329,393,1,124.96,Big Spenders
22910,212,1,124.95,Big Spenders
93418,9,1,124.95,Champions
43793,54,1,124.95,Champions
38392,1073,1,124.95,Big Spenders
1569,176,2,124.94,Champions
52112,1812,1,124.94,Big Spenders
46499,1296,1,124.94,At Risk (High Value)
33441,627,1,124.93,Average Regulars
27794,206,1,124.93,Champions
21799,493,1,124.89,Big Spenders
94752,715,1,124.89,Big Spenders
91913,51,2,124.88,Champions
23122,68,1,124.8,Champions
79166,628,1,124.73,Big Spenders
97216,1513,1,124.68,Big Spenders
8272,172,1,124.67,Champions
48054,502,1,124.6,Big Spenders
87466,220,1,124.6,Big Spenders
74858,1838,1,124.56,Big Spenders
28957,5,1,124.55,Big Spenders
70657,53,1,124.54,Big Spenders
95662,766,1,124.5,Big Spenders
52209,2435,1,124.5,At Risk (High Value)
10667,175,1,124.5,Big Spenders
92536,1606,1,124.5,At Risk (High Value)
90423,1620,1,124.5,At Risk (High Value)
11011,792,2,124.5,At Risk (High Value)
88897,655,1,124.49,Big Spenders
3362,122,1,124.49,Big Spenders
82140,373,1,124.49,Big Spenders
51096,1792,1,124.48,Big Spenders
98983,216,1,124.48,Big Spenders
68359,440,1,124.45,Big Spenders
91125,814,2,124.37,At Risk (High Value)
30727,6,1,124.36,Big Spenders
33122,725,1,124.3,At Risk (High Value)
6866,1298,2,124.14,At Risk (High Value)
76420,1404,1,124.09,Big Spenders
33391,950,1,124.0,Big Spenders
21853,697,1,124.0,Big Spenders
53316,209,1,124.0,Big Spenders
37241,898,2,124.0,At Risk (High Value)
57073,101,1,124.0,Champions
66049,55,1,124.0,Champions
61590,269,3,124.0,Champions
33831,965,2,124.0,At Risk (High Value)
66651,5,2,124.0,Champions
2620,6,3,124.0,Champions
25236,218,1,124.0,Champions
18325,2044,1,123.99,Big Spenders
96482,692,1,123.99,Big Spenders
3306,342,1,123.99,Big Spenders
11747,210,1,123.99,Champions
8020,851,1,123.99,Big Spenders
15915,751,1,123.99,Big Spenders
23356,22,1,123.99,Big Spenders
52699,750,1,123.99,Big Spenders
81266,76,1,123.98,Big Spenders
98588,5,1,123.98,Big Spenders
15083,153,2,123.97,Champions
29275,345,1,123.95,Big Spenders
44328,1889,1,123.95,Big Spenders
63620,570,1,123.94,Big Spenders
67315,34,1,123.94,Big Spenders
81884,127,1,123.93,Big Spenders
98898,362,1,123.93,Big Spenders
80413,652,2,123.92,Average Regulars
94891,643,2,123.91,Average Regulars
54461,913,2,123.9,At Risk (High Value)
2014,934,1,123.9,Big Spenders
54777,87,2,123.89,Champions
17152,372,2,123.81,Average Regulars
87762,307,1,123.8,Champions
13375,1682,1,123.78,Big Spenders
90135,1607,1,123.74,Big Spenders
9074,97,2,123.74,Champions
26351,771,2,123.74,At Risk (High Value)
48696,744,1,123.74,Big Spenders
29312,585,1,123.7,Average Regulars
92356,2203,1,123.65,Big Spenders
21036,322,1,123.65,Champions
17735,13,1,123.63,Big Spenders
31646,411,1,123.61,Big Spenders
96606,914,1,123.6,Big Spenders
71587,2,1,123.55,Champions
92037,572,1,123.53,Average Regulars
56816,84,1,123.5,Champions
46488,377,2,123.5,Average Regulars
7028,246,1,123.45,Champions
79897,357,1,123.45,Big Spenders
39473,10,1,123.45,Big Spenders
13611,1557,1,123.45,Big Spenders
36440,1784,1,123.43,Big Spenders
5751,53,2,123.4,Champions
49094,267,1,123.39,Big Spenders
66029,7,2,123.29,Champions
59000,136,2,123.21,Champions
78936,236,1,123.1,Champions
94449,1238,1,123.08,At Risk (High Value)
77069,2010,1,123.0,Big Spenders
15849,289,1,123.0,Champions
68081,345,1,123.0,Big Spenders
44593,1396,1,123.0,Big Spenders
40528,1563,1,123.0,Big Spenders
70205,1403,1,123.0,Big Spenders
5234,1425,2,123.0,At Risk (High Value)
53628,526,2,123.0,Average Regulars
39516,740,1,123.0,Big Spenders
20448,1681,1,123.0,Big Spenders
85577,1251,1,123.0,Big Spenders
10579,2038,1,123.0,Big Spenders
15177,1125,1,123.0,At Risk (High Value)
16572,61,1,123.0,Champions
72467,753,1,122.99,Big Spenders
10167,135,2,122.99,Champions
4954,1636,1,122.99,At Risk (High Value)
5930,67,1,122.99,Big Spenders
11666,258,1,122.99,Big Spenders
23491,250,1,122.99,Champions
42322,476,2,122.99,Average Regulars
23373,161,2,122.99,Champions
74385,362,1,122.99,Big Spenders
83436,691,2,122.98,At Risk (High Value)
10391,968,1,122.97,Big Spenders
79554,480,1,122.97,Big Spenders
8304,1525,2,122.97,At Risk (High Value)
3076,75,2,122.97,Champions
23668,2032,1,122.96,Big Spenders
39909,384,1,122.94,Big Spenders
16327,2114,1,122.94,At Risk (High Value)
36991,226,1,122.94,Big Spenders
22507,818,1,122.94,Big Spenders
75584,370,1,122.94,Big Spenders
6316,22,1,122.93,Big Spenders
7466,355,1,122.89,Big Spenders
14456,195,2,122.89,Champions
25132,311,1,122.85,Big Spenders
40929,271,1,122.74,Champions
5292,1084,1,122.61,Big Spenders
77343,776,1,122.6,Big Spenders
81199,307,1,122.6,Big Spenders
58176,595,1,122.6,Big Spenders
64295,118,1,122.6,Big Spenders
25459,1798,1,122.6,Big Spenders
89383,1071,1,122.6,At Risk (High Value)
66477,38,1,122.6,Big Spenders
52534,899,1,122.6,Big Spenders
6606,51,1,122.58,Big Spenders
74276,626,1,122.57,Average Regulars
13085,453,2,122.5,Average Regulars
41525,422,2,122.5,Average Regulars
10053,882,1,122.5,Big Spenders
41669,8,2,122.49,Champions
99012,219,1,122.48,Champions
11698,77,2,122.47,Champions
36461,21,1,122.47,Champions
46362,1306,1,122.46,At Risk (High Value)
49608,602,2,122.45,Average Regulars
73372,1865,1,122.45,Big Spenders
45331,888,1,122.45,Big Spenders
58097,565,2,122.44,Average Regulars
26720,494,1,122.4,Big Spenders
65045,158,2,122.4,Champions
26591,348,2,122.4,Average Regulars
21245,121,1,122.38,Champions
71641,14,1,122.38,Big Spenders
26714,48,1,122.38,Big Spenders
47069,535,1,122.38,Big Spenders
25047,37,1,122.38,Big Spenders
87065,2021,1,122.35,Big Spenders
64908,333,1,122.18,Big Spenders
91068,117,1,122.18,Champions
54350,1525,1,122.14,Big Spenders
84241,1254,1,122.1,At Risk (High Value)
95327,1,1,122.08,Big Spenders
33090,506,2,122.0,Average Regulars
91726,99,2,122.0,Champions
37207,130,2,122.0,Champions
97480,1219,2,122.0,At Risk (High Value)
99615,1,1,122.0,Big Spenders
82702,80,1,122.0,Champions
91754,175,1,122.0,Big Spenders
3003,1076,1,121.99,Big Spenders
73371,1640,2,121.99,At Risk (High Value)
24682,206,1,121.99,Champions
98101,1252,1,121.99,Big Spenders
779,1212,1,121.99,At Risk (High Value)
43082,0,1,121.99,Champions
84395,673,1,121.99,At Risk (High Value)
45774,111,1,121.99,Champions
9376,210,1,121.99,Champions
78044,1115,1,121.98,Big Spenders
30085,133,1,121.98,Champions
56717,270,1,121.98,Big Spenders
58720,315,1,121.98,Champions
79896,1013,1,121.98,Big Spenders
61293,1146,1,121.97,Big Spenders
96220,70,1,121.96,Big Spenders
84149,528,2,121.96,Average Regulars
19741,135,2,121.95,Champions
39821,1148,2,121.94,At Risk (High Value)
83877,1,1,121.92,Big Spenders
80503,67,1,121.9,Champions
64582,154,1,121.88,Champions
39376,2017,1,121.88,At Risk (High Value)
9018,145,1,121.76,Champions
31132,362,1,121.73,Big Spenders
51116,348,1,121.72,Big Spenders
28948,99,1,121.71,Champions
49601,141,1,121.64,Champions
40128,2639,1,121.53,At Risk (High Value)
26393,497,2,121.53,Average Regulars
19005,90,2,121.5,Champions
54633,641,2,121.5,Average Regulars
80908,575,1,121.49,Average Regulars
35117,254,2,121.49,Champions
16253,727,2,121.48,At Risk (High Value)
21224,98,1,121.48,Champions
66419,2400,1,121.47,Big Spenders
16394,96,1,121.45,Champions
68741,166,2,121.45,Champions
91682,293,2,121.43,Champions
65681,936,1,121.41,Big Spenders
95377,87,1,121.36,Big Spenders
89132,33,1,121.36,Big Spenders
32752,582,2,121.28,Average Regulars
81319,4,2,121.25,Champions
46786,498,2,121.25,Average Regulars
36316,105,1,121.17,Champions
80014,29,1,121.16,Big Spenders
95986,1499,1,121.14,Big Spenders
23738,30,1,121.14,Big Spenders
50150,56,1,121.07,Champions
82394,2256,1,121.04,Big Spenders
76288,53,2,121.02,Champions
68277,1131,1,121.0,Big Spenders
18793,2370,1,121.0,At Risk (High Value)
32623,20,1,121.0,Big Spenders
81346,2541,1,121.0,Big Spenders
16594,411,1,121.0,Big Spenders
22856,1179,1,121.0,Big Spenders
98767,1214,1,120.99,At Risk (High Value)
4498,1554,1,120.99,At Risk (High Value)
31312,14,2,120.99,Champions
72322,1640,1,120.99,At Risk (High Value)
31005,219,1,120.98,Champions
35051,829,2,120.98,At Risk (High Value)
54006,1241,2,120.97,At Risk (High Value)
8399,765,1,120.95,At Risk (High Value)
15380,402,1,120.95,Big Spenders
91179,2,1,120.95,Big Spenders
54723,1010,1,120.94,Big Spenders
57962,293,2,120.94,Champions
85296,1356,1,120.93,At Risk (High Value)
47440,998,1,120.9,Big Spenders
7459,511,1,120.89,Big Spenders
72943,2,1,120.86,Big Spenders
77997,1073,1,120.69,At Risk (High Value)
71280,653,1,120.59,Average Regulars
90069,269,2,120.57,Champions
76577,390,1,120.56,Big Spenders
53024,451,1,120.5,Big Spenders
51718,166,1,120.49,Big Spenders
72142,62,2,120.44,Champions
4601,1564,1,120.44,At Risk (High Value)
49716,1804,1,120.41,Big Spenders
14901,10,1,120.4,Champions
85292,2348,1,120.39,At Risk (High Value)
85998,2707,1,120.39,Big Spenders
63297,171,1,120.36,Big Spenders
6765,13,3,120.31,Champions
37377,92,1,120.27,Big Spenders
32136,3,1,120.21,Champions
56996,89,2,120.16,Champions
59403,2451,1,120.14,Big Spenders
91714,742,2,120.09,At Risk (High Value)
97730,1515,1,120.0,Big Spenders
72355,14,1,120.0,Champions
86402,168,1,120.0,Big Spenders
25170,993,1,120.0,Big Spenders
53775,237,2,120.0,Champions
59063,198,1,120.0,Champions
28684,2202,1,120.0,Big Spenders
28550,350,1,120.0,Big Spenders
40303,706,1,120.0,At Risk (High Value)
83329,113,1,120.0,Big Spenders
13839,1217,1,120.0,Big Spenders
14247,218,1,120.0,Big Spenders
8773,626,1,120.0,Average Regulars
2673,348,1,120.0,Big Spenders
61642,549,1,120.0,Big Spenders
51210,5,1,120.0,Big Spenders
27770,337,1,120.0,Big Spenders
91442,990,1,120.0,Big Spenders
31684,648,1,120.0,Big Spenders
1071,1264,1,120.0,Big Spenders
69675,13,1,120.0,Big Spenders
60871,137,1,120.0,Champions
8541,470,1,120.0,Big Spenders
82416,65,1,120.0,Big Spenders
83726,476,1,120.0,Big Spenders
94491,520,1,120.0,Average Regulars
39312,574,1,120.0,Big Spenders
40246,467,1,120.0,Big Spenders
64822,394,1,120.0,Big Spenders
43301,729,1,120.0,Big Spenders
75653,1827,1,120.0,At Risk (High Value)
90721,11,1,120.0,Champions
46298,622,1,120.0,Big Spenders
33113,1432,1,120.0,Big Spenders
66230,1279,1,120.0,Big Spenders
22117,683,1,120.0,Big Spenders
67070,1876,1,120.0,At Risk (High Value)
45792,281,1,120.0,Big Spenders
17908,63,3,120.0,Champions
91680,634,2,120.0,Average Regulars
29716,166,1,120.0,Champions
73924,1609,1,120.0,At Risk (High Value)
46743,553,1,120.0,Big Spenders
63919,591,1,120.0,Big Spenders
98202,111,1,120.0,Big Spenders
18898,902,1,120.0,Big Spenders
27780,293,1,119.99,Big Spenders
36849,350,1,119.99,Big Spenders
74557,2025,1,119.99,Big Spenders
75124,162,1,119.99,Big Spenders
18397,9,1,119.99,Champions
9012,489,1,119.99,Big Spenders
91226,1974,1,119.99,Big Spenders
32260,688,1,119.99,At Risk (High Value)
53556,1502,1,119.99,Big Spenders
62805,86,1,119.99,Big Spenders
71806,1046,1,119.99,Big Spenders
13283,843,1,119.99,Big Spenders
90694,157,1,119.99,Big Spenders
20670,2313,1,119.99,At Risk (High Value)
92972,721,1,119.99,At Risk (High Value)
92200,235,1,119.99,Champions
49570,1023,1,119.99,Big Spenders
81063,8,1,119.99,Champions
39110,271,1,119.99,Big Spenders
26963,862,1,119.99,Big Spenders
40767,21,1,119.99,Champions
53959,247,1,119.99,Big Spenders
15389,92,1,119.99,Champions
70558,63,1,119.99,Champions
74679,235,1,119.99,Big Spenders
48775,509,1,119.99,Big Spenders
74910,43,1,119.99,Big Spenders
45983,1429,1,119.99,Big Spenders
82574,843,1,119.99,At Risk (High Value)
75595,5,1,119.99,Champions
89462,1038,2,119.99,At Risk (High Value)
80099,90,1,119.99,Big Spenders
42489,581,1,119.99,Big Spenders
24876,394,1,119.99,Big Spenders
2164,58,1,119.99,Champions
76128,44,1,119.99,Big Spenders
26508,549,1,119.99,Big Spenders
52392,73,1,119.99,Champions
54505,343,1,119.99,Big Spenders
34529,513,1,119.99,Average Regulars
14662,987,1,119.99,Big Spenders
75973,1498,1,119.99,Big Spenders
11681,7,1,119.99,Champions
38872,89,1,119.99,Champions
70672,677,1,119.98,At Risk (High Value)
53240,124,1,119.98,Champions
75769,1093,1,119.98,Big Spenders
70978,1091,2,119.98,At Risk (High Value)
29506,734,1,119.98,At Risk (High Value)
72076,685,1,119.95,At Risk (High Value)
22581,279,1,119.95,Big Spenders
43490,1644,1,119.95,Big Spenders
6756,28,1,119.95,Big Spenders
45963,746,1,119.95,At Risk (High Value)
14385,1248,1,119.95,Big Spenders
98287,39,1,119.95,Big Spenders
57703,183,1,119.95,Big Spenders
56933,614,1,119.95,Big Spenders
49314,2463,2,119.95,At Risk (High Value)
39588,24,1,119.95,Big Spenders
25611,1425,2,119.94,At Risk (High Value)
6458,1375,1,119.93,At Risk (High Value)
99837,1183,1,119.9,Big Spenders
3587,70,1,119.87,Big Spenders
49855,50,1,119.87,Big Spenders
43428,1465,1,119.86,Big Spenders
93937,1515,1,119.85,Big Spenders
29651,1118,1,119.75,At Risk (High Value)
39279,114,1,119.74,Big Spenders
62970,6,2,119.73,Champions
88264,128,3,119.68,Champions
75485,370,1,119.66,Big Spenders
73068,1462,1,119.65,Big Spenders
86691,552,1,119.64,Big Spenders
80272,45,2,119.62,Champions
92147,1269,1,119.62,Big Spenders
22474,62,2,119.6,Champions
68438,18,1,119.6,Champions
80044,1540,1,119.57,Big Spenders
43445,2078,1,119.53,Big Spenders
73936,1023,1,119.5,At Risk (High Value)
356,1066,1,119.5,Big Spenders
93588,436,1,119.5,Big Spenders
54924,176,1,119.5,Champions
21949,389,1,119.5,Big Spenders
65381,224,1,119.5,Big Spenders
53948,779,1,119.5,Big Spenders
24741,63,1,119.5,Champions
97516,1747,1,119.5,Big Spenders
94994,2110,1,119.5,Big Spenders
21168,66,1,119.49,Champions
991,225,1,119.49,Big Spenders
49451,336,1,119.49,Big Spenders
61982,261,1,119.49,Big Spenders
18048,0,1,119.47,Big Spenders
52552,697,1,119.45,Big Spenders
63481,116,2,119.45,Champions
35374,2755,1,119.45,Big Spenders
30810,1123,2,119.44,At Risk (High Value)
52315,1350,1,119.44,Big Spenders
45864,454,1,119.43,Big Spenders
27973,186,1,119.4,Big Spenders
2553,37,1,119.4,Big Spenders
18173,528,1,119.39,Big Spenders
870,182,2,119.39,Champions
56250,27,1,119.26,Big Spenders
47215,338,1,119.26,Big Spenders
80113,76,1,119.26,Big Spenders
89146,1659,1,119.23,At Risk (High Value)
45895,2036,1,119.23,Big Spenders
927,540,2,119.2,Average Regulars
92456,343,1,119.2,Big Spenders
98149,625,1,119.14,Big Spenders
53348,968,1,119.13,Big Spenders
38070,100,1,119.1,Champions
89262,1238,1,119.09,Big Spenders
68238,69,1,119.07,Champions
81578,316,1,119.07,Champions
81203,646,1,119.07,Big Spenders
55308,179,2,119.05,Champions
69250,25,1,119.05,Big Spenders
78799,61,2,119.05,Champions
36465,931,1,119.04,Big Spenders
56088,1357,1,119.04,At Risk (High Value)
40507,27,1,119.04,Big Spenders
26251,1846,1,119.0,Big Spenders
34730,564,1,119.0,Big Spenders
89325,214,1,119.0,Champions
46768,708,1,119.0,At Risk (High Value)
94134,199,1,119.0,Big Spenders
13307,100,1,119.0,Big Spenders
2678,1370,1,119.0,Big Spenders
87127,105,1,119.0,Champions
64869,771,1,119.0,At Risk (High Value)
31378,114,1,119.0,Big Spenders
42162,1453,1,119.0,Big Spenders
63850,2075,1,119.0,Big Spenders
5569,68,1,119.0,Champions
27475,187,1,119.0,Champions
20179,27,2,119.0,Champions
60516,71,1,119.0,Big Spenders
58956,131,1,119.0,Big Spenders
97741,90,1,119.0,Big Spenders
60846,733,1,119.0,At Risk (High Value)
3044,1618,1,119.0,Big Spenders
53323,56,1,119.0,Big Spenders
93584,357,1,119.0,Big Spenders
68249,401,1,119.0,Big Spenders
51289,250,1,119.0,Champions
22591,469,2,119.0,Average Regulars
70249,613,1,119.0,Average Regulars
51408,1002,1,119.0,Big Spenders
16224,507,1,119.0,Big Spenders
2810,277,1,119.0,Big Spenders
88543,1921,1,119.0,Big Spenders
8142,582,1,119.0,Average Regulars
60229,462,1,119.0,Big Spenders
48225,485,1,119.0,Average Regulars
60864,166,1,119.0,Champions
43896,1074,1,119.0,Big Spenders
63287,355,1,119.0,Big Spenders
45467,241,1,119.0,Big Spenders
95155,271,1,119.0,Big Spenders
88840,1504,1,119.0,At Risk (High Value)
19377,1437,1,119.0,Big Spenders
61043,1726,1,119.0,At Risk (High Value)
99599,1463,1,119.0,Big Spenders
49311,2349,1,118.99,Big Spenders
75177,234,1,118.99,Champions
47982,303,1,118.99,Big Spenders
58399,834,1,118.99,At Risk (High Value)
2988,1494,1,118.99,Big Spenders
18090,1659,1,118.98,Big Spenders
23134,491,1,118.98,Big Spenders
61983,1246,1,118.98,Big Spenders
60361,2237,1,118.95,At Risk (High Value)
24811,680,1,118.94,Big Spenders
76539,1092,1,118.93,Big Spenders
5072,0,1,118.87,Big Spenders
38152,1407,1,118.75,Big Spenders
5650,476,1,118.69,Big Spenders
69282,108,1,118.68,Big Spenders
30832,331,2,118.6,Average Regulars
49865,4,1,118.57,Big Spenders
77943,2116,1,118.55,Big Spenders
85576,674,2,118.5,At Risk (High Value)
49516,594,1,118.5,Big Spenders
29531,206,2,118.5,Champions
82544,0,1,118.5,Big Spenders
37837,128,1,118.5,Big Spenders
81912,60,1,118.5,Champions
20656,899,1,118.49,Big Spenders
61651,1106,3,118.48,At Risk (High Value)
76884,1217,2,118.48,At Risk (High Value)
63645,74,2,118.46,Champions
51963,357,1,118.42,Big Spenders
51939,1073,1,118.31,At Risk (High Value)
31607,734,1,118.25,Big Spenders
73384,1081,1,118.2,Big Spenders
95129,1111,1,118.03,Big Spenders
39529,31,1,118.0,Big Spenders
48023,49,1,118.0,Big Spenders
83867,665,1,118.0,At Risk (High Value)
5549,586,1,118.0,Average Regulars
79163,644,1,118.0,Average Regulars
99097,1290,1,118.0,Big Spenders
13988,700,1,118.0,Big Spenders
31558,8,1,118.0,Big Spenders
87533,1477,1,118.0,Big Spenders
4911,139,1,118.0,Champions
25259,173,1,118.0,Big Spenders
81489,2221,1,118.0,Big Spenders
59268,643,1,118.0,Average Regulars
60348,377,1,118.0,Big Spenders
38172,830,1,118.0,Big Spenders
59484,1039,1,118.0,At Risk (High Value)
17256,749,2,118.0,At Risk (High Value)
43138,143,1,118.0,Big Spenders
61249,380,1,118.0,Big Spenders
53584,148,1,118.0,Champions
16941,869,1,118.0,At Risk (High Value)
52719,159,1,118.0,Champions
41819,1066,1,118.0,At Risk (High Value)
49934,37,1,118.0,Big Spenders
28175,55,1,118.0,Champions
36813,820,1,117.99,At Risk (High Value)
54465,1635,1,117.99,At Risk (High Value)
36887,1464,1,117.99,Big Spenders
80021,18,1,117.99,Big Spenders
51025,1670,1,117.99,Big Spenders
58526,611,1,117.99,Big Spenders
94837,1231,1,117.99,At Risk (High Value)
57098,212,1,117.99,Champions
32675,2047,1,117.99,Big Spenders
81681,4,1,117.99,Big Spenders
22493,179,1,117.98,Champions
41395,3,1,117.97,Big Spenders
17753,511,3,117.96,Average Regulars
79062,990,1,117.96,Big Spenders
93088,148,2,117.94,Champions
66392,21,2,117.94,Champions
45558,0,1,117.93,Champions
53539,2056,1,117.93,Big Spenders
79730,393,2,117.92,Average Regulars
53029,467,1,117.92,Big Spenders
59586,1044,1,117.86,Big Spenders
63501,1659,1,117.86,At Risk (High Value)
78864,347,1,117.75,Big Spenders
78502,268,1,117.72,Big Spenders
37307,296,2,117.67,Champions
18156,433,1,117.65,Big Spenders
947,55,1,117.6,Big Spenders
45548,1551,1,117.6,Big Spenders
17536,1921,1,117.6,Big Spenders
35547,168,1,117.6,Champions
80751,1858,1,117.6,Big Spenders
95994,744,1,117.58,At Risk (High Value)
42952,353,2,117.58,Average Regulars
42217,869,1,117.56,Big Spenders
4324,818,1,117.53,Big Spenders
94901,2592,1,117.51,Big Spenders
3277,12,2,117.5,Champions
69815,31,2,117.5,Champions
35165,38,1,117.5,Big Spenders
98135,316,1,117.5,Big Spenders
5735,738,2,117.49,At Risk (High Value)
62653,143,1,117.49,Champions
95937,849,1,117.49,At Risk (High Value)
97367,226,1,117.47,Champions
86865,2,1,117.46,Big Spenders
67926,98,1,117.45,Big Spenders
29623,1346,1,117.45,At Risk (High Value)
83774,882,1,117.29,Big Spenders
12945,381,2,117.24,Average Regulars
58626,429,1,117.23,Big Spenders
20975,93,1,117.18,Champions
44672,527,1,117.14,Big Spenders
54053,86,2,117.07,Champions
61618,78,1,117.07,Big Spenders
68116,1210,1,117.04,Big Spenders
92937,777,1,117.0,At Risk (High Value)
14586,700,1,117.0,Big Spenders
82238,1479,1,117.0,Big Spenders
64381,2546,1,117.0,At Risk (High Value)
28072,210,1,116.99,Big Spenders
35611,1729,2,116.99,At Risk (High Value)
52986,296,1,116.99,Champions
61097,1407,1,116.99,Big Spenders
67890,389,1,116.99,Big Spenders
21613,1618,1,116.99,Big Spenders
36711,102,1,116.99,Big Spenders
32569,636,1,116.99,Big Spenders
45786,604,1,116.98,Average Regulars
84373,126,1,116.98,Big Spenders
45592,323,1,116.98,Champions
77209,927,2,116.98,At Risk (High Value)
94567,504,1,116.98,Big Spenders
33478,172,1,116.98,Champions
40903,965,2,116.96,At Risk (High Value)
72174,149,1,116.95,Champions
19503,692,1,116.95,Big Spenders
8700,1152,1,116.94,At Risk (High Value)
99998,400,1,116.93,Big Spenders
10642,318,1,116.9,Big Spenders
88723,591,1,116.85,Big Spenders
67891,126,1,116.84,Big Spenders
74470,70,1,116.83,Champions
45097,182,1,116.77,Big Spenders
57602,108,1,116.76,Champions
40182,481,1,116.75,Big Spenders
49230,52,2,116.74,Champions
56805,46,2,116.61,Champions
56787,2,1,116.58,Big Spenders
59415,278,2,116.57,Champions
26865,545,2,116.55,Average Regulars
92455,1292,1,116.5,At Risk (High Value)
31774,343,2,116.5,Average Regulars
80520,376,1,116.5,Big Spenders
33538,759,1,116.49,At Risk (High Value)
23085,313,1,116.4,Big Spenders
66814,897,1,116.4,Big Spenders
33143,257,1,116.39,Champions
211,869,3,116.27,At Risk (High Value)
28721,44,1,116.25,Big Spenders
7772,160,2,116.22,Champions
60277,1425,1,116.2,Big Spenders
74074,290,1,116.13,Champions
65848,517,1,116.13,Big Spenders
54150,1731,1,116.0,Big Spenders
55287,1732,1,116.0,Big Spenders
46772,1,1,115.99,Champions
59536,1827,1,115.99,At Risk (High Value)
27649,312,2,115.99,Champions
88551,179,1,115.99,Big Spenders
63980,457,1,115.99,Big Spenders
7251,115,1,115.99,Big Spenders
86650,430,1,115.99,Big Spenders
37229,35,1,115.99,Big Spenders
9947,143,1,115.99,Big Spenders
85645,759,1,115.98,At Risk (High Value)
84141,338,1,115.98,Big Spenders
3213,1281,1,115.95,At Risk (High Value)
27466,109,2,115.95,Champions
20406,189,2,115.95,Champions
55651,2095,1,115.94,At Risk (High Value)
48273,1154,2,115.93,At Risk (High Value)
84258,129,2,115.9,Champions
47853,508,2,115.88,Average Regulars
50917,17,1,115.86,Big Spenders
95339,255,2,115.86,Champions
94543,175,1,115.78,Champions
65674,1113,3,115.74,At Risk (High Value)
60149,1282,1,115.73,At Risk (High Value)
40583,86,1,115.63,Champions
32997,120,2,115.6,Champions
73873,1322,1,115.5,Big Spenders
48538,75,1,115.5,Big Spenders
35877,1070,1,115.5,Big Spenders
66759,1088,2,115.48,At Risk (High Value)
14690,801,1,115.48,Big Spenders
62375,1398,2,115.46,At Risk (High Value)
17996,64,1,115.3,Big Spenders
44840,264,1,115.28,Big Spenders
4378,4,1,115.28,Big Spenders
73192,221,1,115.25,Big Spenders
54661,130,1,115.15,Big Spenders
27779,10,1,115.0,Champions
32311,768,1,115.0,At Risk (High Value)
40688,577,1,115.0,Big Spenders
9550,1686,1,115.0,Big Spenders
41274,183,1,115.0,Champions
60394,892,1,115.0,Big Spenders
99849,588,1,115.0,Average Regulars
23210,2240,1,115.0,Big Spenders
77168,39,1,115.0,Big Spenders
1121,1584,1,115.0,At Risk (High Value)
51318,1866,1,115.0,Big Spenders
95103,90,1,115.0,Champions
74326,743,1,115.0,At Risk (High Value)
45735,972,2,115.0,At Risk (High Value)
39852,2288,1,115.0,Big Spenders
74339,243,1,115.0,Champions
50421,1613,1,115.0,Big Spenders
97118,79,1,115.0,Champions
77024,844,1,115.0,At Risk (High Value)
69630,1091,1,115.0,Big Spenders
54577,853,1,115.0,Big Spenders
51383,2239,1,115.0,At Risk (High Value)
92363,692,1,115.0,At Risk (High Value)
16680,627,1,115.0,Average Regulars
82217,114,1,115.0,Big Spenders
79574,294,1,115.0,Champions
75558,398,1,115.0,Big Spenders
94626,1366,1,115.0,Big Spenders
66318,604,1,115.0,Big Spenders
34071,193,1,115.0,Champions
57513,2095,1,115.0,At Risk (High Value)
15571,72,1,115.0,Champions
12262,168,1,114.99,Champions
29976,1860,1,114.99,Big Spenders
66858,768,1,114.99,Big Spenders
87598,1272,1,114.99,Big Spenders
36820,898,1,114.99,Big Spenders
36655,249,2,114.99,Champions
73167,1528,1,114.99,Big Spenders
74771,4,2,114.99,Champions
68541,74,1,114.99,Big Spenders
79125,3,1,114.99,Champions
59098,63,2,114.99,Champions
67864,2133,1,114.99,Big Spenders
18943,47,2,114.99,Champions
45974,333,1,114.99,Big Spenders
81548,47,2,114.99,Champions
56931,33,1,114.99,Big Spenders
77284,1376,1,114.99,Big Spenders
25744,242,1,114.99,Big Spenders
6252,817,2,114.99,At Risk (High Value)
8649,15,1,114.99,Big Spenders
96385,545,2,114.99,Average Regulars
54086,1786,1,114.99,Big Spenders
92264,145,2,114.99,Champions
68725,450,1,114.99,Big Spenders
40362,1191,1,114.98,Big Spenders
78339,125,2,114.98,Champions
28919,717,1,114.98,At Risk (High Value)
47426,111,1,114.97,Champions
64784,30,2,114.96,Champions
57390,1487,1,114.95,Big Spenders
9492,393,1,114.95,Big Spenders
36621,112,1,114.95,Big Spenders
42069,77,2,114.95,Champions
88788,2008,1,114.95,Big Spenders
10655,2203,1,114.95,Big Spenders
67252,24,1,114.95,Champions
53390,239,1,114.95,Champions
2596,356,2,114.95,Average Regulars
32329,118,1,114.95,Champions
74945,2318,1,114.94,Big Spenders
65858,883,1,114.94,Big Spenders
74145,66,1,114.94,Champions
80629,20,1,114.94,Big Spenders
96371,9,2,114.94,Champions
12333,203,2,114.94,Champions
79854,226,1,114.93,Big Spenders
3447,10,3,114.93,Champions
51941,1115,1,114.92,Big Spenders
35068,86,1,114.91,Big Spenders
72715,1342,1,114.9,At Risk (High Value)
4371,159,2,114.89,Champions
45636,99,1,114.8,Champions
41876,907,1,114.8,Big Spenders
4701,5,1,114.75,Big Spenders
5486,1155,1,114.75,Big Spenders
85767,463,1,114.72,Big Spenders
30589,822,1,114.69,At Risk (High Value)
93930,1,1,114.67,Big Spenders
88778,338,1,114.6,Big Spenders
55254,118,2,114.6,Champions
77412,2039,1,114.58,Big Spenders
65211,162,2,114.54,Champions
20180,250,1,114.5,Champions
10285,191,2,114.5,Champions
99857,604,1,114.5,Average Regulars
85235,223,1,114.5,Big Spenders
37977,34,1,114.5,Big Spenders
5409,778,1,114.5,Big Spenders
88899,1524,1,114.5,Big Spenders
48232,529,1,114.49,Average Regulars
46996,1104,1,114.49,Big Spenders
5558,986,1,114.49,Big Spenders
81023,2143,1,114.49,At Risk (High Value)
17204,225,1,114.49,Big Spenders
27376,665,2,114.48,At Risk (High Value)
31398,38,1,114.48,Big Spenders
89699,372,1,114.46,Big Spenders
22693,367,1,114.45,Big Spenders
5620,331,1,114.44,Big Spenders
1314,652,1,114.43,Big Spenders
2406,12,2,114.4,Champions
89268,1677,1,114.4,Big Spenders
84025,424,1,114.4,Big Spenders
34840,75,1,114.37,Champions
97721,305,1,114.31,Champions
8811,267,1,114.3,Big Spenders
54118,632,1,114.3,Big Spenders
15347,463,1,114.27,Big Spenders
47752,381,1,114.27,Big Spenders
52423,11,1,114.25,Big Spenders
85209,1062,1,114.24,Big Spenders
54865,357,2,114.2,Average Regulars
28227,705,1,114.19,At Risk (High Value)
96159,47,1,114.17,Big Spenders
15442,1804,1,114.1,Big Spenders
82538,389,1,114.0,Big Spenders
74963,684,1,114.0,Big Spenders
57225,43,2,114.0,Champions
18806,1005,1,114.0,Big Spenders
42099,1375,1,114.0,Big Spenders
63938,42,1,114.0,Big Spenders
72902,943,1,114.0,Big Spenders
78661,746,2,114.0,At Risk (High Value)
72765,444,1,114.0,Big Spenders
48575,1150,1,114.0,At Risk (High Value)
99827,244,1,114.0,Champions
7952,1705,1,113.99,Big Spenders
30530,258,1,113.99,Big Spenders
56553,1051,1,113.99,Big Spenders
60751,1359,2,113.99,At Risk (High Value)
17767,2518,1,113.99,Big Spenders
3513,181,1,113.99,Champions
38020,1175,1,113.99,Big Spenders
87850,75,2,113.99,Champions
89993,145,1,113.99,Champions
34306,774,1,113.99,Big Spenders
82379,1140,1,113.98,Big Spenders
35922,142,1,113.95,Big Spenders
86211,427,1,113.95,Big Spenders
70813,399,2,113.95,Average Regulars
20970,743,1,113.95,Big Spenders
45352,268,1,113.94,Champions
94206,626,2,113.93,Average Regulars
38730,1412,1,113.9,Big Spenders
79440,2068,1,113.9,Big Spenders
67448,1011,1,113.9,Big Spenders
27887,11,1,113.9,Big Spenders
71779,128,2,113.85,Champions
36569,618,1,113.84,Average Regulars
61021,1722,1,113.84,At Risk (High Value)
30578,23,1,113.84,Big Spenders
34460,1279,2,113.81,At Risk (High Value)
19121,886,1,113.8,Big Spenders
10483,285,2,113.76,Champions
89536,1090,1,113.74,Big Spenders
51506,2568,1,113.74,At Risk (High Value)
56985,324,3,113.69,Champions
55555,31,1,113.68,Big Spenders
33236,1655,1,113.55,Big Spenders
31848,65,2,113.53,Champions
41760,737,1,113.5,Big Spenders
30677,2033,2,113.5,At Risk (High Value)
31070,2593,1,113.5,Big Spenders
41301,79,1,113.5,Champions
99680,902,1,113.49,Big Spenders
74871,1278,1,113.49,At Risk (High Value)
45755,392,1,113.49,Big Spenders
14190,722,1,113.49,Big Spenders
42641,6,2,113.45,Champions
101,365,1,113.4,Big Spenders
15664,1554,1,113.39,At Risk (High Value)
59501,2128,1,113.34,Big Spenders
4624,200,1,113.33,Champions
7165,298,2,113.3,Champions
23368,700,1,113.23,Big Spenders
3816,849,1,113.22,Big Spenders
32849,1228,2,113.08,At Risk (High Value)
35197,331,1,113.01,Big Spenders
82851,271,1,113.0,Champions
87985,308,1,113.0,Champions
76087,652,1,113.0,Big Spenders
3553,412,2,112.99,Average Regulars
10723,600,1,112.99,Average Regulars
52211,208,1,112.99,Big Spenders
95957,90,2,112.99,Champions
82827,33,2,112.99,Champions
62692,217,1,112.99,Champions
72075,1422,1,112.98,Big Spenders
28489,158,2,112.98,Champions
62023,349,1,112.98,Big Spenders
56223,2352,1,112.98,Big Spenders
4567,1860,1,112.98,Big Spenders
48524,66,1,112.97,Champions
23264,178,2,112.97,Champions
14182,1699,1,112.95,At Risk (High Value)
47941,2194,2,112.95,At Risk (High Value)
44474,975,1,112.95,Big Spenders
5788,971,1,112.94,Big Spenders
47683,870,1,112.94,Big Spenders
87497,178,1,112.93,Champions
29071,932,2,112.88,At Risk (High Value)
26363,801,1,112.85,At Risk (High Value)
99413,781,1,112.72,At Risk (High Value)
68710,1381,1,112.69,Big Spenders
36159,38,1,112.63,Big Spenders
44813,101,2,112.58,Champions
62149,531,2,112.54,Average Regulars
20681,833,1,112.5,At Risk (High Value)
32953,767,1,112.5,Big Spenders
88463,623,1,112.5,Average Regulars
72070,537,1,112.5,Big Spenders
50519,2224,1,112.5,Big Spenders
38497,1269,2,112.5,At Risk (High Value)
60925,179,1,112.5,Champions
62938,1629,1,112.5,At Risk (High Value)
74037,1639,1,112.5,Big Spenders
46636,450,2,112.47,Average Regulars
52821,309,1,112.45,Big Spenders
72046,701,1,112.44,Big Spenders
28098,1146,1,112.44,At Risk (High Value)
37286,548,1,112.39,Big Spenders
68522,477,1,112.35,Big Spenders
4286,2223,1,112.32,Big Spenders
61933,4,1,112.25,Big Spenders
79477,1003,1,112.22,Big Spenders
32770,1294,1,112.22,Big Spenders
64796,201,1,112.17,Big Spenders
38914,122,1,112.14,Champions
99441,51,1,112.05,Big Spenders
65267,464,1,112.0,Big Spenders
21314,727,1,112.0,Big Spenders
88185,175,1,112.0,Big Spenders
18327,7,2,112.0,Champions
97608,457,1,112.0,Big Spenders
87018,16,1,112.0,Champions
7192,232,1,112.0,Champions
33293,1026,1,112.0,Big Spenders
63537,382,1,112.0,Big Spenders
41082,882,1,112.0,Big Spenders
2125,385,1,112.0,Big Spenders
26666,1039,1,112.0,Big Spenders
30696,331,1,112.0,Big Spenders
4581,1530,1,112.0,Big Spenders
27432,1001,1,112.0,Big Spenders
10921,137,1,112.0,Big Spenders
41006,625,1,112.0,Big Spenders
86927,176,1,111.99,Champions
10322,1588,1,111.99,At Risk (High Value)
49960,1714,1,111.99,Big Spenders
79150,620,1,111.99,Big Spenders
57018,49,3,111.99,Champions
12354,83,2,111.99,Champions
7512,41,3,111.98,Champions
68844,264,1,111.98,Big Spenders
83542,37,1,111.98,Big Spenders
26538,82,1,111.98,Champions
96526,609,1,111.98,Average Regulars
70988,840,1,111.98,At Risk (High Value)
25365,1385,1,111.98,Big Spenders
98998,138,1,111.98,Champions
39783,62,1,111.98,Champions
32718,1195,1,111.98,At Risk (High Value)
91572,2249,1,111.98,Big Spenders
21209,40,1,111.98,Big Spenders
88025,460,1,111.95,Big Spenders
34128,892,1,111.95,Big Spenders
30548,1211,1,111.95,Big Spenders
64648,98,1,111.95,Champions
41630,102,2,111.94,Champions
3529,1557,1,111.94,Big Spenders
75216,7,2,111.93,Champions
26194,607,2,111.93,Average Regulars
29085,591,1,111.92,Big Spenders
19429,268,1,111.91,Big Spenders
79076,1466,2,111.9,At Risk (High Value)
830,514,1,111.89,Big Spenders
26639,388,1,111.89,Big Spenders
67250,1679,1,111.8,At Risk (High Value)
94350,36,1,111.77,Big Spenders
35274,1793,1,111.73,Big Spenders
61893,256,1,111.67,Champions
47063,114,1,111.58,Big Spenders
77022,607,1,111.52,Average Regulars
90463,359,1,111.51,Big Spenders
71784,756,1,111.5,Big Spenders
99002,1091,1,111.5,Big Spenders
20735,1901,1,111.5,At Risk (High Value)
68200,444,1,111.49,Big Spenders
52753,116,1,111.47,Big Spenders
17891,120,2,111.4,Champions
21171,77,1,111.36,Big Spenders
64933,876,1,111.36,At Risk (High Value)
2632,1145,1,111.28,Big Spenders
80162,12,2,111.27,Champions
39457,650,2,111.25,Average Regulars
525,2115,1,111.15,Big Spenders
86461,641,1,111.14,Big Spenders
76356,207,1,111.13,Big Spenders
33268,2510,1,111.12,Big Spenders
25152,668,1,111.07,Big Spenders
49587,618,1,111.03,Average Regulars
7794,551,1,111.0,Big Spenders
77480,1962,1,111.0,Big Spenders
6389,842,1,111.0,At Risk (High Value)
36084,1374,1,111.0,Big Spenders
32940,122,1,111.0,Big Spenders
49291,504,1,111.0,Average Regulars
7935,170,2,111.0,Champions
74375,993,2,111.0,At Risk (High Value)
83497,68,2,111.0,Champions
64642,2019,1,110.99,Big Spenders
10469,95,1,110.99,Big Spenders
85554,1204,1,110.99,At Risk (High Value)
72521,1704,1,110.99,At Risk (High Value)
99724,134,1,110.99,Champions
83539,379,1,110.99,Big Spenders
67356,58,2,110.99,Champions
7328,23,1,110.99,Big Spenders
95416,50,1,110.98,Big Spenders
50967,1824,1,110.97,Big Spenders
23555,408,1,110.97,Big Spenders
96453,17,3,110.96,Champions
74377,5,2,110.96,Champions
3023,819,2,110.93,At Risk (High Value)
30083,674,2,110.9,At Risk (High Value)
82155,20,1,110.86,Big Spenders
65403,285,2,110.81,Champions
92198,933,1,110.8,Big Spenders
1235,835,1,110.79,At Risk (High Value)
2718,287,1,110.78,Big Spenders
50342,466,1,110.78,Big Spenders
2778,431,1,110.77,Big Spenders
74989,218,1,110.74,Big Spenders
30592,475,1,110.74,Average Regulars
55319,2381,1,110.73,Big Spenders
54480,575,1,110.6,Big Spenders
33356,1044,1,110.57,Big Spenders
42432,161,1,110.56,Big Spenders
44786,192,2,110.53,Champions
3358,219,1,110.52,Big Spenders
74990,1554,1,110.5,Big Spenders
44647,49,1,110.49,Big Spenders
53131,1466,1,110.47,At Risk (High Value)
36274,339,2,110.4,Average Regulars
83061,715,1,110.39,Big Spenders
57338,41,2,110.33,Champions
44416,217,1,110.31,Champions
48209,1321,1,110.25,Big Spenders
12373,26,1,110.19,Big Spenders
33839,386,1,110.19,Big Spenders
27235,54,1,110.1,Big Spenders
6861,124,2,110.09,Champions
61868,1276,1,110.0,Big Spenders
77110,440,1,110.0,Big Spenders
94739,35,1,110.0,Big Spenders
64999,281,1,110.0,Big Spenders
88357,1221,1,110.0,At Risk (High Value)
16203,376,1,110.0,Big Spenders
44039,504,1,110.0,Big Spenders
85973,1912,1,110.0,Big Spenders
42045,1201,1,110.0,Big Spenders
99859,1031,1,110.0,Big Spenders
10175,910,1,110.0,Big Spenders
76368,1103,1,110.0,Big Spenders
7787,202,1,110.0,Big Spenders
46470,679,1,110.0,Big Spenders
29502,217,1,110.0,Big Spenders
59052,20,1,110.0,Champions
42704,817,1,110.0,At Risk (High Value)
87727,1259,1,110.0,Big Spenders
22869,6,1,110.0,Big Spenders
87076,481,1,110.0,Big Spenders
62248,227,1,110.0,Big Spenders
24350,1470,1,110.0,Big Spenders
76526,223,1,110.0,Champions
90405,361,1,110.0,Big Spenders
99412,1193,1,110.0,At Risk (High Value)
56400,417,1,110.0,Big Spenders
99313,773,1,110.0,At Risk (High Value)
74082,1010,1,110.0,Big Spenders
53089,647,1,110.0,Big Spenders
98193,4,1,110.0,Champions
69143,566,1,110.0,Big Spenders
91268,347,1,110.0,Big Spenders
7366,5,1,110.0,Champions
62104,140,1,110.0,Champions
64214,270,1,110.0,Big Spenders
33369,709,1,110.0,Big Spenders
61195,1953,1,110.0,Big Spenders
77134,318,1,110.0,Champions
9859,195,1,110.0,Champions
4778,162,1,110.0,Big Spenders
73456,267,1,110.0,Big Spenders
41231,10,1,110.0,Big Spenders
50558,435,1,110.0,Big Spenders
46965,277,1,110.0,Big Spenders
62012,283,1,110.0,Champions
24397,1549,1,110.0,At Risk (High Value)
91430,949,2,110.0,At Risk (High Value)
6626,80,1,110.0,Big Spenders
95871,691,2,110.0,At Risk (High Value)
76393,104,1,110.0,Champions
70139,54,1,110.0,Big Spenders
82683,1141,1,110.0,Big Spenders
43691,817,1,110.0,Big Spenders
86604,623,1,110.0,Big Spenders
59217,2321,1,110.0,Big Spenders
78894,16,1,110.0,Big Spenders
8890,17,1,110.0,Champions
20982,1579,1,110.0,Big Spenders
45762,186,1,110.0,Champions
30693,413,1,109.99,Big Spenders
23132,1357,1,109.99,Big Spenders
60936,582,1,109.99,Big Spenders
88920,368,1,109.99,Big Spenders
78611,318,2,109.99,Champions
43096,1063,1,109.99,Big Spenders
97891,397,1,109.99,Big Spenders
53109,1729,1,109.99,Big Spenders
76427,574,1,109.99,Big Spenders
27487,111,1,109.99,Champions
98032,392,1,109.99,Big Spenders
13481,305,1,109.99,Big Spenders
93063,428,1,109.99,Big Spenders
27201,581,1,109.99,Average Regulars
11474,1379,1,109.99,Big Spenders
87979,852,1,109.99,Big Spenders
7462,1381,1,109.99,Big Spenders
52743,1531,1,109.99,Big Spenders
16398,1678,1,109.99,At Risk (High Value)
63731,382,1,109.99,Big Spenders
29090,1533,1,109.99,Big Spenders
74499,1830,1,109.99,At Risk (High Value)
85782,663,3,109.99,At Risk (High Value)
63000,59,1,109.99,Big Spenders
88785,41,1,109.99,Big Spenders
77282,5,1,109.99,Big Spenders
21549,747,1,109.99,Big Spenders
5300,545,1,109.99,Big Spenders
6340,305,1,109.99,Big Spenders
13746,19,1,109.99,Champions
1400,1029,1,109.99,Big Spenders
93109,987,2,109.99,At Risk (High Value)
19874,2563,1,109.99,At Risk (High Value)
29658,105,1,109.99,Champions
56164,1325,1,109.99,At Risk (High Value)
612,408,1,109.98,Big Spenders
38506,1796,1,109.98,Big Spenders
7323,255,1,109.98,Big Spenders
21390,1108,2,109.97,At Risk (High Value)
28995,18,1,109.96,Big Spenders
5561,112,1,109.95,Big Spenders
16812,267,1,109.95,Champions
24392,982,1,109.95,Big Spenders
4827,563,1,109.95,Big Spenders
72616,773,1,109.95,Big Spenders
56368,54,1,109.95,Big Spenders
84467,72,1,109.95,Champions
61405,360,2,109.95,Average Regulars
19873,134,1,109.95,Champions
32812,466,1,109.95,Big Spenders
58880,51,1,109.95,Big Spenders
54807,182,1,109.94,Big Spenders
45242,467,1,109.94,Big Spenders
35787,2077,1,109.94,Big Spenders
9338,1520,1,109.94,Big Spenders
71099,1739,1,109.94,Big Spenders
52213,1096,1,109.93,Big Spenders
61464,85,1,109.93,Champions
49806,1354,1,109.9,At Risk (High Value)
22529,282,1,109.9,Champions
68970,1034,1,109.88,At Risk (High Value)
54787,162,1,109.78,Champions
39862,175,1,109.74,Champions
79088,33,2,109.56,Champions
97746,227,1,109.54,Champions
21762,2452,1,109.5,At Risk (High Value)
77316,1288,1,109.5,At Risk (High Value)
25387,1067,1,109.5,Big Spenders
44631,198,1,109.5,Big Spenders
12187,386,1,109.5,Big Spenders
79640,235,1,109.5,Big Spenders
71621,522,1,109.5,Average Regulars
26492,925,1,109.5,Big Spenders
71678,439,1,109.5,Big Spenders
19611,276,1,109.5,Champions
44729,848,1,109.5,Big Spenders
90632,541,2,109.5,Average Regulars
61640,296,1,109.5,Big Spenders
51513,582,2,109.49,Average Regulars
3420,1422,1,109.48,Big Spenders
60672,169,2,109.47,Champions
48235,573,1,109.45,Big Spenders
23876,145,1,109.41,Champions
54815,5,1,109.4,Big Spenders
80348,56,2,109.4,Champions
51054,287,1,109.29,Big Spenders
51006,457,1,109.26,Big Spenders
47729,199,1,109.25,Big Spenders
12732,4,1,109.22,Big Spenders
32721,7,1,109.22,Big Spenders
23375,544,1,109.19,Big Spenders
56161,2148,1,109.09,At Risk (High Value)
42289,505,2,109.09,Average Regulars
8298,761,1,109.0,At Risk (High Value)
61819,161,1,109.0,Champions
71568,494,1,109.0,Big Spenders
65046,779,1,109.0,At Risk (High Value)
55679,746,1,109.0,Big Spenders
16145,1207,1,109.0,Big Spenders
63201,78,1,109.0,Champions
94167,468,1,109.0,Big Spenders
90712,94,1,109.0,Champions
54103,43,1,109.0,Big Spenders
63654,912,1,109.0,Big Spenders
32508,109,1,109.0,Big Spenders
72577,64,1,109.0,Big Spenders
4768,79,1,109.0,Champions
66126,173,1,109.0,Champions
93812,191,1,109.0,Big Spenders
21805,14,2,109.0,Champions
13110,13,1,109.0,Big Spenders
83430,235,1,109.0,Champions
73235,48,1,109.0,Big Spenders
97991,1084,1,109.0,Big Spenders
27101,850,1,109.0,Big Spenders
15101,1062,1,109.0,Big Spenders
69293,233,1,109.0,Big Spenders
75300,299,1,108.99,Champions
84936,549,1,108.99,Big Spenders
22823,1363,1,108.99,Big Spenders
68088,41,2,108.99,Champions
15807,160,1,108.99,Big Spenders
93014,12,2,108.99,Champions
83069,447,1,108.99,Big Spenders
20025,1605,1,108.99,At Risk (High Value)
2515,28,2,108.98,Champions
84191,1542,1,108.98,At Risk (High Value)
47888,531,1,108.98,Big Spenders
34226,500,1,108.97,Average Regulars
82476,267,2,108.95,Champions
95737,834,1,108.95,At Risk (High Value)
55052,237,2,108.95,Champions
1953,625,1,108.95,Big Spenders
10440,135,1,108.94,Champions
13223,1061,1,108.94,Big Spenders
13463,1456,1,108.92,Big Spenders
74909,916,1,108.92,Big Spenders
80942,320,1,108.9,Champions
39221,343,2,108.9,Average Regulars
97144,13,3,108.89,Champions
72601,105,1,108.88,Big Spenders
96856,1779,1,108.82,Big Spenders
57078,856,1,108.81,At Risk (High Value)
83651,152,1,108.78,Champions
71546,1429,1,108.75,Big Spenders
8170,1306,2,108.74,At Risk (High Value)
87613,147,1,108.71,Big Spenders
49483,718,1,108.7,Big Spenders
42640,469,1,108.65,Big Spenders
32465,997,2,108.63,At Risk (High Value)
44839,2053,1,108.62,Big Spenders
45206,904,1,108.62,Big Spenders
18162,117,1,108.59,Champions
62818,2302,1,108.59,At Risk (High Value)
17054,1395,1,108.56,Big Spenders
86546,234,1,108.54,Big Spenders
15608,94,2,108.5,Champions
42805,107,1,108.5,Big Spenders
49055,341,1,108.37,Big Spenders
58032,90,1,108.36,Champions
60476,94,1,108.33,Big Spenders
74892,354,1,108.21,Big Spenders
34938,465,1,108.21,Big Spenders
57805,1067,1,108.21,At Risk (High Value)
12494,182,2,108.18,Champions
27390,714,1,108.14,At Risk (High Value)
60653,804,2,108.08,At Risk (High Value)
36854,2414,1,108.0,Big Spenders
66185,1265,1,108.0,Big Spenders
43910,249,1,108.0,Big Spenders
86864,1096,1,108.0,Big Spenders
33954,1434,1,108.0,Big Spenders
73839,1232,1,108.0,At Risk (High Value)
4895,213,1,108.0,Champions
10272,5,1,108.0,Champions
19988,1035,2,108.0,At Risk (High Value)
21072,192,1,108.0,Big Spenders
36972,44,1,108.0,Big Spenders
58230,1451,1,108.0,Big Spenders
34355,370,1,108.0,Big Spenders
25482,819,1,108.0,Big Spenders
30151,217,1,108.0,Big Spenders
32621,1967,1,108.0,Big Spenders
39831,283,1,108.0,Champions
20153,76,1,108.0,Big Spenders
91155,326,1,108.0,Big Spenders
35186,734,1,108.0,Big Spenders
23884,215,1,108.0,Big Spenders
79772,173,1,108.0,Big Spenders
9233,544,1,108.0,Big Spenders
9458,30,1,108.0,Big Spenders
83500,47,1,108.0,Big Spenders
45007,109,1,108.0,Big Spenders
77248,2102,1,108.0,Big Spenders
98623,177,1,108.0,Champions
65530,790,1,108.0,At Risk (High Value)
8202,536,1,107.99,Big Spenders
4241,17,1,107.99,Big Spenders
47998,1991,1,107.99,At Risk (High Value)
23475,100,1,107.99,Big Spenders
11012,2629,1,107.99,Big Spenders
20443,979,2,107.99,At Risk (High Value)
32493,880,1,107.99,At Risk (High Value)
57656,112,1,107.99,Champions
86083,148,1,107.99,Big Spenders
17393,62,2,107.98,Champions
33882,1030,1,107.98,Big Spenders
5097,816,1,107.98,Big Spenders
38911,89,3,107.98,Champions
16119,2297,1,107.95,Big Spenders
55085,45,1,107.95,Big Spenders
36936,99,1,107.95,Big Spenders
20887,874,1,107.94,At Risk (High Value)
17606,122,2,107.9,Champions
90276,1608,1,107.9,At Risk (High Value)
10918,293,1,107.89,Champions
25557,426,2,107.89,Average Regulars
61010,300,1,107.88,Big Spenders
30661,152,1,107.85,Big Spenders
45947,949,1,107.85,Big Spenders
63964,415,2,107.81,Average Regulars
97312,1935,1,107.78,Big Spenders
66429,2323,1,107.77,At Risk (High Value)
56669,163,1,107.74,Champions
63627,660,1,107.72,Big Spenders
64572,689,1,107.69,Big Spenders
46694,634,1,107.69,Big Spenders
5540,82,1,107.61,Champions
63655,948,1,107.6,Big Spenders
13490,1040,1,107.6,Big Spenders
25919,704,1,107.5,Big Spenders
81504,855,1,107.49,At Risk (High Value)
59419,708,1,107.49,Big Spenders
84167,400,2,107.48,Average Regulars
70216,785,1,107.45,Big Spenders
61283,567,1,107.45,Big Spenders
35086,457,1,107.42,Big Spenders
95827,112,1,107.38,Big Spenders
84524,411,1,107.27,Big Spenders
7700,1075,2,107.24,At Risk (High Value)
42488,20,1,107.1,Big Spenders
25937,60,1,107.09,Champions
1365,1405,2,107.01,At Risk (High Value)
75849,1198,1,107.0,Big Spenders
61639,1549,1,106.99,Big Spenders
12906,5,2,106.99,Champions
32471,832,2,106.99,At Risk (High Value)
20722,1385,2,106.99,At Risk (High Value)
56664,294,2,106.99,Champions
21539,1032,1,106.99,At Risk (High Value)
45313,129,2,106.98,Champions
86237,1947,1,106.98,At Risk (High Value)
5103,1124,1,106.98,Big Spenders
75158,1159,1,106.96,At Risk (High Value)
10079,139,1,106.95,Champions
51581,18,1,106.95,Big Spenders
93891,29,1,106.94,Big Spenders
34421,1203,1,106.93,Big Spenders
6484,493,2,106.9,Average Regulars
90947,78,2,106.84,Champions
83127,109,1,106.74,Big Spenders
72327,1682,1,106.73,Big Spenders
39261,1901,1,106.7,Big Spenders
96776,299,1,106.63,Champions
45131,608,1,106.6,Average Regulars
83076,1427,1,106.55,Big Spenders
9763,185,2,106.55,Champions
32262,1160,1,106.5,Big Spenders
13289,162,2,106.41,Champions
86698,1793,1,106.38,Big Spenders
56126,118,1,106.34,Big Spenders
33711,1071,2,106.32,At Risk (High Value)
14101,320,1,106.22,Champions
94019,1219,2,106.2,At Risk (High Value)
89156,1254,1,106.19,Big Spenders
58307,243,1,106.19,Big Spenders
42383,24,1,106.15,Big Spenders
63535,1168,1,106.14,At Risk (High Value)
23791,16,2,106.13,Champions
66068,683,2,106.13,At Risk (High Value)
29024,1229,1,106.09,At Risk (High Value)
27785,1338,1,106.07,At Risk (High Value)
96785,961,1,106.06,Big Spenders
83844,136,1,106.03,Big Spenders
72365,208,1,106.02,Champions
59303,604,1,106.0,Average Regulars
82819,462,1,106.0,Big Spenders
58790,90,1,106.0,Champions
48621,185,1,106.0,Champions
32214,79,1,106.0,Champions
34822,417,1,106.0,Big Spenders
97338,1060,1,106.0,At Risk (High Value)
21981,549,1,105.99,Big Spenders
79013,18,1,105.99,Big Spenders
49341,12,1,105.99,Champions
46507,116,1,105.99,Big Spenders
84682,289,1,105.99,Champions
63998,130,2,105.99,Champions
76235,187,1,105.99,Big Spenders
27468,901,1,105.99,Big Spenders
79680,116,1,105.98,Big Spenders
324,33,1,105.98,Big Spenders
33118,18,2,105.98,Champions
83529,742,1,105.95,At Risk (High Value)
38957,969,1,105.95,Big Spenders
93112,1920,1,105.95,Big Spenders
77038,1332,2,105.94,At Risk (High Value)
84326,103,1,105.94,Champions
74320,162,1,105.93,Big Spenders
71664,674,2,105.9,At Risk (High Value)
81179,4,1,105.84,Big Spenders
75384,60,1,105.8,Champions
36555,401,1,105.76,Big Spenders
31103,16,1,105.75,Big Spenders
13889,1274,1,105.75,At Risk (High Value)
522,700,1,105.73,At Risk (High Value)
47036,2506,1,105.65,Big Spenders
11765,2467,1,105.64,Big Spenders
98602,129,1,105.64,Big Spenders
57867,878,2,105.62,At Risk (High Value)
91797,884,1,105.6,Big Spenders
62465,237,1,105.56,Big Spenders
33672,4,1,105.56,Big Spenders
53085,1512,1,105.56,Big Spenders
51534,262,1,105.56,Big Spenders
82662,109,1,105.56,Big Spenders
90933,1033,1,105.52,At Risk (High Value)
21125,685,1,105.5,At Risk (High Value)
5290,219,1,105.5,Champions
18895,756,1,105.49,At Risk (High Value)
62804,1864,1,105.49,Big Spenders
10377,252,2,105.49,Champions
42581,205,2,105.47,Champions
55426,79,1,105.41,Big Spenders
31302,183,1,105.39,Champions
57609,1339,1,105.39,At Risk (High Value)
62213,1072,1,105.39,Big Spenders
60291,190,1,105.38,Big Spenders
98169,705,1,105.38,Big Spenders
49675,184,2,105.35,Champions
1132,1152,1,105.33,Big Spenders
862,1010,1,105.31,Big Spenders
35285,240,1,105.26,Big Spenders
52275,528,2,105.22,Average Regulars
27059,514,1,105.2,Average Regulars
97478,61,1,105.2,Champions
84663,872,2,105.19,At Risk (High Value)
26453,158,2,105.17,Champions
22653,94,1,105.08,Champions
56279,169,1,105.05,Big Spenders
94025,168,1,105.02,Big Spenders
78146,125,1,105.0,Champions
20595,494,1,105.0,Big Spenders
47219,1573,1,105.0,Big Spenders
48217,118,1,105.0,Big Spenders
52290,358,1,105.0,Big Spenders
59151,1418,1,105.0,Big Spenders
7196,1143,2,105.0,At Risk (High Value)
48698,341,1,105.0,Big Spenders
63233,270,1,105.0,Champions
88638,1545,1,105.0,Big Spenders
68424,4,1,105.0,Big Spenders
47786,67,1,105.0,Big Spenders
16700,2093,1,105.0,At Risk (High Value)
62223,1898,1,105.0,At Risk (High Value)
53210,439,1,105.0,Big Spenders
63898,43,1,105.0,Big Spenders
75676,541,1,105.0,Big Spenders
58788,831,1,105.0,At Risk (High Value)
27023,601,1,104.99,Average Regulars
16270,153,1,104.99,Champions
84061,637,1,104.99,Big Spenders
13911,197,1,104.99,Champions
65607,291,1,104.99,Champions
51093,1039,1,104.99,At Risk (High Value)
13230,431,1,104.99,Big Spenders
80230,77,1,104.99,Big Spenders
28659,85,2,104.99,Champions
10343,198,1,104.99,Big Spenders
39310,60,1,104.99,Champions
44932,809,2,104.99,At Risk (High Value)
58239,93,1,104.99,Champions
37160,90,2,104.99,Champions
25116,852,1,104.99,At Risk (High Value)
67729,2326,1,104.99,Big Spenders
64641,839,2,104.99,At Risk (High Value)
72506,185,1,104.99,Big Spenders
14759,2374,1,104.99,Big Spenders
42859,942,1,104.98,Big Spenders
89101,119,1,104.98,Champions
40150,553,1,104.98,Big Spenders
78979,222,1,104.98,Big Spenders
49496,349,1,104.98,Big Spenders
10862,1848,2,104.98,At Risk (High Value)
66183,252,2,104.97,Champions
72761,686,2,104.97,At Risk (High Value)
91827,1905,1,104.95,Big Spenders
71007,120,1,104.95,Big Spenders
67816,6,1,104.95,Big Spenders
89518,148,1,104.95,Big Spenders
73013,1898,1,104.95,Big Spenders
3877,9,1,104.95,Big Spenders
50547,492,1,104.95,Big Spenders
78113,371,2,104.95,Average Regulars
6135,6,1,104.95,Champions
37697,1096,1,104.95,Big Spenders
23104,240,1,104.95,Champions
9254,1816,1,104.94,Big Spenders
68127,1568,1,104.94,At Risk (High Value)
26272,249,1,104.94,Big Spenders
82784,424,2,104.93,Average Regulars
53057,1822,1,104.92,At Risk (High Value)
50450,225,2,104.9,Champions
56051,4,1,104.88,Big Spenders
6648,1,1,104.85,Big Spenders
34532,161,2,104.82,Champions
4854,582,1,104.79,Big Spenders
17927,49,1,104.66,Big Spenders
50254,822,2,104.62,At Risk (High Value)
93806,354,1,104.5,Big Spenders
84897,779,1,104.5,Big Spenders
19840,1697,1,104.5,At Risk (High Value)
44410,5,1,104.5,Champions
11089,513,2,104.5,Average Regulars
52805,1600,1,104.5,Big Spenders
961,44,1,104.49,Big Spenders
91007,4,2,104.49,Champions
55608,932,1,104.49,Big Spenders
24441,520,1,104.49,Big Spenders
59864,860,1,104.49,At Risk (High Value)
33220,215,1,104.49,Big Spenders
99731,8,2,104.48,Champions
86621,1304,1,104.48,At Risk (High Value)
24930,707,1,104.46,Big Spenders
3695,853,2,104.45,At Risk (High Value)
11853,22,2,104.45,Champions
21969,994,1,104.45,Big Spenders
46828,1926,1,104.43,Big Spenders
78178,889,1,104.43,Big Spenders
52054,684,1,104.38,At Risk (High Value)
72446,102,2,104.29,Champions
28716,42,3,104.28,Champions
62852,1238,1,104.28,At Risk (High Value)
43747,642,1,104.24,Big Spenders
42377,452,2,104.21,Average Regulars
73970,4,2,104.16,Champions
25538,132,2,104.1,Champions
58270,620,1,104.1,Average Regulars
13216,184,1,104.09,Champions
80203,1217,1,104.05,At Risk (High Value)
71013,138,2,104.04,Champions
82493,304,1,104.01,Big Spenders
76227,700,2,104.01,At Risk (High Value)
80267,725,1,104.01,At Risk (High Value)
82686,1938,1,104.0,At Risk (High Value)
26557,225,1,104.0,Big Spenders
68795,215,1,104.0,Big Spenders
27528,11,2,104.0,Champions
50110,266,1,104.0,Big Spenders
33823,843,1,104.0,At Risk (High Value)
35621,813,1,104.0,At Risk (High Value)
4220,195,1,104.0,Big Spenders
73689,1733,1,104.0,Big Spenders
10239,450,2,104.0,Average Regulars
20119,346,1,104.0,Big Spenders
96794,248,1,104.0,Big Spenders
18429,6,2,104.0,Champions
46961,1571,1,104.0,Big Spenders
44463,10,2,104.0,Champions
77977,315,2,104.0,Champions
70769,6,2,104.0,Champions
68393,341,2,104.0,Average Regulars
73776,851,1,104.0,Big Spenders
68527,1580,1,104.0,Big Spenders
84613,1851,1,104.0,Big Spenders
58924,1549,1,103.99,Big Spenders
15627,432,1,103.99,Big Spenders
73791,360,1,103.99,Big Spenders
61275,1299,1,103.99,Big Spenders
81590,1165,1,103.99,Big Spenders
40565,417,1,103.99,Big Spenders
15188,307,1,103.98,Big Spenders
88165,50,1,103.98,Big Spenders
52845,55,2,103.98,Champions
30158,88,1,103.97,Champions
10811,67,1,103.97,Champions
32810,2799,1,103.95,Big Spenders
55745,891,1,103.95,Big Spenders
53369,1386,1,103.95,Big Spenders
43197,740,1,103.95,At Risk (High Value)
48379,808,1,103.95,Big Spenders
28670,183,1,103.94,Champions
87462,7,1,103.94,Big Spenders
64655,1294,1,103.94,Big Spenders
487,10,2,103.94,Champions
75270,1414,1,103.92,Big Spenders
49525,874,1,103.91,At Risk (High Value)
31435,30,1,103.91,Big Spenders
13925,32,2,103.87,Champions
6267,1111,2,103.84,At Risk (High Value)
53616,2350,1,103.84,Big Spenders
26836,113,3,103.79,Champions
59972,443,1,103.77,Big Spenders
65447,2344,1,103.68,Big Spenders
90960,155,1,103.68,Champions
40424,409,1,103.57,Big Spenders
21974,498,2,103.55,Average Regulars
80948,514,2,103.55,Average Regulars
71553,1087,2,103.51,At Risk (High Value)
14341,12,2,103.51,Champions
19485,1716,1,103.5,Big Spenders
29599,583,1,103.5,Average Regulars
66770,185,1,103.5,Champions
18841,1245,1,103.5,At Risk (High Value)
37195,1,1,103.5,Champions
56953,4,3,103.49,Champions
7943,17,2,103.49,Champions
2624,935,1,103.4,Big Spenders
51894,359,2,103.35,Average Regulars
84994,2148,1,103.35,At Risk (High Value)
78188,209,2,103.3,Champions
4483,1238,1,103.3,At Risk (High Value)
16819,12,2,103.26,Champions
70273,2078,1,103.2,Big Spenders
73390,5,1,103.2,Champions
86723,687,2,103.2,At Risk (High Value)
38996,72,1,103.19,Champions
77491,4,1,103.19,Big Spenders
60285,1125,1,103.13,Big Spenders
8217,126,1,103.13,Big Spenders
77269,70,1,103.13,Champions
12646,170,1,103.13,Champions
82615,7,1,103.13,Champions
38237,1176,1,103.13,At Risk (High Value)
89623,1004,1,103.11,Big Spenders
83578,230,2,103.1,Champions
48051,2614,1,103.08,Big Spenders
90760,1763,1,103.0,Big Spenders
38858,1739,1,103.0,Big Spenders
37104,1839,1,103.0,At Risk (High Value)
85632,414,2,103.0,Average Regulars
71113,111,1,103.0,Big Spenders
38865,2279,1,103.0,Big Spenders
50680,257,1,102.99,Champions
97498,197,2,102.99,Champions
77573,765,2,102.99,At Risk (High Value)
15145,2200,1,102.99,Big Spenders
60187,20,1,102.99,Champions
12788,1730,1,102.98,Big Spenders
27956,603,2,102.98,Average Regulars
30272,1423,1,102.98,Big Spenders
90791,33,1,102.97,Big Spenders
57494,361,1,102.95,Big Spenders
79485,2441,1,102.95,Big Spenders
48033,15,1,102.95,Big Spenders
68910,2528,1,102.95,Big Spenders
25379,1995,1,102.94,At Risk (High Value)
45633,730,1,102.94,Big Spenders
78094,55,1,102.94,Big Spenders
15843,57,1,102.93,Champions
65190,151,1,102.93,Big Spenders
39359,351,1,102.9,Big Spenders
94295,1105,1,102.9,Big Spenders
21202,461,1,102.89,Big Spenders
91110,588,2,102.89,Average Regulars
35036,325,1,102.84,Big Spenders
46799,91,1,102.83,Champions
55087,6,1,102.82,Big Spenders
9799,1664,1,102.8,At Risk (High Value)
60491,101,1,102.8,Big Spenders
49073,1896,1,102.78,At Risk (High Value)
97302,57,1,102.77,Champions
80136,859,1,102.76,At Risk (High Value)
60658,471,2,102.73,Average Regulars
803,2323,1,102.51,At Risk (High Value)
57552,603,2,102.5,Average Regulars
55219,490,1,102.5,Average Regulars
661,400,1,102.5,Big Spenders
89975,441,1,102.49,Big Spenders
56282,4,1,102.45,Big Spenders
56683,1078,1,102.42,Big Spenders
68575,1861,1,102.4,Big Spenders
30916,45,1,102.3,Big Spenders
71775,494,1,102.3,Big Spenders
51884,1298,1,102.26,Big Spenders
82233,650,1,102.25,Average Regulars
95981,1977,1,102.17,Big Spenders
87001,147,1,102.17,Champions
55025,1284,1,102.09,Big Spenders
83967,137,1,102.08,Big Spenders
66401,1011,1,102.05,Big Spenders
77355,572,1,102.0,Big Spenders
91452,96,2,102.0,Champions
210,785,1,102.0,At Risk (High Value)
41433,14,1,102.0,Big Spenders
28654,204,1,102.0,Big Spenders
36612,1768,1,102.0,Big Spenders
73933,43,1,102.0,Big Spenders
6554,18,2,101.99,Champions
39861,688,1,101.99,Big Spenders
48628,144,1,101.99,Champions
38744,1494,1,101.99,At Risk (High Value)
44246,130,2,101.98,Champions
64916,12,1,101.97,Champions
24673,920,1,101.97,Big Spenders
7671,162,2,101.95,Champions
96766,250,1,101.95,Champions
69013,208,2,101.95,Champions
39443,1104,1,101.94,Big Spenders
51102,0,1,101.93,Big Spenders
54282,481,1,101.91,Big Spenders
2245,909,1,101.9,Big Spenders
93084,1791,1,101.9,Big Spenders
11467,46,2,101.89,Champions
9840,135,1,101.88,Champions
32197,757,1,101.8,Big Spenders
76844,9,1,101.77,Big Spenders
51464,1197,1,101.76,Big Spenders
97492,1502,1,101.75,Big Spenders
44903,736,1,101.68,At Risk (High Value)
99983,1023,1,101.64,Big Spenders
46504,808,2,101.56,At Risk (High Value)
34586,1041,1,101.5,Big Spenders
18962,1565,1,101.5,Big Spenders
60808,708,1,101.49,Big Spenders
50596,291,1,101.49,Big Spenders
26927,98,1,101.49,Big Spenders
16378,2138,1,101.48,Big Spenders
94309,429,1,101.47,Big Spenders
51146,525,1,101.47,Big Spenders
35090,2351,1,101.45,Big Spenders
83546,1000,1,101.4,Big Spenders
30464,529,1,101.4,Average Regulars
84158,148,1,101.38,Champions
67113,39,2,101.21,Champions
37420,256,1,101.19,Champions
37422,108,1,101.17,Champions
49736,1114,1,101.1,At Risk (High Value)
95070,386,1,101.09,Big Spenders
25398,91,1,101.02,Big Spenders
5062,704,1,101.0,Big Spenders
77300,322,1,101.0,Big Spenders
96770,725,1,101.0,Big Spenders
51394,5,1,101.0,Big Spenders
16916,434,2,101.0,Average Regulars
50008,2234,1,101.0,At Risk (High Value)
40132,490,1,101.0,Big Spenders
47887,302,2,101.0,Champions
72909,389,1,101.0,Big Spenders
65598,203,1,101.0,Champions
53410,14,1,100.99,Big Spenders
13163,1209,2,100.99,At Risk (High Value)
54067,1055,1,100.99,Big Spenders
95456,364,1,100.99,Big Spenders
8278,1180,2,100.99,At Risk (High Value)
32093,480,1,100.99,Big Spenders
63841,81,1,100.99,Big Spenders
90104,70,1,100.99,Champions
42081,1468,1,100.99,Big Spenders
47721,2448,1,100.99,Big Spenders
68498,1093,1,100.99,Big Spenders
32297,266,1,100.99,Big Spenders
56071,272,2,100.99,Champions
33409,666,1,100.99,At Risk (High Value)
20068,1171,2,100.98,At Risk (High Value)
94126,731,1,100.97,At Risk (High Value)
59249,2241,1,100.97,Big Spenders
46970,223,1,100.97,Champions
34998,104,1,100.95,Big Spenders
10150,144,2,100.95,Champions
81175,901,1,100.94,Big Spenders
23940,683,1,100.87,At Risk (High Value)
52900,304,1,100.82,Big Spenders
86495,29,1,100.8,Big Spenders
75466,453,1,100.78,Big Spenders
66130,594,3,100.75,Average Regulars
27503,291,1,100.68,Big Spenders
59537,1596,1,100.68,Big Spenders
170,1653,1,100.61,Big Spenders
82182,654,1,100.59,Average Regulars
25090,2210,1,100.57,Big Spenders
24101,691,1,100.57,At Risk (High Value)
45938,413,1,100.57,Big Spenders
3244,449,2,100.54,Average Regulars
27067,1188,1,100.53,Big Spenders
3563,2228,1,100.5,At Risk (High Value)
54274,306,1,100.5,Champions
84349,2241,1,100.5,Big Spenders
3988,579,1,100.5,Big Spenders
6019,676,1,100.47,At Risk (High Value)
48908,623,1,100.38,Big Spenders
98470,1997,1,100.38,Big Spenders
93729,465,1,100.34,Big Spenders
99622,294,2,100.32,Champions
77018,95,1,100.26,Big Spenders
6975,475,2,100.23,Average Regulars
78225,1195,1,100.23,Big Spenders
50638,1061,1,100.2,At Risk (High Value)
81035,496,1,100.09,Big Spenders
65408,882,1,100.07,Big Spenders
96443,1146,1,100.01,At Risk (High Value)
3454,351,1,100.0,Big Spenders
73299,942,1,100.0,Big Spenders
74357,763,1,100.0,At Risk (High Value)
98222,1314,1,100.0,At Risk (High Value)
23249,319,1,100.0,Champions
46436,1835,1,100.0,At Risk (High Value)
76207,450,1,100.0,Big Spenders
30398,2328,1,100.0,Big Spenders
42475,5,1,100.0,Big Spenders
79874,820,1,100.0,Big Spenders
3749,1215,1,100.0,At Risk (High Value)
68999,96,1,100.0,Big Spenders
7604,1190,1,100.0,Big Spenders
90338,397,1,100.0,Big Spenders
36916,157,1,100.0,Champions
31806,177,1,100.0,Big Spenders
96455,325,1,100.0,Big Spenders
16379,158,1,100.0,Champions
65156,430,1,100.0,Big Spenders
58114,13,1,100.0,Big Spenders
96202,1103,1,100.0,Big Spenders
792,169,1,100.0,Big Spenders
97575,107,1,100.0,Big Spenders
12835,162,1,100.0,Big Spenders
45921,1168,1,100.0,At Risk (High Value)
50742,855,1,100.0,Big Spenders
58062,914,2,100.0,At Risk (High Value)
27671,195,1,100.0,Big Spenders
38029,571,1,100.0,Big Spenders
63781,1393,1,100.0,Big Spenders
90189,2165,1,100.0,Big Spenders
83063,39,1,100.0,Big Spenders
19947,1251,1,100.0,Big Spenders
93404,72,1,100.0,Big Spenders
25026,50,1,100.0,Big Spenders
46510,460,1,100.0,Big Spenders
39955,236,1,100.0,Big Spenders
54540,1282,1,100.0,Big Spenders
23912,572,1,100.0,Average Regulars
29828,25,1,100.0,Big Spenders
36295,1646,1,100.0,Big Spenders
95951,1915,1,99.99,Big Spenders
4501,940,1,99.99,Big Spenders
39006,2344,1,99.99,At Risk (High Value)
62000,319,1,99.99,Big Spenders
63108,1760,1,99.99,Big Spenders
24376,684,1,99.99,Big Spenders
99932,708,1,99.99,At Risk (High Value)
45809,89,2,99.99,Champions
33047,79,1,99.99,Champions
96392,1357,1,99.99,Big Spenders
45814,130,1,99.99,Champions
21580,2437,1,99.99,Big Spenders
1166,1683,1,99.99,At Risk (High Value)
95441,354,1,99.99,Big Spenders
75007,971,1,99.99,Big Spenders
79981,14,1,99.99,Big Spenders
64968,1123,1,99.99,Big Spenders
93953,32,1,99.99,Big Spenders
49689,305,1,99.99,Champions
55351,213,2,99.99,Champions
22779,684,1,99.99,At Risk (High Value)
63278,1114,1,99.99,Big Spenders
47088,110,1,99.99,Big Spenders
30005,732,1,99.99,At Risk (High Value)
13361,1519,1,99.99,Big Spenders
83925,680,1,99.99,At Risk (High Value)
97320,114,1,99.99,Champions
90559,516,1,99.99,Big Spenders
30790,681,1,99.99,Big Spenders
33591,618,1,99.99,Average Regulars
48523,4,1,99.99,Big Spenders
13588,2526,1,99.99,Big Spenders
89702,304,1,99.99,Big Spenders
49594,91,1,99.99,Big Spenders
44892,230,1,99.99,Champions
35261,2635,1,99.99,At Risk (High Value)
82522,1250,1,99.99,Big Spenders
59945,894,1,99.99,Big Spenders
75144,940,1,99.99,Big Spenders
32975,292,1,99.99,Champions
51037,414,1,99.99,Big Spenders
74526,138,1,99.99,Big Spenders
2455,5,1,99.99,Big Spenders
98043,75,1,99.99,Champions
13782,155,1,99.99,Big Spenders
59158,562,1,99.99,Big Spenders
66598,167,1,99.99,Champions
96324,694,1,99.99,At Risk (High Value)
75587,6,1,99.99,Big Spenders
55630,418,1,99.99,Big Spenders
31989,1827,1,99.99,At Risk (High Value)
79465,2129,1,99.99,Big Spenders
97957,290,1,99.99,Big Spenders
38139,12,1,99.99,Champions
49435,1525,1,99.99,Big Spenders
8273,223,1,99.99,Champions
33323,672,1,99.99,At Risk (High Value)
28752,88,1,99.99,Big Spenders
68514,981,1,99.99,Big Spenders
42424,318,1,99.99,Big Spenders
10960,131,1,99.99,Champions
39994,2519,1,99.99,Big Spenders
10174,12,1,99.99,Champions
93619,624,1,99.99,Average Regulars
35543,10,1,99.99,Champions
53785,1832,1,99.99,At Risk (High Value)
12172,71,1,99.99,Champions
74112,131,1,99.99,Big Spenders
71476,498,1,99.99,Big Spenders
35358,93,1,99.99,Champions
50029,443,1,99.99,Big Spenders
94818,739,2,99.98,At Risk (High Value)
38790,4,1,99.98,Big Spenders
74845,4,2,99.98,Champions
56846,394,1,99.98,Big Spenders
62310,670,1,99.98,Big Spenders
51790,1233,2,99.98,At Risk (High Value)
67016,165,1,99.98,Big Spenders
75072,315,1,99.98,Big Spenders
54484,615,1,99.98,Big Spenders
8721,983,1,99.98,Big Spenders
16541,2003,1,99.98,Big Spenders
87245,109,1,99.97,Big Spenders
87278,62,1,99.97,Big Spenders
11570,27,1,99.97,Big Spenders
95966,702,1,99.96,At Risk (High Value)
46430,2452,1,99.96,At Risk (High Value)
91538,735,2,99.96,At Risk (High Value)
72742,1182,1,99.95,At Risk (High Value)
46514,595,1,99.95,Average Regulars
44411,732,1,99.95,Big Spenders
91003,2557,1,99.95,Big Spenders
71537,59,1,99.95,Champions
16062,395,1,99.95,Big Spenders
55028,960,1,99.95,Big Spenders
34991,32,1,99.95,Big Spenders
16747,281,2,99.95,Champions
54283,2194,1,99.95,Big Spenders
79,34,1,99.95,Big Spenders
98815,680,1,99.95,Big Spenders
93030,918,1,99.95,Big Spenders
12743,669,1,99.95,At Risk (High Value)
93993,801,1,99.95,At Risk (High Value)
95756,535,1,99.94,Big Spenders
38948,668,3,99.94,At Risk (High Value)
73429,1178,1,99.94,Big Spenders
95800,1547,1,99.93,Big Spenders
17085,104,1,99.93,Champions
37587,699,2,99.9,At Risk (High Value)
68449,1125,1,99.9,Big Spenders
2053,27,1,99.89,Big Spenders
31954,618,1,99.89,Average Regulars
65745,565,2,99.89,Average Regulars
30498,99,1,99.88,Big Spenders
9286,216,1,99.88,Big Spenders
8453,182,1,99.83,Champions
57344,148,2,99.76,Champions
96471,1199,2,99.76,At Risk (High Value)
2951,251,1,99.75,Big Spenders
71384,1466,1,99.74,Big Spenders
40357,189,1,99.74,Big Spenders
85309,6,1,99.72,Big Spenders
82190,117,1,99.72,Big Spenders
47517,220,1,99.72,Big Spenders
88882,1283,1,99.72,At Risk (High Value)
35485,52,1,99.72,Big Spenders
75779,1082,1,99.7,Big Spenders
38399,319,1,99.65,Big Spenders
6298,113,1,99.64,Big Spenders
38304,507,1,99.5,Big Spenders
56144,30,2,99.5,Champions
66534,19,1,99.5,Big Spenders
67030,193,1,99.5,Big Spenders
52478,1685,1,99.5,Big Spenders
7345,1875,1,99.5,Big Spenders
21646,610,1,99.5,Average Regulars
88088,245,1,99.5,Big Spenders
91446,1422,1,99.5,Big Spenders
55199,205,1,99.5,Champions
18978,1,2,99.5,Champions
70623,1193,1,99.5,Big Spenders
63928,701,1,99.5,Big Spenders
6488,5,1,99.5,Big Spenders
70065,549,1,99.5,Big Spenders
56531,212,1,99.5,Champions
4739,127,1,99.5,Champions
33490,652,1,99.5,Big Spenders
76565,360,1,99.5,Big Spenders
96183,139,1,99.5,Champions
28518,455,1,99.5,Big Spenders
14656,767,1,99.5,Big Spenders
68441,556,1,99.5,Big Spenders
94242,1211,1,99.49,At Risk (High Value)
94187,18,1,99.49,Champions
79666,160,1,99.49,Big Spenders
64987,531,2,99.49,Average Regulars
92676,1309,2,99.49,At Risk (High Value)
78760,961,1,99.49,Big Spenders
93414,294,2,99.49,Champions
58585,74,1,99.48,Big Spenders
58154,1996,1,99.48,Big Spenders
76236,53,1,99.47,Big Spenders
41853,859,2,99.47,At Risk (High Value)
78021,305,1,99.45,Champions
23540,1694,1,99.45,At Risk (High Value)
28259,478,1,99.45,Average Regulars
50507,159,3,99.45,Champions
17510,0,1,99.44,Big Spenders
20430,915,1,99.39,Big Spenders
8467,7,1,99.38,Big Spenders
66179,173,1,99.38,Champions
71566,125,1,99.37,Big Spenders
32930,2,1,99.3,Big Spenders
77658,28,2,99.25,Champions
57929,663,1,99.24,At Risk (High Value)
76099,647,1,99.23,Average Regulars
50810,238,1,99.13,Big Spenders
70947,577,1,99.13,Big Spenders
90831,1088,1,99.09,Big Spenders
69179,641,2,99.09,Average Regulars
41033,173,1,99.09,Champions
83057,1571,2,99.09,At Risk (High Value)
47799,85,2,99.04,Champions
27204,375,1,99.0,Big Spenders
19045,2287,1,99.0,Big Spenders
98350,94,1,99.0,Big Spenders
44445,72,1,99.0,Champions
29761,222,3,99.0,Champions
31116,353,1,99.0,Big Spenders
12010,196,1,99.0,Big Spenders
64008,222,1,99.0,Big Spenders
86595,1075,1,99.0,At Risk (High Value)
74958,555,1,99.0,Big Spenders
62847,316,1,99.0,Champions
21417,176,1,99.0,Champions
58058,821,1,99.0,Big Spenders
21394,0,1,99.0,Big Spenders
75854,137,1,99.0,Big Spenders
36635,464,1,99.0,Big Spenders
41910,495,1,99.0,Big Spenders
45442,50,1,99.0,Big Spenders
60655,139,1,99.0,Champions
29936,12,1,99.0,Big Spenders
73426,123,1,99.0,Champions
11869,72,1,99.0,Big Spenders
58775,313,1,99.0,Big Spenders
6255,1092,1,99.0,Big Spenders
69808,14,1,99.0,Big Spenders
36597,1641,1,99.0,At Risk (High Value)
34917,522,1,99.0,Average Regulars
58443,268,1,99.0,Big Spenders
18869,1272,1,99.0,At Risk (High Value)
54751,149,1,99.0,Big Spenders
48087,648,1,99.0,Average Regulars
21675,760,1,99.0,Big Spenders
63873,52,1,99.0,Big Spenders
100,529,1,99.0,Average Regulars
81768,377,1,99.0,Big Spenders
1007,1454,1,99.0,Big Spenders
19273,408,1,99.0,Big Spenders
24262,571,1,99.0,Big Spenders
64144,1713,1,99.0,Big Spenders
81086,1764,1,99.0,Big Spenders
28738,1556,1,99.0,Big Spenders
36546,922,1,99.0,Big Spenders
8654,563,1,99.0,Big Spenders
81473,315,1,99.0,Big Spenders
82057,1824,1,99.0,At Risk (High Value)
34716,290,1,99.0,Champions
57739,1485,1,99.0,Big Spenders
45424,1315,1,99.0,At Risk (High Value)
42327,761,1,99.0,At Risk (High Value)
73204,146,1,99.0,Champions
18035,912,1,99.0,Big Spenders
43337,21,1,99.0,Big Spenders
60956,966,1,99.0,Big Spenders
71595,200,1,99.0,Champions
79564,296,1,99.0,Champions
47078,5,1,99.0,Champions
77618,484,1,99.0,Big Spenders
3241,802,1,99.0,At Risk (High Value)
56909,939,1,99.0,Big Spenders
45999,398,1,99.0,Big Spenders
1242,69,1,99.0,Big Spenders
75900,404,1,99.0,Big Spenders
5177,79,1,99.0,Big Spenders
75114,9,1,99.0,Big Spenders
4634,394,2,99.0,Average Regulars
93222,1767,1,99.0,Big Spenders
64632,899,1,99.0,Big Spenders
77692,15,1,98.99,Champions
61471,296,1,98.99,Champions
6395,247,2,98.99,Champions
55734,8,2,98.99,Champions
97129,62,1,98.99,Big Spenders
80278,51,1,98.99,Big Spenders
6102,1392,1,98.98,Big Spenders
89390,304,2,98.98,Champions
18249,45,2,98.98,Champions
21048,1288,2,98.97,At Risk (High Value)
7154,1337,1,98.95,At Risk (High Value)
15765,293,1,98.95,Big Spenders
98216,51,1,98.95,Big Spenders
73400,10,1,98.95,Champions
9337,1125,1,98.95,Big Spenders
34552,1965,1,98.95,Big Spenders
18477,413,2,98.94,Average Regulars
77409,460,1,98.93,Big Spenders
67060,198,2,98.93,Champions
52276,187,2,98.92,Champions
70581,1430,1,98.9,Big Spenders
11971,497,1,98.89,Average Regulars
52200,294,1,98.88,Big Spenders
29722,183,1,98.85,Big Spenders
10907,413,2,98.79,Average Regulars
5565,668,1,98.77,At Risk (High Value)
76757,4,1,98.76,Big Spenders
69068,269,1,98.75,Champions
47886,442,1,98.75,Big Spenders
66774,159,1,98.75,Big Spenders
76194,1841,1,98.74,Big Spenders
10792,279,1,98.7,Big Spenders
94208,51,1,98.67,Big Spenders
88811,1683,1,98.64,At Risk (High Value)
9517,73,2,98.61,Champions
37618,1334,1,98.61,At Risk (High Value)
93018,569,2,98.54,Average Regulars
19571,1922,1,98.51,At Risk (High Value)
51133,1086,1,98.5,Big Spenders
32875,570,1,98.5,Big Spenders
25715,416,1,98.5,Big Spenders
55519,237,1,98.5,Big Spenders
94973,592,1,98.5,Average Regulars
32154,135,1,98.5,Champions
54979,409,2,98.5,Average Regulars
71616,1631,1,98.5,Big Spenders
69903,267,2,98.49,Champions
90736,5,1,98.49,Big Spenders
74919,29,2,98.49,Champions
44978,128,1,98.49,Champions
38228,34,2,98.45,Champions
42789,333,2,98.45,Average Regulars
84503,2336,1,98.44,Big Spenders
55363,573,1,98.43,Average Regulars
22444,1199,1,98.43,Big Spenders
37140,682,1,98.39,At Risk (High Value)
38986,212,1,98.37,Champions
99022,819,1,98.36,At Risk (High Value)
25959,1724,1,98.33,At Risk (High Value)
13600,1309,1,98.33,Big Spenders
37482,1,1,98.3,Big Spenders
92033,66,1,98.29,Champions
72899,1959,1,98.28,Big Spenders
19684,819,2,98.28,At Risk (High Value)
91596,994,1,98.27,Big Spenders
87284,1913,1,98.25,Big Spenders
13520,1646,1,98.25,At Risk (High Value)
6614,836,1,98.25,At Risk (High Value)
21254,651,2,98.22,Average Regulars
32716,366,2,98.21,Average Regulars
88255,1938,2,98.15,At Risk (High Value)
52018,193,2,98.09,Champions
58459,467,1,98.08,Big Spenders
74829,1161,1,98.08,At Risk (High Value)
34776,1028,1,98.08,At Risk (High Value)
43972,267,1,98.08,Big Spenders
59109,2209,1,98.08,Big Spenders
8634,314,1,98.08,Champions
2552,1514,1,98.08,Big Spenders
66665,604,1,98.08,Big Spenders
914,152,1,98.0,Big Spenders
51241,325,1,98.0,Big Spenders
60015,1228,1,98.0,Big Spenders
8980,314,1,98.0,Big Spenders
35581,1262,1,98.0,Big Spenders
5752,102,1,98.0,Big Spenders
77904,984,1,98.0,Big Spenders
5489,314,1,98.0,Champions
12565,166,1,98.0,Big Spenders
34300,104,1,98.0,Champions
33340,946,1,98.0,Big Spenders
59640,1535,1,98.0,Big Spenders
66366,207,1,98.0,Champions
45186,491,1,98.0,Big Spenders
54226,448,1,98.0,Big Spenders
13863,7,1,98.0,Big Spenders
12508,2600,1,98.0,Big Spenders
65017,860,1,98.0,At Risk (High Value)
53294,774,1,98.0,At Risk (High Value)
87333,425,1,98.0,Big Spenders
97087,1595,1,98.0,Big Spenders
75610,1356,1,98.0,At Risk (High Value)
58658,129,1,98.0,Big Spenders
50730,1341,1,98.0,At Risk (High Value)
69672,1917,1,98.0,At Risk (High Value)
36405,1559,1,98.0,Big Spenders
45757,1928,1,98.0,Big Spenders
32316,31,1,98.0,Big Spenders
18928,359,1,98.0,Big Spenders
62540,281,1,98.0,Big Spenders
82589,198,1,98.0,Big Spenders
10299,68,1,98.0,Big Spenders
85173,683,1,98.0,Big Spenders
23854,52,1,98.0,Big Spenders
56366,621,1,98.0,Big Spenders
31422,1232,1,98.0,Big Spenders
46425,541,1,98.0,Big Spenders
82608,321,1,98.0,Big Spenders
23826,212,1,98.0,Champions
38994,736,1,98.0,Big Spenders
46922,1300,1,98.0,At Risk (High Value)
17734,409,1,98.0,Big Spenders
71652,96,1,98.0,Champions
29156,1819,1,98.0,Big Spenders
6652,458,1,98.0,Big Spenders
421,981,1,98.0,Big Spenders
2659,497,1,98.0,Average Regulars
38324,76,1,98.0,Big Spenders
31532,7,1,98.0,Champions
38784,87,1,98.0,Big Spenders
69467,172,1,98.0,Big Spenders
96976,469,1,98.0,Big Spenders
67140,1181,1,98.0,Big Spenders
17407,560,1,98.0,Big Spenders
12737,62,1,98.0,Big Spenders
10317,243,1,98.0,Champions
88490,1108,1,98.0,Big Spenders
44089,600,1,98.0,Average Regulars
32755,1607,1,98.0,Big Spenders
23365,383,1,98.0,Big Spenders
25926,306,1,98.0,Big Spenders
98229,1469,1,98.0,Big Spenders
43686,887,1,98.0,Big Spenders
81002,1621,1,98.0,Big Spenders
32108,836,1,98.0,Big Spenders
69549,369,1,98.0,Big Spenders
64015,1037,1,98.0,Big Spenders
77167,465,1,98.0,Big Spenders
1391,1344,1,98.0,At Risk (High Value)
72996,342,1,98.0,Big Spenders
43172,1391,1,98.0,Big Spenders
28220,1186,1,98.0,Big Spenders
75695,730,1,98.0,At Risk (High Value)
16388,652,1,98.0,Big Spenders
30702,1680,1,98.0,At Risk (High Value)
2090,1336,1,98.0,At Risk (High Value)
36357,162,1,98.0,Big Spenders
6690,29,1,98.0,Big Spenders
65635,1525,1,98.0,Big Spenders
924,350,1,98.0,Big Spenders
75552,260,1,98.0,Big Spenders
17350,1057,1,98.0,At Risk (High Value)
89269,356,1,98.0,Big Spenders
1927,978,1,98.0,Big Spenders
92153,41,1,98.0,Big Spenders
51166,1323,1,98.0,Big Spenders
77012,432,1,98.0,Big Spenders
11047,579,1,98.0,Average Regulars
45264,200,1,98.0,Champions
28039,1003,1,98.0,Big Spenders
50073,65,1,98.0,Champions
13679,686,1,98.0,Big Spenders
3285,224,1,98.0,Big Spenders
3430,564,1,98.0,Big Spenders
36890,18,1,98.0,Big Spenders
73828,449,1,98.0,Big Spenders
26780,846,1,98.0,At Risk (High Value)
21347,1217,1,98.0,Big Spenders
61580,118,1,98.0,Big Spenders
53388,2636,1,98.0,Big Spenders
10496,627,1,98.0,Big Spenders
20717,438,1,98.0,Big Spenders
43529,100,1,98.0,Champions
13477,2119,1,98.0,Big Spenders
53882,1851,1,98.0,Big Spenders
84667,541,1,98.0,Big Spenders
9757,132,1,98.0,Big Spenders
99433,60,1,98.0,Big Spenders
39794,175,1,98.0,Champions
90526,37,1,98.0,Big Spenders
68835,343,1,97.99,Big Spenders
44986,2,1,97.99,Champions
72014,2691,1,97.99,At Risk (High Value)
83387,445,2,97.99,Average Regulars
31345,515,1,97.99,Average Regulars
48061,180,2,97.99,Champions
66375,325,1,97.99,Big Spenders
32483,937,1,97.99,Big Spenders
18313,286,1,97.98,Big Spenders
45797,607,2,97.98,Average Regulars
58643,479,1,97.97,Big Spenders
52399,463,1,97.95,Big Spenders
98499,96,1,97.95,Big Spenders
36362,204,2,97.95,Champions
48990,272,2,97.95,Champions
53372,308,2,97.95,Champions
14979,324,1,97.95,Big Spenders
26842,752,1,97.95,At Risk (High Value)
4928,44,1,97.95,Big Spenders
95574,935,1,97.95,Big Spenders
5304,204,1,97.95,Big Spenders
87312,579,1,97.95,Average Regulars
18067,259,1,97.95,Champions
24917,290,1,97.94,Champions
73596,567,2,97.94,Average Regulars
71853,286,1,97.94,Big Spenders
2563,14,1,97.93,Big Spenders
96465,257,1,97.9,Big Spenders
93355,92,1,97.88,Champions
74027,1200,1,97.88,At Risk (High Value)
68145,1018,1,97.87,Big Spenders
68918,1304,1,97.86,Big Spenders
22691,954,1,97.81,Big Spenders
70488,269,2,97.72,Champions
24133,59,1,97.72,Big Spenders
86428,113,1,97.7,Champions
12124,1310,1,97.67,Big Spenders
41896,2103,1,97.61,At Risk (High Value)
41866,2493,1,97.6,At Risk (High Value)
71576,1256,1,97.58,Big Spenders
61867,499,2,97.57,Average Regulars
20178,246,2,97.57,Champions
6185,71,1,97.52,Big Spenders
26281,515,1,97.52,Big Spenders
67335,185,2,97.5,Champions
98525,300,1,97.5,Champions
13185,1594,1,97.49,Big Spenders
37397,1216,1,97.49,Big Spenders
62096,41,2,97.48,Champions
56587,25,1,97.47,Big Spenders
40206,310,1,97.46,Big Spenders
64830,1023,1,97.34,Big Spenders
96173,1067,1,97.33,Big Spenders
93020,435,1,97.3,Big Spenders
94323,2202,1,97.3,Big Spenders
53848,353,1,97.2,Big Spenders
31886,2511,1,97.2,Big Spenders
62520,128,2,97.19,Champions
18375,550,1,97.17,Big Spenders
51484,1372,1,97.0,Big Spenders
25372,325,2,97.0,Average Regulars
96518,265,2,97.0,Champions
51195,70,2,97.0,Champions
26947,662,2,97.0,At Risk (High Value)
8423,57,1,97.0,Champions
30656,33,2,97.0,Champions
35299,1681,1,97.0,Big Spenders
94586,156,1,97.0,Champions
71976,278,1,97.0,Champions
26583,743,2,97.0,At Risk (High Value)
61443,74,1,96.99,Champions
2041,30,1,96.99,Big Spenders
30205,418,1,96.99,Big Spenders
57226,553,1,96.99,Big Spenders
85500,962,2,96.99,At Risk (High Value)
34185,67,2,96.99,Champions
47080,249,1,96.99,Champions
73941,5,2,96.99,Champions
85406,83,1,96.99,Champions
99152,378,2,96.98,Average Regulars
34565,1172,1,96.98,Big Spenders
95191,376,2,96.97,Average Regulars
64114,69,1,96.97,Big Spenders
27724,177,2,96.96,Champions
41727,902,1,96.96,Big Spenders
56549,193,1,96.94,Champions
74591,1616,1,96.94,Big Spenders
57057,297,1,96.93,Champions
22865,918,1,96.93,Big Spenders
58135,843,1,96.92,At Risk (High Value)
63408,201,1,96.9,Big Spenders
34754,108,1,96.88,Champions
92343,862,1,96.86,Big Spenders
24782,116,1,96.84,Champions
80533,385,1,96.81,Big Spenders
1507,1945,1,96.78,At Risk (High Value)
16940,137,1,96.75,Big Spenders
38168,253,1,96.75,Champions
42153,174,1,96.75,Champions
52827,64,1,96.7,Big Spenders
59358,2557,1,96.56,Big Spenders
6016,80,1,96.55,Big Spenders
51507,679,1,96.5,At Risk (High Value)
67204,261,1,96.5,Champions
6898,4,3,96.49,Champions
18809,34,1,96.49,Big Spenders
20482,852,1,96.45,At Risk (High Value)
52731,618,1,96.44,Average Regulars
66039,177,1,96.44,Big Spenders
70745,556,1,96.43,Big Spenders
63669,543,2,96.42,Average Regulars
10088,814,1,96.38,Big Spenders
82934,1285,1,96.33,Big Spenders
71762,1023,1,96.25,Big Spenders
19661,374,1,96.16,Big Spenders
41665,773,1,96.06,At Risk (High Value)
50956,394,2,96.02,Average Regulars
93726,38,1,96.01,Big Spenders
81892,497,1,96.0,Big Spenders
89299,152,2,96.0,Champions
72857,446,1,96.0,Big Spenders
84671,1043,1,96.0,At Risk (High Value)
8741,73,1,96.0,Big Spenders
41193,1204,1,96.0,Big Spenders
52592,320,1,96.0,Big Spenders
44347,362,1,96.0,Big Spenders
4949,107,1,96.0,Champions
91847,1404,1,96.0,Big Spenders
90420,16,1,96.0,Big Spenders
69889,20,1,96.0,Champions
43949,486,1,96.0,Big Spenders
446,123,1,96.0,Champions
60834,1361,1,96.0,At Risk (High Value)
21929,1685,1,96.0,At Risk (High Value)
29718,52,2,96.0,Champions
57712,1446,1,96.0,Big Spenders
291,80,1,96.0,Champions
29710,341,2,95.99,Average Regulars
381,6,2,95.99,Champions
52034,552,1,95.99,Big Spenders
80635,570,1,95.99,Big Spenders
12361,1361,1,95.99,Big Spenders
54018,121,1,95.99,Big Spenders
41640,192,2,95.99,Champions
27829,77,1,95.99,Champions
56025,976,1,95.99,Big Spenders
85079,40,1,95.99,Big Spenders
53568,190,1,95.99,Big Spenders
85077,1051,1,95.99,At Risk (High Value)
59702,4,1,95.99,Big Spenders
8297,698,1,95.99,At Risk (High Value)
44784,65,1,95.99,Champions
99584,293,1,95.99,Big Spenders
19421,442,1,95.99,Big Spenders
87519,283,2,95.99,Champions
21988,197,2,95.98,Champions
29450,272,1,95.98,Champions
2648,877,2,95.98,At Risk (High Value)
63160,17,2,95.97,Champions
23820,453,1,95.97,Big Spenders
93867,1626,1,95.97,Big Spenders
47093,1516,2,95.95,At Risk (High Value)
47880,887,2,95.95,At Risk (High Value)
43543,851,1,95.95,Big Spenders
14336,129,1,95.94,Champions
61403,240,1,95.9,Big Spenders
80045,696,1,95.9,Big Spenders
87980,89,2,95.89,Champions
80248,298,1,95.89,Champions
14307,207,1,95.88,Champions
91453,569,1,95.85,Big Spenders
32306,559,1,95.82,Big Spenders
2630,1475,1,95.82,At Risk (High Value)
57911,125,1,95.82,Champions
13789,1203,1,95.82,Big Spenders
33682,667,1,95.71,Big Spenders
51092,323,1,95.68,Big Spenders
6177,239,1,95.68,Big Spenders
19944,841,2,95.57,At Risk (High Value)
56677,248,2,95.57,Champions
32088,91,2,95.5,Champions
1578,1302,1,95.5,At Risk (High Value)
29719,343,1,95.49,Big Spenders
88489,556,1,95.49,Big Spenders
93660,1438,2,95.49,At Risk (High Value)
33010,87,1,95.49,Champions
23061,131,1,95.48,Big Spenders
52357,137,2,95.45,Champions
36574,1195,1,95.42,Big Spenders
51125,1578,1,95.29,Big Spenders
45650,33,1,95.28,Big Spenders
54317,65,2,95.26,Champions
71573,7,2,95.24,Champions
2634,427,1,95.22,Big Spenders
4400,5,1,95.21,Big Spenders
15990,32,1,95.18,Big Spenders
23514,1502,2,95.17,At Risk (High Value)
81959,286,1,95.16,Big Spenders
8064,97,2,95.09,Champions
24745,1730,1,95.02,Big Spenders
10238,127,1,95.0,Champions
46684,1063,1,95.0,Big Spenders
75713,995,1,95.0,Big Spenders
89594,754,1,95.0,At Risk (High Value)
12465,1726,1,95.0,At Risk (High Value)
3728,95,1,95.0,Champions
24699,1490,1,95.0,At Risk (High Value)
37437,131,1,95.0,Big Spenders
8065,256,1,95.0,Champions
1396,92,1,95.0,Champions
65026,822,1,95.0,At Risk (High Value)
57840,577,1,95.0,Average Regulars
1083,1197,2,95.0,At Risk (High Value)
46091,145,1,95.0,Big Spenders
66415,701,1,95.0,At Risk (High Value)
68139,1062,1,95.0,At Risk (High Value)
96924,764,1,95.0,At Risk (High Value)
57044,1813,1,95.0,Big Spenders
53366,697,1,95.0,At Risk (High Value)
30933,76,1,95.0,Big Spenders
30959,76,2,95.0,Champions
48681,918,1,95.0,Big Spenders
27379,297,1,95.0,Champions
90916,1158,1,95.0,At Risk (High Value)
51409,345,1,95.0,Big Spenders
35986,1613,1,95.0,Big Spenders
23595,2622,1,95.0,Big Spenders
63379,265,1,95.0,Big Spenders
72992,183,1,95.0,Champions
86020,1962,1,95.0,Big Spenders
24343,168,1,95.0,Champions
99963,1537,1,95.0,At Risk (High Value)
59171,1472,1,95.0,Big Spenders
548,150,1,95.0,Champions
42063,1224,1,95.0,At Risk (High Value)
19460,470,1,94.99,Big Spenders
98554,45,1,94.99,Big Spenders
33742,250,2,94.99,Champions
60146,336,1,94.99,Big Spenders
17093,558,2,94.99,Average Regulars
10488,2234,1,94.99,At Risk (High Value)
20000,42,1,94.99,Big Spenders
41620,1587,1,94.99,Big Spenders
25722,634,1,94.99,Average Regulars
66823,1628,1,94.99,Big Spenders
65855,777,2,94.99,At Risk (High Value)
45497,1841,1,94.99,Big Spenders
98636,131,2,94.99,Champions
83256,1,2,94.99,Champions
42462,219,1,94.99,Champions
95954,596,1,94.99,Big Spenders
23185,692,1,94.99,Big Spenders
38984,1853,1,94.99,Big Spenders
52217,562,1,94.99,Big Spenders
53394,1486,1,94.98,At Risk (High Value)
47224,459,1,94.98,Big Spenders
75500,2397,1,94.98,Big Spenders
47783,347,2,94.98,Average Regulars
61574,56,2,94.98,Champions
1641,429,2,94.97,Average Regulars
43369,2168,1,94.97,Big Spenders
76395,121,1,94.95,Champions
31966,563,2,94.95,Average Regulars
21875,242,1,94.95,Champions
6254,2,1,94.95,Big Spenders
17594,121,1,94.95,Champions
14255,115,2,94.95,Champions
345,5,1,94.95,Champions
86853,603,2,94.95,Average Regulars
12749,1535,1,94.95,Big Spenders
93480,564,1,94.95,Big Spenders
80301,2310,1,94.95,Big Spenders
50993,101,1,94.95,Big Spenders
82759,133,1,94.95,Champions
66802,1028,1,94.95,Big Spenders
66915,887,1,94.95,Big Spenders
36179,172,1,94.95,Big Spenders
16456,956,1,94.95,Big Spenders
54174,349,1,94.95,Big Spenders
97973,403,2,94.94,Average Regulars
18289,346,1,94.94,Big Spenders
74849,2656,1,94.93,Big Spenders
1417,1465,1,94.92,Big Spenders
25882,2084,1,94.9,Big Spenders
5951,36,1,94.89,Big Spenders
12561,301,2,94.85,Champions
84828,2472,1,94.84,At Risk (High Value)
51549,1350,1,94.79,Big Spenders
53257,767,1,94.78,At Risk (High Value)
97110,330,1,94.75,Big Spenders
56209,4,1,94.74,Big Spenders
3018,425,1,94.71,Big Spenders
83817,69,1,94.69,Champions
25069,606,1,94.66,Big Spenders
31546,1267,1,94.56,At Risk (High Value)
98749,138,2,94.55,Champions
21937,87,2,94.53,Champions
83338,1760,1,94.52,Big Spenders
46558,206,1,94.5,Champions
2554,522,1,94.5,Big Spenders
6187,66,1,94.5,Big Spenders
53866,351,1,94.5,Big Spenders
8389,277,1,94.5,Champions
83926,325,1,94.5,Big Spenders
26293,1236,1,94.5,Big Spenders
12146,63,1,94.49,Big Spenders
20169,32,1,94.49,Big Spenders
81285,485,1,94.48,Big Spenders
38845,226,1,94.47,Champions
10274,203,1,94.47,Champions
49264,94,2,94.45,Champions
64646,105,1,94.43,Champions
9142,624,1,94.43,Average Regulars
57777,209,2,94.39,Champions
59011,846,1,94.3,At Risk (High Value)
82385,1019,2,94.3,At Risk (High Value)
23927,88,1,94.3,Champions
95715,520,3,94.28,Average Regulars
12131,886,2,94.2,At Risk (High Value)
74411,59,1,94.02,Champions
54918,140,1,94.0,Big Spenders
63006,767,1,94.0,At Risk (High Value)
46032,1136,1,94.0,At Risk (High Value)
90156,1263,1,94.0,At Risk (High Value)
81435,112,2,94.0,Champions
15892,383,1,94.0,Big Spenders
80008,110,1,94.0,Champions
28559,1040,1,94.0,Big Spenders
38901,539,1,94.0,Big Spenders
18506,566,1,94.0,Big Spenders
83014,5,2,94.0,Champions
95030,277,1,94.0,Champions
16460,1296,1,94.0,At Risk (High Value)
99331,290,1,94.0,Champions
62423,154,1,94.0,Champions
77150,485,1,94.0,Average Regulars
92177,663,1,94.0,Big Spenders
44264,175,1,93.99,Champions
20437,347,2,93.99,Average Regulars
2,1315,1,93.99,Big Spenders
87683,442,2,93.99,Average Regulars
50753,331,1,93.99,Big Spenders
34260,752,1,93.98,At Risk (High Value)
11856,10,2,93.98,Champions
46027,1351,2,93.98,At Risk (High Value)
8293,157,1,93.98,Big Spenders
47112,1156,1,93.98,Big Spenders
83785,389,1,93.97,Big Spenders
17757,1,1,93.97,Big Spenders
41939,853,1,93.95,At Risk (High Value)
99344,1174,1,93.95,At Risk (High Value)
11352,227,1,93.95,Big Spenders
23421,745,1,93.95,At Risk (High Value)
8803,17,2,93.95,Champions
30584,3,1,93.95,Champions
29920,301,1,93.94,Champions
76509,672,1,93.94,Big Spenders
12600,508,2,93.94,Average Regulars
76464,10,1,93.93,Big Spenders
89337,732,1,93.93,Big Spenders
68395,308,1,93.9,Big Spenders
83818,180,1,93.9,Champions
24906,29,1,93.87,Big Spenders
75942,539,3,93.86,Average Regulars
23359,227,1,93.85,Big Spenders
2671,1228,1,93.85,At Risk (High Value)
49362,608,2,93.85,Average Regulars
47723,163,1,93.82,Big Spenders
14120,2257,1,93.82,Big Spenders
90990,134,1,93.8,Champions
1691,24,2,93.79,Champions
13349,53,1,93.7,Big Spenders
26526,766,2,93.51,At Risk (High Value)
53054,633,1,93.5,Big Spenders
39025,259,1,93.5,Big Spenders
16302,1480,1,93.5,Big Spenders
16469,37,2,93.49,Champions
96545,201,2,93.45,Champions
62712,463,2,93.43,Average Regulars
62725,616,2,93.38,Average Regulars
41397,31,1,93.36,Big Spenders
37438,25,1,93.34,Big Spenders
90079,1454,1,93.34,Big Spenders
89926,334,1,93.33,Big Spenders
59326,376,2,93.3,Average Regulars
47550,1369,1,93.29,Big Spenders
47768,535,2,93.29,Average Regulars
43273,263,1,93.27,Champions
87811,374,2,93.25,Average Regulars
13587,1508,1,93.23,Big Spenders
4387,56,1,93.23,Champions
52324,471,1,93.16,Big Spenders
50650,882,1,93.09,Big Spenders
24621,964,2,93.08,At Risk (High Value)
46881,388,1,93.08,Big Spenders
82180,1145,1,93.07,Big Spenders
60042,1629,1,93.04,At Risk (High Value)
74271,358,2,93.0,Average Regulars
39933,1019,2,93.0,At Risk (High Value)
86994,526,1,93.0,Big Spenders
68578,20,2,93.0,Champions
94340,904,1,93.0,Big Spenders
90490,267,1,93.0,Big Spenders
60945,1,1,93.0,Champions
88365,1842,1,93.0,At Risk (High Value)
24224,1750,1,93.0,Big Spenders
88943,443,1,92.99,Big Spenders
31841,1107,1,92.99,Big Spenders
37541,27,1,92.99,Big Spenders
67655,916,1,92.99,Big Spenders
61376,25,3,92.99,Champions
710,374,1,92.99,Big Spenders
81684,687,1,92.99,Big Spenders
35218,777,1,92.99,Big Spenders
46016,208,1,92.99,Big Spenders
78880,5,1,92.99,Big Spenders
23758,29,1,92.98,Big Spenders
66273,240,1,92.98,Big Spenders
75278,93,2,92.98,Champions
90577,1003,1,92.98,Big Spenders
20401,183,1,92.98,Champions
45323,1172,2,92.98,At Risk (High Value)
81329,1224,1,92.98,Big Spenders
54975,525,1,92.96,Average Regulars
23664,431,1,92.95,Big Spenders
27697,1642,1,92.95,At Risk (High Value)
14774,1016,1,92.95,Big Spenders
79810,1338,1,92.95,At Risk (High Value)
10582,1194,2,92.94,At Risk (High Value)
60247,2063,1,92.94,Big Spenders
45697,802,1,92.82,Big Spenders
87147,108,2,92.81,Champions
851,878,1,92.74,At Risk (High Value)
26089,0,1,92.73,Big Spenders
67474,483,1,92.7,Big Spenders
61252,1078,1,92.7,Big Spenders
69570,295,2,92.67,Champions
49605,1451,1,92.65,Big Spenders
62136,952,1,92.58,Big Spenders
14761,1737,1,92.57,Big Spenders
4357,1397,1,92.55,Big Spenders
83571,218,1,92.5,Champions
66525,1894,1,92.5,Big Spenders
80547,161,1,92.49,Champions
53639,281,2,92.49,Champions
41192,1630,1,92.48,At Risk (High Value)
40548,1683,1,92.48,Big Spenders
7598,277,1,92.45,Big Spenders
56827,328,1,92.45,Big Spenders
84840,235,2,92.44,Champions
99742,1962,1,92.43,At Risk (High Value)
16273,155,4,92.42,Champions
26741,65,1,92.4,Big Spenders
76709,259,1,92.4,Big Spenders
65252,394,1,92.36,Big Spenders
90347,318,1,92.36,Champions
96705,52,1,92.36,Big Spenders
12939,1250,1,92.35,At Risk (High Value)
60103,681,1,92.35,Big Spenders
30711,1399,1,92.34,Big Spenders
32861,126,1,92.28,Big Spenders
80987,521,1,92.25,Average Regulars
38136,249,2,92.25,Champions
37973,1293,1,92.24,Big Spenders
25158,338,1,92.07,Big Spenders
85419,1067,1,92.02,Big Spenders
71016,730,1,92.0,At Risk (High Value)
73133,645,1,92.0,Average Regulars
12248,716,1,92.0,Big Spenders
58732,2650,1,92.0,Big Spenders
45551,69,1,92.0,Champions
34886,1494,1,92.0,At Risk (High Value)
87744,6,1,92.0,Big Spenders
81541,289,1,92.0,Big Spenders
68009,136,1,92.0,Champions
64552,292,1,92.0,Big Spenders
62057,5,1,92.0,Big Spenders
68702,5,1,92.0,Champions
39972,39,1,92.0,Big Spenders
20344,1043,1,92.0,Big Spenders
83832,84,1,92.0,Big Spenders
63102,764,1,92.0,Big Spenders
70622,1563,1,92.0,Big Spenders
19952,1671,1,92.0,At Risk (High Value)
10763,1403,1,92.0,Big Spenders
59730,1354,1,92.0,At Risk (High Value)
97435,1420,1,92.0,Big Spenders
31480,243,1,92.0,Champions
54477,744,1,92.0,Big Spenders
80647,514,1,91.99,Big Spenders
28000,44,1,91.99,Big Spenders
4068,876,1,91.99,At Risk (High Value)
85728,1453,1,91.99,Big Spenders
75758,450,1,91.99,Big Spenders
4903,231,1,91.99,Champions
55965,1034,1,91.99,Big Spenders
48836,27,1,91.99,Big Spenders
4207,2406,1,91.99,Big Spenders
55602,1549,1,91.99,Big Spenders
91593,327,2,91.99,Average Regulars
58087,1467,1,91.99,Big Spenders
59491,83,2,91.99,Champions
85409,1268,1,91.98,Big Spenders
29846,90,2,91.98,Champions
80974,1016,1,91.98,Big Spenders
93445,1531,1,91.98,Big Spenders
45591,41,1,91.98,Big Spenders
26370,1438,2,91.98,At Risk (High Value)
91770,1483,2,91.97,At Risk (High Value)
64073,477,2,91.94,Average Regulars
46792,1798,2,91.94,At Risk (High Value)
28698,491,2,91.94,Average Regulars
11408,257,2,91.94,Champions
35279,29,3,91.9,Champions
49911,740,1,91.9,Big Spenders
59559,990,1,91.9,Big Spenders
73829,510,1,91.88,Big Spenders
21316,190,1,91.88,Big Spenders
19939,298,3,91.86,Champions
4683,1952,1,91.85,Big Spenders
13970,458,1,91.83,Big Spenders
51994,474,1,91.83,Big Spenders
76605,602,2,91.83,Average Regulars
55360,2397,1,91.8,At Risk (High Value)
48392,907,1,91.76,Big Spenders
49659,72,1,91.75,Big Spenders
5088,587,1,91.72,Big Spenders
24512,1242,1,91.7,Big Spenders
69963,316,1,91.7,Champions
20721,2213,1,91.65,At Risk (High Value)
69346,348,1,91.5,Big Spenders
75123,625,1,91.5,Average Regulars
2959,307,2,91.5,Champions
26119,201,1,91.5,Big Spenders
23631,567,3,91.48,Average Regulars
12198,1620,1,91.46,At Risk (High Value)
53250,130,2,91.44,Champions
31837,71,2,91.44,Champions
59526,1127,1,91.43,Big Spenders
57247,1563,1,91.35,At Risk (High Value)
71492,551,1,91.26,Big Spenders
39807,486,1,91.26,Average Regulars
88120,91,1,91.25,Champions
88387,140,1,91.24,Champions
95261,143,1,91.22,Champions
31036,220,1,91.15,Big Spenders
1013,61,1,91.13,Champions
306,1556,1,91.13,At Risk (High Value)
87626,700,1,91.11,At Risk (High Value)
53384,925,1,91.09,Big Spenders
98110,273,1,91.09,Champions
28394,2,2,91.09,Champions
15192,283,2,91.06,Champions
93256,673,1,91.0,At Risk (High Value)
72229,314,1,91.0,Big Spenders
31464,963,1,91.0,Big Spenders
39658,746,1,91.0,Big Spenders
73474,721,1,91.0,At Risk (High Value)
62649,30,1,91.0,Big Spenders
52684,257,2,91.0,Champions
624,1276,1,91.0,At Risk (High Value)
26806,354,2,90.99,Average Regulars
68513,197,1,90.99,Champions
57947,2276,1,90.99,Big Spenders
21789,961,1,90.99,Big Spenders
87452,25,1,90.99,Big Spenders
6853,81,1,90.99,Big Spenders
56716,1408,1,90.99,Big Spenders
41903,95,2,90.99,Champions
71527,266,1,90.99,Champions
84383,77,1,90.99,Champions
92298,42,1,90.99,Big Spenders
69096,1955,1,90.99,Big Spenders
11776,657,2,90.99,At Risk (High Value)
30299,211,1,90.98,Champions
78966,458,1,90.98,Big Spenders
23855,398,1,90.98,Big Spenders
22522,386,1,90.97,Big Spenders
83802,169,1,90.97,Big Spenders
56496,150,1,90.97,Big Spenders
12612,171,1,90.95,Champions
11983,54,2,90.95,Champions
8099,354,1,90.94,Big Spenders
65302,645,1,90.94,Average Regulars
66585,64,1,90.84,Champions
23681,284,1,90.84,Champions
32179,626,1,90.84,Average Regulars
37153,14,1,90.77,Big Spenders
18441,142,1,90.71,Big Spenders
19915,1002,1,90.7,Big Spenders
54322,439,2,90.69,Average Regulars
42535,1810,1,90.68,Big Spenders
70482,1475,1,90.68,Big Spenders
79372,485,2,90.66,Average Regulars
22276,216,1,90.57,Big Spenders
83975,704,1,90.55,At Risk (High Value)
76706,1920,1,90.53,Big Spenders
88337,1027,1,90.5,Big Spenders
63662,466,1,90.49,Big Spenders
90176,418,3,90.46,Average Regulars
74236,50,1,90.45,Big Spenders
18801,630,1,90.41,Big Spenders
20596,1863,1,90.4,Big Spenders
61956,105,1,90.39,Champions
52076,117,1,90.38,Big Spenders
61747,804,1,90.38,Big Spenders
95944,340,1,90.35,Big Spenders
42925,819,1,90.3,At Risk (High Value)
56427,1494,1,90.3,Big Spenders
55648,34,1,90.3,Big Spenders
65325,398,1,90.3,Big Spenders
64503,247,1,90.3,Big Spenders
98596,1732,1,90.29,Big Spenders
63971,211,1,90.28,Big Spenders
54180,348,2,90.26,Average Regulars
55477,861,1,90.25,Big Spenders
50559,34,1,90.22,Big Spenders
66464,1160,1,90.22,At Risk (High Value)
86387,1548,1,90.22,Big Spenders
64682,27,1,90.21,Big Spenders
36448,198,1,90.21,Champions
33139,94,1,90.17,Big Spenders
50704,66,1,90.04,Big Spenders
67062,321,1,90.0,Big Spenders
34104,16,1,90.0,Big Spenders
29659,580,1,90.0,Average Regulars
88749,500,1,90.0,Average Regulars
17505,296,1,90.0,Big Spenders
99871,32,1,90.0,Big Spenders
55501,1197,1,90.0,At Risk (High Value)
5319,701,1,90.0,Big Spenders
23416,517,1,90.0,Average Regulars
91700,1345,1,90.0,Big Spenders
89877,2143,1,90.0,Big Spenders
3428,87,1,90.0,Champions
58693,48,1,90.0,Big Spenders
69351,1438,1,90.0,Big Spenders
78163,1352,1,90.0,At Risk (High Value)
60058,464,1,90.0,Big Spenders
77754,1463,1,90.0,Big Spenders
6877,1642,1,90.0,Big Spenders
77828,1369,1,90.0,Big Spenders
11099,51,1,90.0,Big Spenders
10204,225,1,90.0,Champions
37228,1433,1,90.0,Big Spenders
12877,213,2,90.0,Champions
59324,705,1,90.0,At Risk (High Value)
12885,136,2,90.0,Champions
6523,232,1,90.0,Champions
27253,2617,1,90.0,Big Spenders
86829,693,1,90.0,At Risk (High Value)
86555,1540,1,90.0,At Risk (High Value)
32680,683,1,90.0,At Risk (High Value)
27561,731,1,90.0,Big Spenders
58431,343,1,90.0,Big Spenders
24860,2593,1,90.0,Big Spenders
64770,2476,1,90.0,At Risk (High Value)
71385,552,1,89.99,Big Spenders
22409,1139,1,89.99,At Risk (High Value)
42243,1050,1,89.99,Big Spenders
70381,268,1,89.99,Champions
72749,2377,1,89.99,At Risk (High Value)
49805,689,1,89.99,Big Spenders
58479,526,2,89.99,Average Regulars
2893,1070,1,89.99,At Risk (High Value)
82833,379,1,89.99,Big Spenders
22601,832,1,89.99,Big Spenders
15106,409,1,89.99,Big Spenders
79382,42,2,89.99,Champions
55619,314,1,89.99,Big Spenders
26670,231,1,89.99,Champions
5010,470,1,89.99,Big Spenders
3669,37,2,89.99,Champions
51419,134,1,89.99,Big Spenders
20858,701,1,89.99,At Risk (High Value)
71226,1025,1,89.99,Big Spenders
83588,55,1,89.99,Champions
22370,1562,1,89.99,Big Spenders
58300,314,1,89.99,Big Spenders
3488,748,1,89.99,At Risk (High Value)
62681,188,1,89.99,Big Spenders
2260,1383,1,89.99,Big Spenders
4979,880,1,89.99,Big Spenders
11737,214,1,89.99,Champions
17786,505,1,89.99,Average Regulars
59427,1527,1,89.99,Big Spenders
84301,662,1,89.99,At Risk (High Value)
83180,905,1,89.99,Big Spenders
72457,265,1,89.99,Champions
14924,147,1,89.99,Champions
55012,1,2,89.99,Champions
15320,1567,1,89.99,Big Spenders
95406,488,1,89.99,Average Regulars
50155,123,1,89.99,Champions
93317,76,1,89.99,Champions
68071,115,1,89.99,Big Spenders
86339,544,1,89.99,Big Spenders
40585,2087,1,89.99,At Risk (High Value)
37508,544,1,89.99,Big Spenders
86794,368,1,89.99,Big Spenders
60530,389,1,89.99,Big Spenders
38074,95,1,89.99,Big Spenders
91140,140,1,89.99,Big Spenders
44180,1097,1,89.99,Big Spenders
57850,1419,1,89.99,Big Spenders
62782,164,1,89.99,Big Spenders
39774,944,1,89.99,Big Spenders
13963,1024,1,89.99,At Risk (High Value)
74707,865,1,89.99,At Risk (High Value)
90606,1122,1,89.99,At Risk (High Value)
59475,353,1,89.99,Big Spenders
84736,1306,1,89.99,Big Spenders
77394,47,1,89.99,Big Spenders
69325,912,1,89.99,Big Spenders
54307,1125,1,89.99,At Risk (High Value)
66731,587,1,89.99,Average Regulars
35749,223,1,89.99,Big Spenders
39381,24,1,89.99,Champions
29374,20,1,89.99,Big Spenders
95271,607,1,89.98,Average Regulars
91893,496,1,89.98,Big Spenders
20392,392,1,89.98,Big Spenders
6244,32,1,89.98,Big Spenders
8335,801,1,89.98,At Risk (High Value)
33052,656,1,89.98,At Risk (High Value)
92347,40,1,89.98,Big Spenders
90532,469,1,89.98,Big Spenders
89659,1825,1,89.98,Big Spenders
3891,28,2,89.97,Champions
94135,626,1,89.97,Big Spenders
25731,1200,2,89.97,At Risk (High Value)
49949,532,2,89.96,Average Regulars
22446,1035,1,89.96,At Risk (High Value)
24387,856,1,89.95,At Risk (High Value)
25366,1265,1,89.95,Big Spenders
6288,1704,1,89.95,Big Spenders
31840,2302,1,89.95,Big Spenders
26182,884,1,89.95,Big Spenders
38930,428,1,89.95,Big Spenders
37374,242,1,89.95,Big Spenders
60154,477,1,89.95,Big Spenders
82650,494,1,89.95,Big Spenders
85273,325,1,89.95,Big Spenders
11888,381,1,89.95,Big Spenders
37272,1370,1,89.95,Big Spenders
71432,8,1,89.95,Big Spenders
13103,1384,1,89.95,Big Spenders
30599,1540,1,89.95,At Risk (High Value)
99077,1335,1,89.95,Big Spenders
53662,99,1,89.95,Big Spenders
18956,318,1,89.95,Big Spenders
93131,26,1,89.95,Big Spenders
80268,335,1,89.95,Big Spenders
25201,99,1,89.95,Champions
90563,703,1,89.95,Big Spenders
52073,245,1,89.95,Champions
75115,184,1,89.95,Champions
15890,511,1,89.95,Big Spenders
80095,526,1,89.95,Big Spenders
67197,951,1,89.95,Big Spenders
38711,251,1,89.95,Big Spenders
62059,1727,1,89.95,Big Spenders
44705,79,1,89.95,Big Spenders
65055,307,1,89.95,Champions
21594,446,1,89.95,Big Spenders
16603,106,1,89.95,Champions
27789,431,1,89.95,Big Spenders
61999,428,1,89.95,Big Spenders
237,2108,1,89.95,Big Spenders
44221,115,1,89.95,Champions
82657,1257,1,89.95,Big Spenders
36550,143,1,89.95,Big Spenders
30963,707,1,89.95,At Risk (High Value)
78810,390,1,89.95,Big Spenders
27686,1384,1,89.95,Big Spenders
64551,314,1,89.95,Big Spenders
92597,243,1,89.95,Big Spenders
8464,1220,1,89.95,At Risk (High Value)
16016,714,1,89.95,Big Spenders
51741,481,1,89.95,Big Spenders
27559,311,1,89.95,Big Spenders
75487,1109,1,89.95,Big Spenders
14488,1432,1,89.95,Big Spenders
88673,535,1,89.95,Big Spenders
93441,366,1,89.95,Big Spenders
44908,696,1,89.95,Big Spenders
24449,1543,1,89.94,At Risk (High Value)
31815,461,2,89.94,Average Regulars
1403,117,2,89.94,Champions
79579,1,1,89.94,Champions
8563,378,1,89.93,Big Spenders
39288,2048,1,89.93,Big Spenders
74711,747,1,89.92,At Risk (High Value)
1649,583,1,89.9,Big Spenders
86934,834,1,89.9,Big Spenders
99621,158,2,89.89,Champions
19888,448,1,89.81,Big Spenders
86373,387,1,89.78,Big Spenders
56447,5,1,89.78,Big Spenders
94205,728,3,89.78,At Risk (High Value)
58125,422,1,89.67,Big Spenders
70324,2559,1,89.6,At Risk (High Value)
45394,111,2,89.5,Champions
15402,1263,1,89.5,At Risk (High Value)
63764,224,1,89.5,Big Spenders
10213,72,1,89.5,Champions
37240,595,1,89.5,Average Regulars
7936,1914,1,89.5,Big Spenders
53969,293,1,89.5,Champions
17499,340,1,89.5,Big Spenders
19547,668,1,89.5,Big Spenders
96679,782,1,89.5,At Risk (High Value)
64219,2525,1,89.5,Big Spenders
83635,351,1,89.5,Big Spenders
94582,873,1,89.5,At Risk (High Value)
17006,505,1,89.5,Big Spenders
83066,1409,1,89.5,Big Spenders
66939,262,1,89.5,Big Spenders
70520,229,1,89.5,Big Spenders
11665,1568,1,89.5,At Risk (High Value)
92526,50,1,89.5,Big Spenders
67697,739,1,89.5,At Risk (High Value)
48982,785,1,89.5,Big Spenders
52555,268,1,89.5,Big Spenders
20754,223,1,89.5,Champions
2351,103,1,89.5,Big Spenders
9639,1783,2,89.5,At Risk (High Value)
14673,1180,1,89.5,Big Spenders
96278,358,1,89.5,Big Spenders
15265,7,1,89.5,Big Spenders
11769,760,1,89.5,At Risk (High Value)
76691,1814,2,89.5,At Risk (High Value)
55090,1423,1,89.5,Big Spenders
18440,353,1,89.5,Big Spenders
3325,67,1,89.5,Champions
83496,2091,1,89.5,At Risk (High Value)
79468,1171,1,89.5,At Risk (High Value)
94754,692,1,89.5,At Risk (High Value)
86676,309,2,89.5,Champions
91544,229,1,89.5,Big Spenders
7126,118,1,89.5,Big Spenders
39395,563,1,89.5,Big Spenders
85596,8,1,89.5,Big Spenders
46412,20,1,89.49,Big Spenders
93733,2,1,89.49,Big Spenders
55821,184,2,89.49,Champions
43835,104,1,89.49,Champions
57034,432,1,89.49,Big Spenders
60350,427,1,89.49,Big Spenders
63378,2233,1,89.49,At Risk (High Value)
21003,830,1,89.45,At Risk (High Value)
15125,1468,2,89.43,At Risk (High Value)
494,723,1,89.42,At Risk (High Value)
76892,335,2,89.42,Average Regulars
86714,1271,2,89.4,At Risk (High Value)
31850,711,1,89.4,Big Spenders
86309,335,1,89.38,Big Spenders
61583,599,1,89.38,Big Spenders
30280,763,1,89.34,At Risk (High Value)
71309,320,1,89.31,Champions
32140,652,2,89.29,Average Regulars
85707,1799,1,89.24,Big Spenders
55445,27,1,89.23,Big Spenders
68217,448,1,89.17,Big Spenders
93597,420,1,89.16,Big Spenders
10351,702,1,89.09,Big Spenders
44711,211,1,89.0,Champions
9852,1505,1,89.0,At Risk (High Value)
6460,2185,1,89.0,Big Spenders
83183,686,1,89.0,At Risk (High Value)
86323,2615,1,89.0,Big Spenders
65291,517,1,89.0,Big Spenders
27078,36,1,89.0,Big Spenders
60458,2352,1,89.0,At Risk (High Value)
29070,708,1,89.0,At Risk (High Value)
32403,1296,1,89.0,At Risk (High Value)
12825,138,1,89.0,Champions
11636,1324,1,89.0,Big Spenders
75950,832,2,89.0,At Risk (High Value)
28792,578,1,89.0,Average Regulars
24113,177,2,89.0,Champions
40014,1415,1,89.0,Big Spenders
80735,5,1,89.0,Champions
85513,1555,1,89.0,Big Spenders
8092,642,1,89.0,Big Spenders
5377,907,1,89.0,Big Spenders
645,142,1,89.0,Champions
35089,125,1,89.0,Big Spenders
8992,1018,1,89.0,Big Spenders
45144,48,1,89.0,Big Spenders
49583,450,1,89.0,Big Spenders
11139,800,1,89.0,At Risk (High Value)
20336,910,1,89.0,Big Spenders
95630,192,1,89.0,Big Spenders
17127,1202,1,89.0,Big Spenders
67738,1776,1,89.0,Big Spenders
79271,749,1,89.0,At Risk (High Value)
31478,79,1,89.0,Big Spenders
11905,1547,1,89.0,Big Spenders
40834,1939,1,89.0,At Risk (High Value)
2368,692,1,89.0,At Risk (High Value)
7446,751,1,89.0,Big Spenders
18856,149,1,89.0,Big Spenders
85187,516,1,89.0,Average Regulars
87732,169,1,89.0,Champions
41026,61,1,89.0,Big Spenders
6788,77,1,89.0,Big Spenders
93811,37,1,89.0,Big Spenders
11628,450,1,89.0,Big Spenders
97445,329,1,89.0,Big Spenders
6522,1184,1,89.0,At Risk (High Value)
37906,528,1,89.0,Average Regulars
61132,2570,1,89.0,At Risk (High Value)
33945,4,1,89.0,Champions
98368,1546,1,89.0,At Risk (High Value)
9212,858,1,89.0,Big Spenders
25414,349,1,89.0,Big Spenders
69914,613,1,89.0,Big Spenders
19023,847,2,89.0,At Risk (High Value)
15155,823,1,89.0,Big Spenders
48286,529,2,89.0,Average Regulars
67238,1502,1,89.0,At Risk (High Value)
78798,2081,1,89.0,Big Spenders
76582,1268,1,89.0,At Risk (High Value)
29379,2320,1,89.0,Big Spenders
7156,368,1,88.99,Big Spenders
22658,1106,1,88.99,Big Spenders
67706,123,2,88.99,Champions
12856,107,2,88.99,Champions
98212,49,1,88.99,Big Spenders
43722,1315,1,88.99,At Risk (High Value)
49500,1132,2,88.99,At Risk (High Value)
23932,389,1,88.99,Big Spenders
82426,1752,1,88.99,Big Spenders
97722,433,2,88.98,Average Regulars
80374,1726,1,88.98,At Risk (High Value)
49708,2203,1,88.98,Big Spenders
54165,71,2,88.98,Champions
88163,135,2,88.97,Champions
8772,1255,1,88.97,Big Spenders
703,40,2,88.97,Champions
49600,964,1,88.95,Big Spenders
26697,1959,1,88.95,At Risk (High Value)
7650,1346,1,88.95,Big Spenders
79504,326,1,88.95,Big Spenders
91108,279,1,88.95,Big Spenders
35176,59,1,88.95,Champions
533,1156,1,88.95,At Risk (High Value)
93268,110,1,88.94,Big Spenders
73215,543,2,88.94,Average Regulars
12128,1351,1,88.93,Big Spenders
89352,51,2,88.9,Champions
14064,581,2,88.89,Average Regulars
77313,1076,2,88.85,At Risk (High Value)
55272,127,1,88.77,Champions
19070,424,1,88.75,Big Spenders
48071,458,1,88.73,Big Spenders
36957,1834,1,88.72,Big Spenders
1348,681,2,88.69,At Risk (High Value)
94931,257,2,88.66,Champions
63451,1286,1,88.5,At Risk (High Value)
17564,739,2,88.5,At Risk (High Value)
85808,1823,1,88.5,At Risk (High Value)
52570,670,1,88.5,At Risk (High Value)
52948,1050,1,88.5,Big Spenders
20001,634,1,88.49,Average Regulars
78000,2494,1,88.48,Big Spenders
280,235,1,88.45,Champions
43432,1755,1,88.43,Big Spenders
14965,300,1,88.38,Champions
80155,1030,1,88.37,At Risk (High Value)
60946,1592,1,88.36,At Risk (High Value)
38298,46,2,88.34,Champions
9596,91,1,88.34,Champions
96309,765,1,88.3,At Risk (High Value)
84784,356,1,88.27,Big Spenders
6657,245,1,88.27,Champions
69797,171,1,88.24,Champions
32843,958,1,88.24,Big Spenders
20653,958,1,88.21,Big Spenders
30859,308,3,88.19,Champions
2885,1199,1,88.13,At Risk (High Value)
79556,466,1,88.13,Big Spenders
67909,174,1,88.07,Big Spenders
19451,1162,1,88.0,At Risk (High Value)
96020,1219,1,88.0,Big Spenders
42145,338,1,88.0,Big Spenders
71633,5,1,88.0,Big Spenders
4769,752,1,88.0,Big Spenders
54607,634,1,88.0,Big Spenders
24757,355,1,88.0,Big Spenders
75910,797,1,88.0,Big Spenders
77349,1319,1,88.0,Big Spenders
82816,31,1,88.0,Big Spenders
55184,882,1,88.0,Big Spenders
60153,4,1,88.0,Big Spenders
8364,409,1,88.0,Big Spenders
38934,396,1,88.0,Big Spenders
71635,1051,1,88.0,At Risk (High Value)
51851,1161,1,88.0,Big Spenders
41360,940,1,88.0,Big Spenders
18836,40,1,88.0,Big Spenders
7555,714,1,88.0,Big Spenders
51717,583,1,88.0,Average Regulars
64888,940,1,88.0,Big Spenders
15385,17,1,88.0,Big Spenders
86630,1049,1,88.0,At Risk (High Value)
96286,199,2,88.0,Champions
23166,1408,1,88.0,Big Spenders
67574,438,1,88.0,Big Spenders
21294,899,1,88.0,Big Spenders
82763,2035,1,88.0,Big Spenders
98171,244,1,88.0,Big Spenders
6625,2274,1,88.0,Big Spenders
75358,1202,1,88.0,At Risk (High Value)
87098,272,1,88.0,Champions
53133,28,1,88.0,Big Spenders
67090,1603,1,88.0,Big Spenders
45337,891,1,88.0,Big Spenders
83155,22,1,88.0,Champions
61055,227,1,88.0,Champions
91201,1033,1,88.0,Big Spenders
64852,281,1,88.0,Big Spenders
93940,366,1,88.0,Big Spenders
97921,2100,1,88.0,At Risk (High Value)
90459,1299,1,88.0,At Risk (High Value)
24459,47,1,88.0,Big Spenders
35189,881,1,88.0,Big Spenders
19309,1533,1,88.0,Big Spenders
17086,263,1,88.0,Champions
31149,291,1,88.0,Big Spenders
15764,478,1,88.0,Average Regulars
60158,498,1,88.0,Big Spenders
3218,460,1,88.0,Big Spenders
39450,101,1,88.0,Big Spenders
39711,794,1,88.0,Big Spenders
53076,144,1,88.0,Champions
72310,319,1,88.0,Big Spenders
8972,415,1,88.0,Big Spenders
26602,860,1,88.0,At Risk (High Value)
50458,1156,1,88.0,At Risk (High Value)
896,4,1,88.0,Champions
38110,8,1,88.0,Big Spenders
66820,1003,1,88.0,Big Spenders
74346,555,1,88.0,Big Spenders
33878,958,1,88.0,Big Spenders
56135,1681,1,88.0,Big Spenders
1533,813,1,88.0,Big Spenders
53675,427,1,88.0,Big Spenders
24978,642,1,88.0,Big Spenders
65429,2278,1,88.0,Big Spenders
79755,1685,1,88.0,At Risk (High Value)
1063,230,1,88.0,Big Spenders
61936,103,2,88.0,Champions
98517,162,1,88.0,Champions
76004,832,1,88.0,Big Spenders
7125,675,1,88.0,At Risk (High Value)
49773,421,1,88.0,Big Spenders
31651,1231,1,88.0,Big Spenders
37022,450,1,88.0,Big Spenders
21389,167,2,87.99,Champions
4752,4,2,87.99,Champions
34733,1,1,87.99,Big Spenders
52945,137,2,87.99,Champions
63810,31,1,87.99,Big Spenders
77938,4,2,87.99,Champions
27189,1202,2,87.99,At Risk (High Value)
52322,2093,1,87.99,Big Spenders
29416,117,2,87.99,Champions
75494,653,1,87.99,Average Regulars
75965,919,1,87.98,Big Spenders
52858,398,1,87.98,Big Spenders
35863,109,1,87.98,Big Spenders
83310,130,3,87.98,Champions
23749,157,1,87.98,Champions
49999,407,2,87.98,Average Regulars
23578,230,1,87.95,Champions
96085,304,2,87.95,Champions
69289,1383,1,87.95,Big Spenders
9990,231,1,87.95,Champions
65044,236,1,87.95,Big Spenders
49734,20,1,87.95,Big Spenders
72041,75,1,87.95,Champions
14655,961,1,87.95,Big Spenders
92462,1580,1,87.95,Big Spenders
4810,349,1,87.94,Big Spenders
70274,318,1,87.94,Big Spenders
58825,12,1,87.94,Big Spenders
74343,401,1,87.91,Big Spenders
45322,1567,2,87.9,At Risk (High Value)
76191,1850,1,87.89,Big Spenders
63684,2,1,87.89,Big Spenders
22049,865,1,87.89,At Risk (High Value)
18176,457,1,87.89,Big Spenders
79310,185,2,87.89,Champions
63746,1741,1,87.85,Big Spenders
80228,1228,1,87.83,Big Spenders
8938,267,2,87.77,Champions
87089,162,1,87.62,Big Spenders
45360,655,1,87.62,Average Regulars
21584,9,1,87.57,Big Spenders
75103,1580,1,87.52,Big Spenders
62320,1097,1,87.5,Big Spenders
18865,1091,1,87.5,Big Spenders
11833,511,1,87.5,Big Spenders
33339,578,1,87.5,Big Spenders
47701,169,1,87.5,Big Spenders
35450,453,1,87.5,Big Spenders
7187,370,2,87.5,Average Regulars
9447,22,1,87.5,Big Spenders
89909,227,1,87.49,Champions
90310,733,1,87.48,At Risk (High Value)
4107,12,1,87.46,Big Spenders
91825,1555,1,87.45,At Risk (High Value)
33701,40,2,87.44,Champions
72846,1618,1,87.39,Big Spenders
63339,1463,1,87.39,Big Spenders
4526,682,1,87.31,At Risk (High Value)
83324,254,1,87.24,Champions
86066,1367,1,87.18,Big Spenders
75229,8,1,87.1,Champions
40233,468,1,87.1,Big Spenders
13348,678,1,87.07,At Risk (High Value)
84686,16,1,87.01,Champions
64032,223,2,87.0,Champions
5180,8,1,87.0,Big Spenders
89052,1808,1,87.0,Big Spenders
58862,1561,1,87.0,At Risk (High Value)
77196,66,1,87.0,Champions
74183,4,1,87.0,Big Spenders
75905,36,1,87.0,Big Spenders
51850,1219,1,87.0,At Risk (High Value)
35589,1184,1,86.99,Big Spenders
85141,852,1,86.99,At Risk (High Value)
48647,372,2,86.99,Average Regulars
77980,582,1,86.99,Average Regulars
74163,526,3,86.98,Average Regulars
42272,553,2,86.98,Average Regulars
33418,2623,1,86.98,Big Spenders
93501,120,1,86.98,Big Spenders
98986,56,1,86.98,Big Spenders
14252,961,2,86.98,At Risk (High Value)
31640,1394,1,86.98,Big Spenders
97491,709,2,86.97,At Risk (High Value)
3228,110,1,86.95,Champions
36774,1328,1,86.95,Big Spenders
18542,374,1,86.95,Big Spenders
67498,130,1,86.94,Big Spenders
80499,74,1,86.94,Champions
33364,601,1,86.94,Big Spenders
18763,1981,1,86.94,At Risk (High Value)
74059,198,1,86.94,Champions
9441,52,1,86.94,Big Spenders
28076,4,1,86.93,Big Spenders
82909,347,2,86.92,Average Regulars
45836,470,1,86.88,Big Spenders
74757,1602,1,86.8,At Risk (High Value)
11589,34,2,86.77,Champions
55828,1166,1,86.75,At Risk (High Value)
73878,320,1,86.59,Big Spenders
30056,35,2,86.57,Champions
34569,1205,1,86.55,Big Spenders
51502,4,1,86.51,Champions
28959,1293,1,86.5,Big Spenders
73132,423,2,86.5,Average Regulars
44722,30,1,86.5,Big Spenders
48009,27,2,86.5,Champions
40739,1080,1,86.5,Big Spenders
96235,1699,1,86.5,Big Spenders
96462,440,1,86.49,Big Spenders
77902,1271,1,86.49,At Risk (High Value)
81447,320,2,86.49,Champions
35153,499,1,86.45,Big Spenders
1943,1758,1,86.45,Big Spenders
99059,1722,1,86.45,At Risk (High Value)
77442,398,1,86.4,Big Spenders
6934,1339,1,86.39,At Risk (High Value)
80934,1655,1,86.39,At Risk (High Value)
56132,1174,1,86.38,Big Spenders
72032,244,1,86.37,Champions
91101,67,1,86.36,Big Spenders
90000,2409,1,86.31,Big Spenders
12350,1382,1,86.3,Big Spenders
26027,470,1,86.25,Big Spenders
21249,1728,1,86.25,Big Spenders
66923,2540,1,86.11,Big Spenders
26231,212,1,86.0,Champions
23987,506,1,86.0,Big Spenders
31045,427,1,86.0,Big Spenders
43498,370,1,86.0,Big Spenders
65200,94,1,86.0,Big Spenders
89227,296,1,86.0,Champions
47197,283,1,86.0,Champions
25078,1730,1,86.0,Big Spenders
62577,791,2,86.0,At Risk (High Value)
18552,339,1,86.0,Big Spenders
44393,1220,1,86.0,Big Spenders
57212,202,1,86.0,Big Spenders
68632,1158,2,86.0,At Risk (High Value)
23723,135,1,86.0,Big Spenders
39308,230,1,86.0,Champions
99696,119,1,86.0,Big Spenders
79231,729,1,86.0,At Risk (High Value)
63826,337,1,85.99,Big Spenders
39772,73,2,85.99,Champions
72283,70,1,85.99,Champions
9215,295,1,85.99,Big Spenders
37533,75,1,85.99,Champions
28692,340,2,85.99,Average Regulars
2381,1270,1,85.99,Big Spenders
61143,1066,1,85.99,At Risk (High Value)
54010,541,1,85.99,Big Spenders
57067,66,1,85.99,Champions
59777,2430,1,85.98,Big Spenders
6757,406,1,85.97,Big Spenders
43883,295,1,85.97,Big Spenders
3912,62,1,85.97,Champions
96958,531,2,85.96,Average Regulars
87457,2071,1,85.96,Big Spenders
7074,32,1,85.96,Big Spenders
62982,304,1,85.95,Champions
37974,1288,1,85.95,Big Spenders
72325,284,1,85.95,Big Spenders
76953,783,1,85.95,Big Spenders
90473,0,1,85.95,Big Spenders
27048,968,1,85.95,Big Spenders
45666,650,1,85.94,Average Regulars
74733,524,1,85.94,Big Spenders
92247,212,2,85.94,Champions
89883,53,2,85.94,Champions
4869,1358,1,85.9,At Risk (High Value)
87420,356,1,85.9,Big Spenders
93991,1721,1,85.9,Big Spenders
31165,706,1,85.9,At Risk (High Value)
39182,2381,1,85.74,At Risk (High Value)
18146,92,1,85.74,Big Spenders
30924,775,1,85.69,Big Spenders
81885,280,2,85.66,Champions
71213,125,1,85.63,Champions
52170,1128,1,85.61,At Risk (High Value)
68960,1269,1,85.6,At Risk (High Value)
58429,341,1,85.55,Big Spenders
80109,428,1,85.5,Big Spenders
52192,7,1,85.5,Big Spenders
6394,214,1,85.5,Big Spenders
7339,747,1,85.5,At Risk (High Value)
51935,1227,2,85.5,At Risk (High Value)
60861,31,2,85.49,Champions
82220,41,2,85.47,Champions
80434,20,1,85.42,Big Spenders
4714,658,1,85.42,Big Spenders
97631,2660,1,85.42,Big Spenders
59471,558,1,85.42,Big Spenders
72152,257,1,85.34,Big Spenders
82371,1209,1,85.31,Big Spenders
24993,1433,1,85.27,Big Spenders
27835,199,1,85.21,Big Spenders
33723,609,2,85.2,Average Regulars
63275,814,1,85.16,Big Spenders
19202,1748,1,85.12,Big Spenders
88077,495,1,85.11,Big Spenders
41194,431,1,85.1,Big Spenders
27614,566,1,85.1,Big Spenders
93129,299,1,85.1,Big Spenders
39876,2089,1,85.03,Big Spenders
67233,15,1,85.03,Champions
16989,2520,1,85.01,Big Spenders
4249,1130,1,85.0,At Risk (High Value)
11150,984,1,85.0,Big Spenders
99056,1054,2,85.0,At Risk (High Value)
6074,802,1,85.0,At Risk (High Value)
59576,685,1,85.0,Big Spenders
75787,515,2,85.0,Average Regulars
28818,69,1,85.0,Big Spenders
40292,1913,1,85.0,Big Spenders
82168,628,1,85.0,Big Spenders
51062,1578,1,85.0,At Risk (High Value)
1992,920,1,85.0,Big Spenders
62622,144,1,85.0,Big Spenders
34591,1455,2,85.0,At Risk (High Value)
65181,348,1,85.0,Big Spenders
32456,148,1,85.0,Champions
77831,1029,1,85.0,Big Spenders
45001,55,1,85.0,Big Spenders
51059,391,1,85.0,Big Spenders
77913,400,1,85.0,Big Spenders
62965,186,1,85.0,Champions
54420,1700,1,85.0,Big Spenders
16968,1407,1,85.0,Big Spenders
76522,867,1,85.0,Big Spenders
48705,53,1,85.0,Big Spenders
17385,29,1,85.0,Big Spenders
22812,306,1,85.0,Big Spenders
73499,166,1,85.0,Champions
66683,15,1,85.0,Big Spenders
55701,1352,1,85.0,At Risk (High Value)
16565,1010,1,85.0,Big Spenders
87731,1041,1,85.0,Big Spenders
7573,155,1,85.0,Champions
4141,4,1,85.0,Champions
92797,1085,1,85.0,Big Spenders
92066,83,1,85.0,Champions
26038,980,1,85.0,Big Spenders
18260,1483,1,85.0,At Risk (High Value)
71312,1570,1,85.0,At Risk (High Value)
28139,1122,1,85.0,Big Spenders
64751,336,1,85.0,Big Spenders
27079,2405,1,85.0,Big Spenders
96325,1261,1,85.0,Big Spenders
4936,718,1,85.0,Big Spenders
71066,64,1,85.0,Big Spenders
17383,660,1,85.0,At Risk (High Value)
63017,260,1,85.0,Big Spenders
70141,1301,1,85.0,At Risk (High Value)
84139,125,1,85.0,Champions
44911,1015,1,85.0,Big Spenders
77421,556,1,85.0,Big Spenders
14689,2183,1,85.0,Big Spenders
78164,179,1,85.0,Champions
40506,848,1,85.0,At Risk (High Value)
96493,503,1,85.0,Average Regulars
71852,1931,1,85.0,At Risk (High Value)
42767,1671,1,85.0,At Risk (High Value)
40118,618,1,85.0,Big Spenders
44409,797,1,85.0,Big Spenders
19350,1525,2,84.99,At Risk (High Value)
87645,1661,1,84.99,At Risk (High Value)
14048,720,1,84.99,At Risk (High Value)
89977,791,1,84.99,At Risk (High Value)
10725,993,1,84.99,Big Spenders
34887,265,1,84.99,Champions
99730,212,1,84.99,Big Spenders
64737,0,1,84.99,Big Spenders
22515,1398,1,84.99,Big Spenders
34159,143,1,84.99,Big Spenders
22903,1998,1,84.99,Big Spenders
81216,972,1,84.99,Big Spenders
35609,1554,1,84.99,Big Spenders
75578,194,3,84.99,Champions
53251,379,1,84.99,Big Spenders
39369,1336,2,84.99,At Risk (High Value)
27849,1340,2,84.99,At Risk (High Value)
37596,242,1,84.99,Champions
57865,368,1,84.99,Big Spenders
24532,1449,1,84.99,Big Spenders
68475,1681,1,84.99,At Risk (High Value)
9321,719,1,84.98,At Risk (High Value)
60283,1418,1,84.98,Big Spenders
11656,804,2,84.98,At Risk (High Value)
44684,18,1,84.98,Champions
39487,25,1,84.98,Big Spenders
55903,1221,1,84.97,Big Spenders
536,1015,1,84.95,Big Spenders
94884,149,1,84.95,Champions
43878,792,1,84.95,Big Spenders
30047,128,1,84.95,Big Spenders
34736,1856,1,84.95,Big Spenders
61089,4,1,84.95,Champions
17303,948,1,84.95,Big Spenders
94637,1551,1,84.95,At Risk (High Value)
37075,84,1,84.95,Champions
99285,1114,1,84.95,At Risk (High Value)
4313,35,1,84.95,Big Spenders
1841,1013,1,84.95,Big Spenders
5195,198,1,84.95,Champions
10310,291,1,84.95,Champions
18199,256,1,84.95,Big Spenders
31387,447,1,84.95,Big Spenders
62484,406,2,84.94,Average Regulars
69679,550,1,84.94,Big Spenders
73418,9,1,84.93,Big Spenders
43182,203,1,84.9,Champions
76055,195,1,84.9,Champions
72660,1135,1,84.9,At Risk (High Value)
53098,1554,1,84.9,Big Spenders
73980,1115,1,84.77,At Risk (High Value)
9353,981,1,84.75,Big Spenders
72276,376,1,84.74,Big Spenders
80298,74,1,84.74,Big Spenders
45205,22,2,84.72,Champions
94000,277,1,84.69,Champions
51809,105,1,84.65,Big Spenders
21617,712,1,84.63,Big Spenders
73378,135,2,84.58,Champions
84578,26,2,84.56,Champions
59284,756,1,84.55,Big Spenders
74600,152,2,84.53,Champions
90342,51,2,84.5,Champions
87495,116,2,84.5,Champions
67946,978,1,84.5,Big Spenders
12692,515,1,84.5,Big Spenders
75161,1207,1,84.5,At Risk (High Value)
37883,414,1,84.5,Big Spenders
15774,657,1,84.5,Big Spenders
29627,113,1,84.5,Champions
51524,1211,1,84.5,At Risk (High Value)
81526,172,2,84.5,Champions
99491,206,1,84.5,Big Spenders
24038,62,2,84.49,Champions
68581,130,1,84.49,Champions
37031,498,1,84.49,Big Spenders
59581,359,1,84.49,Big Spenders
26243,71,1,84.49,Big Spenders
55154,7,1,84.48,Big Spenders
68178,1585,1,84.46,Big Spenders
66861,902,1,84.46,Big Spenders
12642,363,1,84.46,Big Spenders
71196,991,1,84.45,Big Spenders
99082,449,1,84.45,Big Spenders
91129,120,2,84.44,Champions
70063,741,1,84.39,Big Spenders
53673,2177,1,84.35,At Risk (High Value)
83769,87,1,84.29,Big Spenders
77489,1519,1,84.28,Big Spenders
13097,170,1,84.28,Big Spenders
45515,1033,1,84.26,Big Spenders
3087,893,1,84.26,Big Spenders
1231,425,1,84.26,Big Spenders
28974,898,1,84.26,Big Spenders
83864,378,1,84.21,Big Spenders
23310,606,1,84.21,Big Spenders
28543,1682,1,84.17,At Risk (High Value)
51912,263,1,84.16,Big Spenders
72338,152,1,84.15,Champions
28138,701,2,84.15,At Risk (High Value)
57520,830,1,84.05,Big Spenders
61892,999,1,84.0,Big Spenders
22715,522,1,84.0,Average Regulars
86662,709,1,84.0,At Risk (High Value)
88599,981,1,84.0,Big Spenders
64823,1582,1,84.0,Big Spenders
12092,1075,1,84.0,Big Spenders
66288,286,1,84.0,Champions
28455,92,1,84.0,Big Spenders
20457,768,1,84.0,Big Spenders
51103,1008,1,84.0,Big Spenders
86174,925,1,84.0,Big Spenders
61261,1608,1,84.0,Big Spenders
38329,734,1,84.0,Big Spenders
85593,59,1,84.0,Big Spenders
70604,1353,1,84.0,Big Spenders
25327,1101,1,84.0,Big Spenders
74103,448,2,84.0,Average Regulars
60844,691,1,84.0,At Risk (High Value)
51263,268,1,84.0,Champions
65015,723,1,84.0,Big Spenders
99317,450,1,84.0,Big Spenders
94443,407,1,84.0,Big Spenders
13626,1404,1,84.0,Big Spenders
11004,2056,1,84.0,Big Spenders
5457,368,1,84.0,Big Spenders
45111,143,1,84.0,Big Spenders
81746,426,3,84.0,Average Regulars
64501,566,1,84.0,Big Spenders
96809,780,2,84.0,At Risk (High Value)
42924,175,1,84.0,Champions
6824,144,1,84.0,Big Spenders
94124,1153,1,84.0,At Risk (High Value)
19609,252,1,84.0,Champions
4218,797,1,84.0,At Risk (High Value)
16517,626,1,84.0,Big Spenders
24153,672,1,84.0,Big Spenders
21056,1245,1,84.0,Big Spenders
49454,491,1,84.0,Big Spenders
93044,337,1,83.99,Big Spenders
46706,801,2,83.99,At Risk (High Value)
20012,442,1,83.99,Big Spenders
57778,285,1,83.99,Big Spenders
62060,427,1,83.99,Big Spenders
39398,102,1,83.99,Champions
23948,63,1,83.99,Big Spenders
61278,991,1,83.99,Big Spenders
37464,1958,1,83.98,Big Spenders
57187,2214,1,83.98,At Risk (High Value)
68792,1056,1,83.98,Big Spenders
64153,175,1,83.97,Big Spenders
96842,530,1,83.97,Big Spenders
68353,1351,1,83.96,Big Spenders
97238,1670,1,83.96,Big Spenders
39870,1717,1,83.95,At Risk (High Value)
68865,360,1,83.95,Big Spenders
88824,1172,1,83.95,At Risk (High Value)
21149,1874,1,83.95,Big Spenders
49310,1056,1,83.94,Big Spenders
10287,654,1,83.94,Big Spenders
197,106,1,83.94,Champions
97225,56,1,83.94,Big Spenders
57866,808,1,83.93,At Risk (High Value)
83868,876,1,83.93,At Risk (High Value)
80472,653,1,83.92,Average Regulars
45552,165,1,83.92,Big Spenders
97066,72,1,83.91,Champions
52908,579,1,83.9,Big Spenders
93466,134,1,83.87,Big Spenders
42872,110,1,83.82,Big Spenders
3510,464,1,83.82,Big Spenders
38608,7,2,83.81,Champions
74144,1347,1,83.79,At Risk (High Value)
79335,482,1,83.76,Big Spenders
77553,1105,1,83.76,Big Spenders
49991,509,1,83.76,Big Spenders
15055,182,1,83.74,Big Spenders
59236,1120,2,83.73,At Risk (High Value)
8448,151,1,83.66,Champions
32091,797,1,83.65,Big Spenders
60478,1676,1,83.64,Big Spenders
81820,342,1,83.59,Big Spenders
79937,1297,1,83.5,At Risk (High Value)
2646,360,1,83.5,Big Spenders
89911,381,1,83.5,Big Spenders
72923,584,2,83.5,Average Regulars
53137,284,1,83.49,Big Spenders
25049,119,1,83.42,Champions
23926,1221,1,83.41,Big Spenders
10695,105,1,83.41,Champions
74142,930,3,83.4,At Risk (High Value)
49117,1490,1,83.39,Big Spenders
3901,228,1,83.36,Champions
97126,105,1,83.36,Big Spenders
60314,45,1,83.36,Big Spenders
10451,1492,1,83.35,Big Spenders
29317,603,1,83.31,Average Regulars
51503,402,1,83.31,Big Spenders
9014,1248,1,83.3,At Risk (High Value)
84846,238,2,83.3,Champions
66006,530,1,83.3,Big Spenders
41537,445,1,83.3,Big Spenders
5515,552,2,83.29,Average Regulars
62330,967,2,83.28,At Risk (High Value)
37300,340,1,83.25,Big Spenders
363,250,1,83.18,Champions
47017,1539,1,83.18,At Risk (High Value)
58215,646,1,83.17,Big Spenders
74659,1514,1,83.11,Big Spenders
7238,546,1,83.11,Big Spenders
30884,353,1,83.1,Big Spenders
60909,0,1,83.0,Champions
75641,74,1,83.0,Champions
63018,603,1,83.0,Big Spenders
58958,1741,1,83.0,Big Spenders
70522,268,1,83.0,Champions
71253,305,1,83.0,Big Spenders
19975,534,1,83.0,Big Spenders
54077,175,1,83.0,Champions
8310,22,2,83.0,Champions
56163,125,1,83.0,Big Spenders
75111,553,1,83.0,Big Spenders
72411,256,1,83.0,Big Spenders
17683,297,1,83.0,Big Spenders
43684,1901,1,82.99,At Risk (High Value)
18056,550,1,82.99,Big Spenders
46473,1611,1,82.99,Big Spenders
92653,123,2,82.99,Champions
17599,1567,1,82.99,At Risk (High Value)
19753,722,1,82.99,At Risk (High Value)
54667,2257,1,82.99,Big Spenders
78264,161,2,82.98,Champions
49319,703,1,82.97,Big Spenders
31635,686,1,82.97,At Risk (High Value)
7693,30,1,82.95,Big Spenders
87550,98,1,82.95,Big Spenders
52006,5,2,82.95,Champions
93046,1098,1,82.95,Big Spenders
74121,533,1,82.95,Big Spenders
70573,306,1,82.95,Big Spenders
3782,1589,1,82.95,Big Spenders
50473,56,3,82.95,Champions
87620,2101,1,82.95,Big Spenders
56810,1292,1,82.94,At Risk (High Value)
73974,1060,1,82.94,At Risk (High Value)
20928,333,2,82.94,Average Regulars
10048,1017,1,82.93,Big Spenders
22837,855,1,82.92,Big Spenders
83714,1831,1,82.9,At Risk (High Value)
78998,1382,1,82.83,Big Spenders
12536,724,1,82.81,Big Spenders
65131,2307,1,82.8,At Risk (High Value)
58321,1835,1,82.78,Big Spenders
1299,403,1,82.76,Big Spenders
44603,105,1,82.75,Big Spenders
71877,1207,1,82.72,At Risk (High Value)
21554,4,2,82.6,Champions
60445,439,1,82.6,Big Spenders
5137,249,1,82.6,Big Spenders
92041,339,3,82.55,Average Regulars
37289,148,1,82.53,Big Spenders
64269,1275,1,82.5,At Risk (High Value)
94145,1840,1,82.5,At Risk (High Value)
60604,183,1,82.5,Big Spenders
13682,1666,1,82.49,Big Spenders
40591,677,1,82.49,At Risk (High Value)
50812,16,1,82.49,Big Spenders
91240,524,1,82.46,Big Spenders
89456,1620,1,82.46,At Risk (High Value)
54185,441,1,82.45,Big Spenders
56902,1876,1,82.44,Big Spenders
84610,210,2,82.38,Champions
85623,136,1,82.36,Big Spenders
56386,945,2,82.35,At Risk (High Value)
3323,29,2,82.31,Champions
33710,13,1,82.31,Champions
5509,80,1,82.31,Champions
58826,753,1,82.26,Big Spenders
50883,649,1,82.26,Big Spenders
82682,1151,1,82.2,At Risk (High Value)
30144,899,1,82.18,Big Spenders
998,265,2,82.15,Champions
77365,703,1,82.11,At Risk (High Value)
67690,21,1,82.09,Big Spenders
60231,163,1,82.09,Champions
74003,490,1,82.07,Big Spenders
91078,16,1,82.05,Big Spenders
68749,19,2,82.03,Champions
52975,566,1,82.02,Big Spenders
47336,1195,1,82.0,Big Spenders
93448,88,1,82.0,Champions
50557,531,2,82.0,Average Regulars
31139,1296,1,82.0,At Risk (High Value)
39354,665,1,82.0,At Risk (High Value)
59552,442,2,82.0,Average Regulars
11885,283,1,82.0,Big Spenders
43511,248,1,82.0,Champions
72030,152,1,82.0,Big Spenders
74831,633,1,82.0,Big Spenders
62871,286,1,82.0,Champions
21959,1978,1,82.0,Big Spenders
11015,1713,1,82.0,Big Spenders
95260,1804,1,82.0,Big Spenders
34420,2231,1,82.0,Big Spenders
78825,1943,1,82.0,At Risk (High Value)
24096,682,1,82.0,Big Spenders
54132,806,1,82.0,At Risk (High Value)
32610,782,1,82.0,Big Spenders
44833,52,1,82.0,Big Spenders
26391,994,1,82.0,Big Spenders
2743,275,1,82.0,Big Spenders
29581,177,1,82.0,Big Spenders
5178,68,2,81.99,Champions
1972,54,1,81.99,Big Spenders
10456,809,1,81.99,Big Spenders
58226,136,1,81.99,Champions
57538,1152,1,81.99,Big Spenders
37553,99,1,81.99,Champions
90046,5,2,81.99,Champions
37099,99,1,81.99,Big Spenders
24017,121,2,81.99,Champions
71207,416,1,81.99,Big Spenders
75585,716,1,81.99,Big Spenders
16177,2,1,81.99,Big Spenders
95976,453,1,81.99,Big Spenders
30598,146,1,81.99,Champions
13514,790,2,81.99,At Risk (High Value)
45222,1734,1,81.99,Big Spenders
23535,299,1,81.98,Champions
57195,22,1,81.98,Big Spenders
25631,114,1,81.98,Champions
31628,272,1,81.98,Champions
39620,460,1,81.96,Big Spenders
60426,216,1,81.96,Big Spenders
59711,23,1,81.96,Big Spenders
69158,63,1,81.96,Champions
6345,1843,1,81.95,At Risk (High Value)
983,933,1,81.95,Big Spenders
1806,1775,1,81.95,Big Spenders
85381,128,1,81.95,Average Regulars
44843,30,1,81.95,New Customers
45440,927,1,81.94,Lost
77366,6,2,81.94,Average Regulars
1351,1128,1,81.94,Average Regulars
36260,33,1,81.94,Average Regulars
3167,436,1,81.93,Average Regulars
90320,874,2,81.93,At Risk (High Value)
24129,524,1,81.9,Average Regulars
31574,4,1,81.9,Average Regulars
29195,696,1,81.9,Lost
65285,1290,1,81.9,At Risk (High Value)
31123,778,1,81.9,Lost
46315,0,1,81.9,Average Regulars
63927,1686,1,81.89,At Risk (High Value)
14061,502,1,81.88,Average Regulars
77335,1247,2,81.88,At Risk (High Value)
84110,53,2,81.87,Average Regulars
85489,432,1,81.85,Average Regulars
91525,174,2,81.84,Average Regulars
3017,440,2,81.82,Average Regulars
63317,50,2,81.79,Average Regulars
30622,690,2,81.69,At Risk (High Value)
13592,254,1,81.66,Average Regulars
78254,172,1,81.63,New Customers
44381,4,1,81.59,Average Regulars
80921,201,1,81.59,New Customers
93442,429,1,81.59,Average Regulars
32804,309,2,81.58,Average Regulars
36831,88,3,81.54,Average Regulars
53679,517,1,81.53,Average Regulars
38700,206,1,81.52,New Customers
36619,1275,1,81.5,Lost
35962,852,1,81.47,Lost
8140,1323,2,81.46,At Risk (High Value)
68666,1146,1,81.45,At Risk (High Value)
53105,435,1,81.44,Average Regulars
64489,20,2,81.43,Average Regulars
8315,142,1,81.41,Average Regulars
8657,83,1,81.4,Average Regulars
74554,31,2,81.38,Average Regulars
19758,840,1,81.34,At Risk (High Value)
74009,706,1,81.27,At Risk (High Value)
35914,19,1,81.27,New Customers
37548,239,1,81.27,Average Regulars
52906,98,1,81.27,Average Regulars
38607,1006,1,81.27,Lost
34895,374,1,81.27,Average Regulars
95452,202,1,81.27,New Customers
98878,6,1,81.27,New Customers
64535,23,1,81.27,Average Regulars
41233,487,1,81.27,Average Regulars
47245,522,1,81.23,Average Regulars
68168,886,1,81.23,Lost
67855,8,2,81.19,Average Regulars
35392,1154,1,81.07,Lost
10941,5,1,81.07,Average Regulars
56116,89,1,81.07,New Customers
92623,549,1,81.0,Average Regulars
18611,83,1,81.0,Average Regulars
81701,74,1,81.0,Average Regulars
15393,5,2,81.0,Average Regulars
79765,331,1,81.0,Average Regulars
21698,1918,1,81.0,Lost
1456,2448,1,81.0,Lost
74930,405,1,81.0,Average Regulars
16487,677,1,81.0,At Risk (High Value)
87604,59,1,81.0,New Customers
26315,963,1,80.99,Average Regulars
31283,83,1,80.99,Average Regulars
35886,517,2,80.99,Average Regulars
19011,98,2,80.99,Average Regulars
36311,172,1,80.99,Average Regulars
46630,140,2,80.99,Average Regulars
29613,797,1,80.99,At Risk (High Value)
52000,1610,1,80.99,Lost
8096,915,1,80.99,Lost
34085,1141,1,80.99,At Risk (High Value)
25162,809,2,80.99,At Risk (High Value)
47559,562,1,80.98,Average Regulars
88874,572,1,80.98,Average Regulars
37860,154,2,80.98,Average Regulars
94194,197,1,80.97,Average Regulars
26371,165,1,80.97,Average Regulars
55986,1396,3,80.96,At Risk (High Value)
36171,432,1,80.96,Average Regulars
50488,1612,1,80.95,At Risk (High Value)
50259,301,1,80.95,New Customers
41000,1357,1,80.95,Lost
97427,195,1,80.95,Average Regulars
49979,1828,1,80.95,At Risk (High Value)
62705,283,2,80.95,Average Regulars
90939,865,1,80.94,Lost
46144,168,1,80.94,Average Regulars
38429,162,1,80.94,Average Regulars
45631,460,1,80.9,Average Regulars
64529,992,1,80.9,Lost
34147,502,2,80.8,Average Regulars
9297,44,1,80.71,Average Regulars
15954,454,2,80.7,Average Regulars
43152,925,1,80.65,Lost
3041,449,1,80.65,Average Regulars
20623,4,1,80.64,New Customers
42725,870,1,80.64,Lost
44875,836,1,80.6,Lost
58070,131,2,80.59,Average Regulars
78049,153,2,80.59,Average Regulars
4468,2743,1,80.57,Lost
73139,337,2,80.57,Average Regulars
50963,1724,1,80.52,At Risk (High Value)
23963,119,1,80.5,Average Regulars
96659,24,1,80.5,Average Regulars
76858,1927,1,80.5,At Risk (High Value)
73703,141,1,80.49,New Customers
23523,1766,1,80.49,Average Regulars
85786,386,2,80.48,Average Regulars
71674,141,1,80.47,Average Regulars
38196,55,1,80.43,Average Regulars
59848,1793,1,80.42,Lost
90522,733,2,80.4,At Risk (High Value)
87711,19,1,80.36,Average Regulars
26331,1400,1,80.26,Lost
49679,566,1,80.26,Average Regulars
74158,1602,1,80.24,Lost
83012,1516,2,80.23,At Risk (High Value)
83460,731,3,80.17,At Risk (High Value)
67004,147,1,80.0,Average Regulars
76787,532,1,80.0,Average Regulars
92540,1302,1,80.0,At Risk (High Value)
26156,182,1,80.0,Average Regulars
34928,722,1,80.0,Lost
62953,106,1,80.0,Average Regulars
6999,107,1,80.0,Average Regulars
20046,214,1,80.0,New Customers
74925,89,1,80.0,Average Regulars
52874,2,1,80.0,New Customers
63619,1514,1,80.0,Lost
14591,2461,1,80.0,At Risk (High Value)
66804,62,1,80.0,Average Regulars
41367,1571,1,80.0,Lost
79230,309,1,80.0,Average Regulars
30830,86,1,80.0,Average Regulars
27113,261,1,80.0,New Customers
95611,118,1,80.0,Average Regulars
1332,378,1,80.0,Average Regulars
94228,248,1,80.0,Average Regulars
57633,1387,1,80.0,Average Regulars
35604,185,1,80.0,Average Regulars
16814,1539,1,80.0,Lost
32204,144,1,80.0,New Customers
51995,585,1,80.0,Average Regulars
82730,225,1,80.0,Average Regulars
91229,838,2,80.0,At Risk (High Value)
9453,141,1,80.0,New Customers
3611,20,1,80.0,New Customers
78776,1424,1,80.0,Lost
3293,1297,1,80.0,At Risk (High Value)
93118,412,1,80.0,Average Regulars
21338,701,1,80.0,At Risk (High Value)
98577,229,1,80.0,New Customers
13275,241,1,80.0,Average Regulars
15349,294,1,80.0,Average Regulars
96406,81,1,80.0,Average Regulars
36474,614,1,80.0,Average Regulars
42735,657,1,79.99,At Risk (High Value)
76481,316,1,79.99,Average Regulars
39820,1163,1,79.99,Lost
28514,87,1,79.99,Average Regulars
84884,1211,1,79.99,Lost
28374,140,1,79.99,New Customers
75043,270,1,79.99,Average Regulars
85025,559,1,79.99,Average Regulars
47583,95,1,79.99,Average Regulars
6317,448,1,79.99,Average Regulars
48963,844,1,79.99,Lost
3786,657,1,79.99,Lost
24425,2047,1,79.99,Average Regulars
12553,1728,1,79.99,Lost
72138,499,1,79.99,Average Regulars
59979,1117,1,79.99,At Risk (High Value)
1859,32,1,79.99,New Customers
51131,168,1,79.99,New Customers
33407,1025,1,79.99,Average Regulars
1277,1447,1,79.99,Average Regulars
89742,465,1,79.99,Average Regulars
49975,622,1,79.99,Average Regulars
63979,636,1,79.99,Average Regulars
26890,1109,1,79.99,Average Regulars
15208,183,1,79.99,Average Regulars
62734,2111,1,79.99,At Risk (High Value)
80743,505,1,79.99,Average Regulars
95036,64,1,79.99,New Customers
82446,280,1,79.99,New Customers
68873,702,1,79.99,At Risk (High Value)
27302,1418,1,79.99,Average Regulars
48090,1325,1,79.99,At Risk (High Value)
16417,1485,1,79.99,At Risk (High Value)
21666,144,1,79.99,New Customers
36668,2638,1,79.99,Average Regulars
48699,100,1,79.99,Average Regulars
80141,372,1,79.99,Average Regulars
8313,88,1,79.99,New Customers
91585,2414,1,79.99,Average Regulars
46675,460,1,79.99,Average Regulars
61575,1057,1,79.99,At Risk (High Value)
95399,304,1,79.99,New Customers
8469,1404,1,79.99,Lost
29074,887,1,79.99,Average Regulars
70683,23,1,79.99,New Customers
6901,6,1,79.99,New Customers
82727,1229,1,79.99,At Risk (High Value)
16789,1365,1,79.99,Lost
15759,257,1,79.99,Average Regulars
27157,2259,1,79.99,Average Regulars
53747,1182,1,79.99,Lost
43212,924,1,79.99,Average Regulars
92331,402,1,79.99,Average Regulars
43509,373,1,79.99,Average Regulars
10450,517,1,79.99,Average Regulars
69574,375,1,79.99,Average Regulars
60774,1055,1,79.99,Lost
72752,53,1,79.99,New Customers
98063,302,1,79.99,New Customers
90192,787,2,79.99,At Risk (High Value)
53500,528,1,79.99,Average Regulars
44696,753,1,79.99,Lost
58583,113,1,79.99,Average Regulars
24089,745,1,79.99,Lost
97857,1099,1,79.99,Lost
21933,1718,1,79.99,Lost
20337,1772,1,79.99,Average Regulars
57055,230,1,79.99,Average Regulars
30870,2133,1,79.99,Lost
42855,262,1,79.99,Average Regulars
9521,237,1,79.99,Average Regulars
39123,152,2,79.99,Average Regulars
42812,28,1,79.99,New Customers
2148,1857,1,79.99,Lost
59363,304,1,79.99,New Customers
39899,678,1,79.99,Lost
86641,1513,1,79.99,Average Regulars
60148,47,1,79.99,New Customers
54990,78,1,79.99,Average Regulars
96393,298,1,79.99,Average Regulars
41283,185,1,79.99,Average Regulars
53303,46,1,79.99,New Customers
19534,1317,1,79.99,Lost
77474,298,1,79.99,Average Regulars
40072,70,1,79.99,Average Regulars
84183,20,2,79.99,Average Regulars
18147,1923,1,79.99,Lost
3079,360,1,79.99,Average Regulars
1361,581,1,79.99,Average Regulars
98681,1557,1,79.98,Lost
82708,137,2,79.98,Average Regulars
5689,570,1,79.98,Average Regulars
81816,527,1,79.98,Average Regulars
61414,96,1,79.98,New Customers
28697,174,1,79.98,Average Regulars
24369,1305,1,79.98,Lost
6022,311,1,79.98,Average Regulars
42430,53,1,79.98,New Customers
52746,15,2,79.98,Average Regulars
21068,116,1,79.98,Average Regulars
17991,937,1,79.97,Average Regulars
16277,142,2,79.96,Average Regulars
42422,3,1,79.96,New Customers
99316,193,1,79.96,New Customers
58225,927,1,79.95,Lost
57731,1171,1,79.95,At Risk (High Value)
99021,222,1,79.95,New Customers
90977,957,1,79.95,Average Regulars
78239,1124,1,79.95,Average Regulars
26410,77,1,79.95,Average Regulars
53154,1445,1,79.95,Average Regulars
1191,6,1,79.95,Average Regulars
51675,529,1,79.95,Average Regulars
37263,336,1,79.95,Average Regulars
34404,1232,1,79.95,At Risk (High Value)
86220,157,1,79.95,New Customers
1432,644,1,79.95,Average Regulars
22494,825,1,79.95,Lost
86120,263,1,79.95,New Customers
48743,258,1,79.95,Average Regulars
98100,1031,1,79.95,Lost
40299,407,1,79.95,Average Regulars
3463,199,1,79.95,Average Regulars
86588,1615,1,79.95,At Risk (High Value)
34952,73,1,79.95,Average Regulars
62126,2348,1,79.95,At Risk (High Value)
88820,290,1,79.95,New Customers
32641,58,1,79.95,Average Regulars
66979,137,1,79.95,New Customers
50876,40,1,79.95,New Customers
76323,817,1,79.95,At Risk (High Value)
40904,557,1,79.95,Average Regulars
26631,1447,1,79.95,Lost
46652,186,1,79.95,Average Regulars
4896,929,1,79.95,Average Regulars
85271,92,1,79.95,Average Regulars
99858,326,1,79.95,Average Regulars
23121,24,1,79.95,Average Regulars
87166,426,1,79.95,Average Regulars
27556,52,1,79.95,Average Regulars
62346,126,1,79.95,Average Regulars
90798,78,1,79.95,Average Regulars
71284,8,1,79.95,Average Regulars
79497,71,1,79.95,Average Regulars
19129,1983,2,79.95,At Risk (High Value)
68028,138,1,79.95,New Customers
45401,776,1,79.95,Lost
83793,1249,1,79.95,Lost
86916,800,1,79.95,Lost
99558,10,1,79.94,Average Regulars
33012,389,2,79.94,Average Regulars
14955,511,1,79.94,Average Regulars
53030,1114,1,79.93,Average Regulars
51033,1291,1,79.9,Lost
82619,697,1,79.9,At Risk (High Value)
26191,823,2,79.9,At Risk (High Value)
21227,1252,1,79.9,Lost
90110,81,1,79.89,Average Regulars
5615,82,1,79.87,Average Regulars
47392,65,2,79.83,Average Regulars
13937,110,2,79.79,Average Regulars
9790,1920,1,79.78,Lost
34028,147,1,79.74,Average Regulars
98329,116,1,79.74,Average Regulars
67491,192,1,79.69,New Customers
95157,32,2,79.67,Average Regulars
9393,167,1,79.67,Average Regulars
97636,170,1,79.65,Average Regulars
2762,263,1,79.62,New Customers
60044,281,1,79.58,Average Regulars
20515,652,1,79.58,Average Regulars
65716,29,1,79.57,Average Regulars
83706,38,1,79.57,Average Regulars
25960,1567,1,79.57,Lost
53633,159,1,79.52,Average Regulars
69875,4,2,79.5,Average Regulars
38120,1583,1,79.5,Lost
41745,190,1,79.5,New Customers
55757,564,1,79.5,Average Regulars
16584,1340,1,79.5,At Risk (High Value)
35061,2289,1,79.5,Lost
29534,120,1,79.5,Average Regulars
70741,958,1,79.5,Lost
81988,657,1,79.5,Lost
69203,133,1,79.5,New Customers
93599,1907,1,79.5,Average Regulars
54154,263,1,79.5,Average Regulars
34,265,1,79.5,Average Regulars
38804,71,1,79.5,Average Regulars
8418,1154,1,79.5,At Risk (High Value)
67636,234,1,79.5,Average Regulars
43986,283,1,79.5,Average Regulars
8856,678,1,79.5,At Risk (High Value)
11967,1376,1,79.5,Average Regulars
30174,425,1,79.5,Average Regulars
61072,409,1,79.5,Average Regulars
97880,2493,1,79.5,At Risk (High Value)
9003,804,1,79.5,At Risk (High Value)
81791,162,1,79.5,New Customers
97053,169,1,79.5,New Customers
18288,8,1,79.5,New Customers
8986,412,1,79.5,Average Regulars
59177,829,1,79.5,At Risk (High Value)
64708,367,1,79.5,Average Regulars
3547,137,1,79.5,Average Regulars
66158,12,1,79.5,New Customers
53659,1571,1,79.5,At Risk (High Value)
8159,1148,1,79.5,Average Regulars
20489,883,1,79.5,Average Regulars
7566,1504,1,79.5,At Risk (High Value)
15574,470,1,79.5,Average Regulars
40841,112,1,79.5,Average Regulars
27269,169,1,79.5,Average Regulars
95648,881,1,79.5,Lost
38807,307,1,79.5,Average Regulars
50561,1018,1,79.5,Lost
21880,381,1,79.5,Average Regulars
89705,875,1,79.5,Lost
73926,1815,2,79.5,At Risk (High Value)
40304,750,1,79.5,Lost
39705,40,1,79.5,Average Regulars
37970,1262,1,79.5,At Risk (High Value)
10448,489,1,79.5,Average Regulars
28901,92,1,79.5,Average Regulars
5418,484,1,79.5,Average Regulars
69898,280,1,79.5,Average Regulars
7927,1519,1,79.5,Lost
73655,101,1,79.5,Average Regulars
22167,2823,1,79.5,Lost
14195,757,1,79.5,At Risk (High Value)
9628,153,1,79.5,New Customers
42998,756,2,79.49,At Risk (High Value)
24582,1058,2,79.49,At Risk (High Value)
75561,838,2,79.49,At Risk (High Value)
78773,69,1,79.49,Average Regulars
8283,60,1,79.49,Average Regulars
4880,862,1,79.49,At Risk (High Value)
5468,1720,1,79.49,Lost
4653,116,1,79.49,Average Regulars
77837,140,2,79.49,Average Regulars
47262,51,2,79.47,Average Regulars
27089,589,1,79.45,Average Regulars
79675,8,1,79.45,Average Regulars
38470,531,1,79.45,Average Regulars
10033,828,1,79.45,At Risk (High Value)
59259,125,1,79.45,New Customers
1945,1319,1,79.45,Lost
81451,82,2,79.45,Average Regulars
81407,437,1,79.45,Average Regulars
19663,158,2,79.44,Average Regulars
79940,2070,1,79.4,Lost
70676,1239,1,79.31,Lost
58069,731,1,79.23,At Risk (High Value)
44456,1445,1,79.22,Average Regulars
51274,68,2,79.21,Average Regulars
99725,426,2,79.19,Average Regulars
71018,422,1,79.18,Average Regulars
57702,184,1,79.17,Average Regulars
39857,557,1,79.17,Average Regulars
40157,176,1,79.17,Average Regulars
83081,846,1,79.14,Lost
62469,187,1,79.14,New Customers
79470,1725,1,79.06,At Risk (High Value)
76880,2,1,79.02,Average Regulars
19148,372,1,79.0,Average Regulars
2996,1956,1,79.0,Lost
17338,621,1,79.0,Average Regulars
32604,1014,1,79.0,Average Regulars
31634,602,1,79.0,Average Regulars
81733,43,1,79.0,Average Regulars
82864,2199,1,79.0,At Risk (High Value)
91990,582,1,79.0,Average Regulars
42643,52,1,79.0,Average Regulars
90252,894,1,79.0,Lost
83041,123,1,79.0,Average Regulars
94483,991,1,79.0,Lost
49354,7,1,79.0,New Customers
87434,43,1,79.0,Average Regulars
98057,2407,1,79.0,Lost
90770,67,1,79.0,Average Regulars
62054,5,2,79.0,Average Regulars
20447,1619,1,79.0,Lost
18940,91,1,79.0,New Customers
27730,93,1,79.0,Average Regulars
82688,1076,1,79.0,Lost
42477,285,1,79.0,Average Regulars
94054,606,1,79.0,Average Regulars
54236,1033,1,79.0,Lost
34838,1175,1,79.0,Average Regulars
2681,925,1,79.0,Lost
87489,262,1,79.0,New Customers
51747,355,1,79.0,Average Regulars
94702,1986,1,79.0,At Risk (High Value)
98973,928,1,79.0,Average Regulars
11001,2069,1,79.0,Lost
37813,340,1,79.0,Average Regulars
92554,150,1,79.0,Average Regulars
19009,19,1,79.0,New Customers
44197,783,1,79.0,Lost
74395,482,1,79.0,Average Regulars
75289,177,1,79.0,New Customers
34548,372,1,79.0,Average Regulars
94907,1440,1,79.0,Lost
67990,4,1,79.0,New Customers
41832,320,1,79.0,Average Regulars
28391,804,1,79.0,At Risk (High Value)
1239,574,1,79.0,Average Regulars
96922,766,1,79.0,Lost
83022,256,1,79.0,New Customers
12228,1591,1,79.0,At Risk (High Value)
65395,4,1,79.0,New Customers
67133,725,1,79.0,Lost
5363,2539,1,79.0,Average Regulars
40799,2507,1,79.0,Average Regulars
94288,485,1,79.0,Average Regulars
60704,681,1,79.0,Lost
231,544,1,79.0,Average Regulars
26619,1623,1,79.0,Lost
5998,275,1,79.0,Average Regulars
75672,1722,1,79.0,Lost
51237,404,1,79.0,Average Regulars
79537,422,1,79.0,Average Regulars
74974,1325,1,79.0,At Risk (High Value)
47039,1184,1,79.0,At Risk (High Value)
30368,73,1,79.0,New Customers
87509,1241,1,79.0,Lost
23746,1074,1,79.0,Lost
38135,148,1,79.0,Average Regulars
85967,1212,1,79.0,Lost
68657,2110,1,79.0,Lost
41465,137,1,79.0,New Customers
1592,247,1,79.0,Average Regulars
30013,119,1,79.0,New Customers
57782,21,1,79.0,Average Regulars
95551,156,1,79.0,New Customers
44770,632,1,79.0,Average Regulars
20349,525,1,78.99,Average Regulars
37880,1258,1,78.99,At Risk (High Value)
90175,2014,1,78.99,Lost
75678,37,1,78.99,Average Regulars
54110,13,1,78.99,Average Regulars
88697,4,1,78.99,Average Regulars
22209,1586,1,78.99,At Risk (High Value)
84888,346,2,78.99,Average Regulars
40516,151,2,78.99,Average Regulars
94724,78,1,78.99,Average Regulars
22245,324,1,78.99,New Customers
17045,650,1,78.99,Average Regulars
386,1262,1,78.99,At Risk (High Value)
63148,474,2,78.99,Average Regulars
12287,36,1,78.99,Average Regulars
81241,213,1,78.99,New Customers
32673,1422,1,78.99,Average Regulars
88640,122,1,78.99,New Customers
24001,548,1,78.98,Average Regulars
61428,145,1,78.98,Average Regulars
72924,12,1,78.98,Average Regulars
71817,741,2,78.98,At Risk (High Value)
87036,1285,1,78.98,At Risk (High Value)
26606,232,1,78.98,New Customers
82480,184,2,78.95,Average Regulars
26269,171,1,78.95,New Customers
96295,335,2,78.95,Average Regulars
28184,1811,1,78.95,Lost
81661,1565,1,78.95,Lost
56481,314,2,78.95,Average Regulars
85628,158,1,78.95,New Customers
66469,609,1,78.94,Average Regulars
55836,2,1,78.94,New Customers
33563,2133,1,78.9,At Risk (High Value)
35777,2,1,78.9,Average Regulars
73100,176,2,78.89,Average Regulars
49002,740,1,78.89,At Risk (High Value)
92669,47,1,78.88,New Customers
7752,41,2,78.83,Average Regulars
92130,12,1,78.81,New Customers
55447,1558,1,78.79,Lost
82349,779,1,78.78,Lost
78878,283,1,78.77,New Customers
14180,1716,1,78.77,At Risk (High Value)
944,428,1,78.75,Average Regulars
98675,961,1,78.75,Lost
14598,101,1,78.75,Average Regulars
47292,1196,1,78.75,Lost
60274,91,1,78.75,Average Regulars
5411,1444,1,78.75,Average Regulars
2387,628,1,78.75,Average Regulars
52574,10,1,78.75,Average Regulars
17551,408,2,78.65,Average Regulars
64923,361,1,78.65,Average Regulars
41102,108,2,78.62,Average Regulars
53337,1328,1,78.59,At Risk (High Value)
82653,225,1,78.55,New Customers
62401,440,1,78.54,Average Regulars
46146,1098,1,78.53,Lost
85101,112,2,78.5,Average Regulars
33949,311,1,78.5,Average Regulars
27133,448,1,78.47,Average Regulars
16931,1767,1,78.46,Lost
30288,804,1,78.46,Lost
17960,1100,2,78.45,At Risk (High Value)
72277,1021,1,78.42,Average Regulars
21112,1189,1,78.39,Lost
56616,1465,1,78.37,Average Regulars
43649,2586,1,78.37,Lost
22946,975,1,78.31,Lost
75207,1777,1,78.25,Lost
64479,888,1,78.2,Average Regulars
90366,30,1,78.17,Average Regulars
94898,343,2,78.14,Average Regulars
9386,1094,1,78.08,Lost
40022,127,1,78.08,New Customers
78458,220,1,78.0,New Customers
85491,138,1,78.0,Average Regulars
4930,29,1,78.0,Average Regulars
63491,677,1,78.0,Lost
10356,1181,1,78.0,At Risk (High Value)
34152,1510,1,78.0,Lost
84877,280,1,78.0,New Customers
54292,142,1,78.0,New Customers
42851,582,1,78.0,Average Regulars
46199,1383,1,78.0,Lost
22087,2393,1,78.0,At Risk (High Value)
88601,71,1,78.0,Average Regulars
15779,35,1,78.0,New Customers
40220,340,1,78.0,Average Regulars
4665,121,1,78.0,Average Regulars
47273,1352,1,78.0,At Risk (High Value)
86657,2183,1,78.0,Lost
97467,5,1,78.0,Average Regulars
60313,57,1,78.0,New Customers
41440,262,1,78.0,Average Regulars
629,259,1,78.0,New Customers
21565,439,1,78.0,Average Regulars
68880,1060,1,78.0,At Risk (High Value)
78875,597,1,78.0,Average Regulars
62603,1324,1,78.0,Lost
26030,1274,1,78.0,Lost
7546,2015,1,78.0,Lost
90856,402,1,78.0,Average Regulars
85890,1413,1,78.0,Lost
4422,35,1,78.0,New Customers
4008,894,1,78.0,Lost
12984,56,1,78.0,Average Regulars
66067,195,1,78.0,Average Regulars
5573,950,1,78.0,Average Regulars
83111,57,1,78.0,Average Regulars
29125,79,1,78.0,Average Regulars
91873,155,1,78.0,Average Regulars
71698,321,2,78.0,Average Regulars
71243,50,1,78.0,Average Regulars
25804,1684,1,78.0,At Risk (High Value)
85238,82,1,78.0,Average Regulars
79918,1813,1,78.0,Average Regulars
77845,1951,1,78.0,Lost
73041,532,1,78.0,Average Regulars
30354,684,1,78.0,At Risk (High Value)
15386,680,1,78.0,At Risk (High Value)
78740,639,1,78.0,Average Regulars
22810,1789,1,78.0,Lost
48868,193,1,78.0,New Customers
51627,529,1,78.0,Average Regulars
44034,299,1,78.0,Average Regulars
84555,408,1,78.0,Average Regulars
8674,1350,1,78.0,Lost
48771,1632,1,78.0,Lost
89733,1360,1,78.0,Lost
32299,28,1,78.0,Average Regulars
27334,997,1,78.0,Average Regulars
75413,629,1,78.0,Average Regulars
44935,114,1,78.0,Average Regulars
1923,94,1,78.0,Average Regulars
12025,1082,1,78.0,Average Regulars
81890,1070,2,78.0,At Risk (High Value)
79412,564,2,77.99,Average Regulars
2955,1328,1,77.99,Lost
55498,314,1,77.99,New Customers
74874,1430,1,77.99,Lost
65248,1207,1,77.99,At Risk (High Value)
39427,106,1,77.99,Average Regulars
50467,637,1,77.99,Average Regulars
26380,188,1,77.99,Average Regulars
75141,499,1,77.99,Average Regulars
43591,2029,1,77.99,Lost
79370,1002,1,77.98,Lost
27498,64,1,77.98,Average Regulars
70961,168,1,77.97,Average Regulars
11615,507,1,77.95,Average Regulars
15068,887,1,77.95,Average Regulars
62571,83,1,77.95,Average Regulars
56452,885,1,77.95,Lost
37891,1020,1,77.94,Lost
66866,10,1,77.94,New Customers
56604,503,1,77.94,Average Regulars
24840,782,1,77.94,At Risk (High Value)
16547,1311,1,77.93,At Risk (High Value)
29083,347,1,77.93,Average Regulars
58284,463,2,77.92,Average Regulars
7359,780,1,77.92,Lost
93111,1015,1,77.9,Lost
52005,1659,2,77.89,At Risk (High Value)
99627,426,2,77.86,Average Regulars
34824,134,1,77.84,New Customers
49102,1033,1,77.83,At Risk (High Value)
78329,453,2,77.82,Average Regulars
86389,1917,1,77.79,At Risk (High Value)
26387,214,1,77.78,New Customers
33599,582,2,77.77,Average Regulars
24269,354,2,77.74,Average Regulars
45745,199,1,77.74,Average Regulars
91257,2057,1,77.68,Average Regulars
85441,931,1,77.65,Lost
79438,39,1,77.59,New Customers
96499,1771,1,77.5,Average Regulars
95436,78,1,77.5,New Customers
9709,197,1,77.5,New Customers
64207,406,1,77.5,Average Regulars
47591,244,1,77.49,Average Regulars
77462,35,2,77.48,Average Regulars
9993,1578,1,77.45,Lost
99838,1028,2,77.41,At Risk (High Value)
15424,896,3,77.39,At Risk (High Value)
9498,173,2,77.39,Average Regulars
36484,150,2,77.39,Average Regulars
99010,1091,1,77.36,Average Regulars
72709,324,1,77.36,New Customers
52973,166,1,77.34,New Customers
68445,781,2,77.3,At Risk (High Value)
60464,1593,2,77.26,At Risk (High Value)
63172,1282,1,77.26,Lost
86137,363,2,77.24,Average Regulars
64321,341,2,77.23,Average Regulars
14800,624,1,77.2,Average Regulars
7244,597,1,77.13,Average Regulars
16115,377,1,77.12,Average Regulars
29646,403,1,77.07,Average Regulars
43246,820,1,77.07,At Risk (High Value)
64742,31,2,77.05,Average Regulars
64724,25,2,77.01,Average Regulars
6667,760,1,77.0,At Risk (High Value)
86400,68,1,77.0,Average Regulars
45844,801,1,77.0,Lost
2062,292,1,77.0,New Customers
90456,432,1,77.0,Average Regulars
42472,2448,1,77.0,Lost
66265,746,1,77.0,Lost
70228,4,1,77.0,Average Regulars
77050,7,1,77.0,Average Regulars
11417,860,1,77.0,At Risk (High Value)
59433,1148,1,77.0,Lost
67784,313,2,77.0,Average Regulars
49595,311,1,76.99,Average Regulars
725,57,1,76.99,Average Regulars
38242,453,2,76.99,Average Regulars
45906,862,1,76.99,Lost
69213,95,1,76.99,Average Regulars
43559,110,1,76.99,Average Regulars
44044,306,1,76.99,New Customers
7905,797,1,76.99,Lost
69005,561,1,76.99,Average Regulars
84709,431,1,76.99,Average Regulars
61905,1204,1,76.99,At Risk (High Value)
97008,1609,2,76.99,At Risk (High Value)
21777,7,1,76.98,Average Regulars
29033,8,1,76.98,New Customers
81353,288,2,76.98,Average Regulars
26346,78,1,76.98,New Customers
78512,531,1,76.98,Average Regulars
21999,36,1,76.97,New Customers
45271,697,1,76.97,At Risk (High Value)
32132,4,2,76.97,Average Regulars
4013,867,1,76.96,At Risk (High Value)
13132,1973,1,76.96,Lost
21108,217,2,76.96,Average Regulars
16643,719,1,76.96,Lost
85020,1094,1,76.96,Lost
88982,1178,1,76.95,At Risk (High Value)
99968,1174,1,76.95,At Risk (High Value)
19776,282,1,76.95,Average Regulars
68596,394,1,76.95,Average Regulars
16242,1188,2,76.94,At Risk (High Value)
12973,7,1,76.93,New Customers
34155,863,2,76.82,At Risk (High Value)
34573,966,1,76.8,Average Regulars
5542,130,1,76.79,New Customers
49234,155,1,76.75,Average Regulars
51443,569,1,76.74,Average Regulars
11479,647,1,76.7,Average Regulars
37522,115,1,76.7,Average Regulars
34527,317,1,76.68,New Customers
37660,930,2,76.61,At Risk (High Value)
3691,365,2,76.6,Average Regulars
85415,3,1,76.59,Average Regulars
32496,183,1,76.59,Average Regulars
48437,1287,1,76.53,Lost
99455,1052,1,76.53,At Risk (High Value)
85521,1681,1,76.52,Lost
16616,126,1,76.49,New Customers
77949,1012,1,76.49,Lost
91292,130,1,76.49,Average Regulars
62740,12,1,76.49,Average Regulars
32546,229,1,76.48,Average Regulars
78593,969,1,76.47,Lost
19258,916,1,76.47,Lost
2875,20,2,76.46,Average Regulars
91693,108,2,76.45,Average Regulars
89314,159,1,76.45,Average Regulars
48117,197,3,76.45,Average Regulars
59479,204,1,76.44,Average Regulars
75562,559,1,76.44,Average Regulars
89719,692,2,76.44,At Risk (High Value)
39777,72,1,76.44,New Customers
69878,4,2,76.41,Average Regulars
69961,358,1,76.4,Average Regulars
53246,2554,1,76.4,Lost
82020,222,1,76.4,New Customers
23262,238,1,76.33,New Customers
36783,2214,1,76.3,Lost
9850,1309,1,76.3,At Risk (High Value)
1530,118,1,76.3,New Customers
66553,33,1,76.3,New Customers
9380,311,1,76.28,Average Regulars
72328,1001,1,76.28,Lost
74179,972,1,76.28,Average Regulars
34174,176,1,76.24,Average Regulars
69603,1410,1,76.22,Average Regulars
43427,186,2,76.22,Average Regulars
32894,129,1,76.19,New Customers
92753,321,1,76.18,Average Regulars
81936,1027,1,76.17,Average Regulars
15419,1228,1,76.13,At Risk (High Value)
99428,57,1,76.1,Average Regulars
32512,6,1,76.06,New Customers
94929,1782,1,76.03,Average Regulars
14466,571,1,76.0,Average Regulars
41028,771,1,76.0,Lost
34057,942,1,76.0,Average Regulars
26189,2287,1,76.0,Average Regulars
75518,2161,1,76.0,At Risk (High Value)
43555,11,1,76.0,New Customers
86902,2230,1,76.0,At Risk (High Value)
74168,553,1,76.0,Average Regulars
83372,465,1,76.0,Average Regulars
86871,705,1,76.0,At Risk (High Value)
1575,2405,1,76.0,Average Regulars
48236,185,1,76.0,New Customers
54502,78,1,76.0,Average Regulars
53115,711,1,76.0,At Risk (High Value)
18991,1244,1,76.0,At Risk (High Value)
7141,1062,1,76.0,Average Regulars
61144,530,1,76.0,Average Regulars
46776,393,1,76.0,Average Regulars
48865,27,1,76.0,Average Regulars
60910,16,1,76.0,New Customers
47940,1942,1,76.0,Lost
7306,423,1,76.0,Average Regulars
58650,1201,1,76.0,Lost
98611,2034,1,75.99,Lost
58152,197,1,75.99,New Customers
35223,749,1,75.99,Lost
70867,1513,1,75.99,Average Regulars
11240,1782,1,75.99,Lost
59103,1477,1,75.99,Lost
92490,193,1,75.99,New Customers
78104,85,2,75.99,Average Regulars
56922,274,1,75.99,Average Regulars
57334,570,2,75.98,Average Regulars
31693,175,2,75.98,Average Regulars
94511,400,1,75.98,Average Regulars
38827,53,1,75.98,Average Regulars
88466,154,1,75.98,New Customers
7297,30,1,75.95,Average Regulars
64831,22,1,75.95,Average Regulars
42817,221,1,75.95,Average Regulars
6103,240,2,75.95,Average Regulars
63624,918,1,75.95,Lost
32445,1862,1,75.95,Average Regulars
43702,1321,1,75.95,At Risk (High Value)
89272,875,1,75.94,At Risk (High Value)
10621,402,1,75.94,Average Regulars
95645,1697,1,75.94,Lost
21031,239,1,75.94,Average Regulars
12343,76,1,75.93,New Customers
88406,509,1,75.9,Average Regulars
56858,1601,2,75.9,At Risk (High Value)
83401,1314,1,75.88,Lost
10961,1083,1,75.88,Average Regulars
99336,180,1,75.85,Average Regulars
30179,372,1,75.83,Average Regulars
81119,0,1,75.78,Average Regulars
90899,568,1,75.75,Average Regulars
38039,210,1,75.73,Average Regulars
93333,873,1,75.73,Lost
56642,487,1,75.69,Average Regulars
69061,3,1,75.66,New Customers
7692,332,1,75.65,Average Regulars
6905,3,1,75.63,Average Regulars
11314,843,1,75.62,Lost
67828,1350,1,75.61,Lost
56802,997,1,75.6,Lost
98607,1355,1,75.6,At Risk (High Value)
29086,179,1,75.57,Average Regulars
14186,30,1,75.56,Average Regulars
96491,2379,1,75.55,Lost
34507,391,1,75.5,Average Regulars
27155,1149,1,75.5,Lost
90452,587,1,75.49,Average Regulars
82887,205,1,75.49,New Customers
65601,1451,1,75.49,Lost
10852,1236,1,75.49,Lost
92634,894,1,75.49,Lost
15581,1938,1,75.47,At Risk (High Value)
94144,453,1,75.47,Average Regulars
55421,223,1,75.47,Average Regulars
29709,192,3,75.44,Average Regulars
71726,219,2,75.43,Average Regulars
57378,524,1,75.4,Average Regulars
12445,563,1,75.37,Average Regulars
43696,432,1,75.34,Average Regulars
54309,370,1,75.32,Average Regulars
48967,5,1,75.32,Average Regulars
24553,503,2,75.25,Average Regulars
54734,1482,1,75.22,Average Regulars
90620,2,1,75.19,New Customers
7155,373,1,75.17,Average Regulars
49916,3,1,75.16,New Customers
87831,1323,2,75.15,At Risk (High Value)
19146,1525,1,75.11,Lost
6087,1269,1,75.1,At Risk (High Value)
78511,955,2,75.04,At Risk (High Value)
72783,970,1,75.0,Average Regulars
69110,799,1,75.0,Lost
94594,874,1,75.0,Lost
8484,32,1,75.0,New Customers
98359,1660,1,75.0,At Risk (High Value)
41592,7,1,75.0,New Customers
83786,254,2,75.0,Average Regulars
10804,246,1,75.0,New Customers
68826,21,1,75.0,Average Regulars
51597,2055,1,75.0,Lost
66173,462,1,75.0,Average Regulars
20444,772,1,75.0,Lost
18548,43,1,75.0,Average Regulars
94888,748,1,75.0,At Risk (High Value)
29808,138,1,75.0,Average Regulars
79185,450,1,75.0,Average Regulars
28133,1484,1,75.0,At Risk (High Value)
86275,181,1,75.0,New Customers
59187,898,1,75.0,Lost
37496,36,1,75.0,Average Regulars
9302,1168,1,75.0,At Risk (High Value)
52064,22,1,75.0,Average Regulars
38888,993,1,75.0,Lost
57507,146,1,75.0,Average Regulars
93319,1628,1,75.0,Lost
13417,607,1,75.0,Average Regulars
52547,13,1,75.0,Average Regulars
3919,768,1,75.0,Lost
23801,290,1,75.0,Average Regulars
93920,486,1,75.0,Average Regulars
80329,240,1,75.0,New Customers
38095,1724,1,75.0,Lost
4886,352,1,75.0,Average Regulars
91644,1232,1,75.0,Lost
26385,377,1,75.0,Average Regulars
35790,581,1,75.0,Average Regulars
14963,1589,1,75.0,At Risk (High Value)
9150,2581,1,75.0,Lost
74546,1120,1,75.0,Lost
75288,518,1,75.0,Average Regulars
14352,755,1,75.0,Lost
74434,1611,1,75.0,Lost
21953,207,1,75.0,Average Regulars
3589,313,1,75.0,Average Regulars
79442,10,1,75.0,New Customers
80164,391,1,75.0,Average Regulars
93974,313,1,75.0,Average Regulars
65719,88,1,75.0,New Customers
3633,228,1,75.0,New Customers
34438,145,1,75.0,New Customers
21807,1103,1,75.0,Lost
23240,283,1,75.0,New Customers
43927,779,1,75.0,Lost
23732,351,1,75.0,Average Regulars
45373,383,1,75.0,Average Regulars
54534,951,1,75.0,Average Regulars
24363,144,1,75.0,Average Regulars
73581,151,1,75.0,Average Regulars
16201,213,1,75.0,Average Regulars
94697,706,1,75.0,At Risk (High Value)
76811,425,1,75.0,Average Regulars
96861,2393,1,75.0,Lost
41296,20,1,75.0,Average Regulars
45210,571,1,75.0,Average Regulars
70722,797,1,75.0,At Risk (High Value)
9963,1380,1,75.0,Average Regulars
53936,1096,1,75.0,Lost
89540,255,1,75.0,New Customers
11166,1612,1,75.0,At Risk (High Value)
82345,1041,1,75.0,Average Regulars
71658,351,1,75.0,Average Regulars
50669,6,1,75.0,New Customers
34783,851,1,75.0,Lost
92601,23,1,75.0,Average Regulars
80408,2118,1,75.0,Average Regulars
72019,1100,1,75.0,Lost
83054,4,1,75.0,Average Regulars
23343,1280,1,75.0,Lost
75018,1023,1,75.0,At Risk (High Value)
92800,403,1,74.99,Average Regulars
23332,2005,1,74.99,At Risk (High Value)
77057,1725,1,74.99,Lost
13318,631,2,74.99,Average Regulars
64457,2151,1,74.99,Average Regulars
56293,790,1,74.99,At Risk (High Value)
10652,475,1,74.99,Average Regulars
85168,662,1,74.99,Lost
54178,345,1,74.99,Average Regulars
49745,705,1,74.99,Lost
24121,1018,1,74.99,Lost
53650,5,1,74.99,Average Regulars
24227,44,2,74.99,Average Regulars
86911,330,1,74.99,Average Regulars
99349,285,1,74.99,Average Regulars
6572,532,1,74.99,Average Regulars
24077,699,1,74.99,Lost
200,26,1,74.99,Average Regulars
73986,34,1,74.99,Average Regulars
22183,5,1,74.99,Average Regulars
73786,108,1,74.99,Average Regulars
64186,1704,1,74.99,Lost
27373,1152,1,74.99,Average Regulars
56621,885,1,74.99,Lost
9429,182,1,74.99,New Customers
57965,26,1,74.99,Average Regulars
98314,1355,1,74.98,At Risk (High Value)
90604,146,2,74.98,Average Regulars
66995,87,2,74.98,Average Regulars
53725,1707,1,74.98,Lost
94108,1646,1,74.98,At Risk (High Value)
71712,526,1,74.98,Average Regulars
94737,143,2,74.98,Average Regulars
63184,203,2,74.98,Average Regulars
42525,171,2,74.98,Average Regulars
2890,243,2,74.98,Average Regulars
56042,721,1,74.98,At Risk (High Value)
38823,15,1,74.95,New Customers
64760,631,1,74.95,Average Regulars
61759,73,1,74.95,New Customers
93577,237,1,74.95,New Customers
1644,503,1,74.95,Average Regulars
52537,724,1,74.95,Lost
80597,741,1,74.95,Lost
6726,978,2,74.95,At Risk (High Value)
34899,900,1,74.95,Average Regulars
8208,326,1,74.95,Average Regulars
50269,727,1,74.95,Lost
74586,709,1,74.95,Lost
47221,274,1,74.95,Average Regulars
39284,171,1,74.94,New Customers
34842,78,1,74.94,Average Regulars
91045,1407,1,74.94,Lost
35257,807,1,74.94,At Risk (High Value)
83608,815,1,74.94,Lost
27928,481,1,74.94,Average Regulars
31355,288,1,74.94,Average Regulars
93509,1546,1,74.93,Average Regulars
29806,125,2,74.93,Average Regulars
36516,170,2,74.92,Average Regulars
98725,12,1,74.9,Average Regulars
72305,1585,1,74.9,At Risk (High Value)
59208,528,1,74.9,Average Regulars
10092,866,1,74.89,Lost
44920,268,1,74.88,Average Regulars
81822,1732,2,74.82,At Risk (High Value)
72695,578,2,74.8,Average Regulars
38972,1015,1,74.78,Lost
48476,549,1,74.77,Average Regulars
36422,284,1,74.71,Average Regulars
65565,399,3,74.67,Average Regulars
28154,79,1,74.67,Average Regulars
88606,734,2,74.59,At Risk (High Value)
79754,956,1,74.58,Average Regulars
70540,873,1,74.58,Lost
11104,877,1,74.52,At Risk (High Value)
4662,497,1,74.5,Average Regulars
3290,75,1,74.5,Average Regulars
42073,706,1,74.5,Lost
42686,674,1,74.5,Lost
54882,239,1,74.5,Average Regulars
49116,20,1,74.5,New Customers
69195,144,1,74.5,New Customers
86627,1712,1,74.5,Lost
86515,42,1,74.5,Average Regulars
99919,144,1,74.5,Average Regulars
62860,655,1,74.5,Average Regulars
43795,34,1,74.5,Average Regulars
5279,219,1,74.5,Average Regulars
25922,1796,1,74.5,Average Regulars
52929,491,1,74.5,Average Regulars
78920,1285,1,74.5,Lost
37527,1825,1,74.5,Lost
75170,610,1,74.49,Average Regulars
83892,1366,1,74.49,Average Regulars
24545,538,1,74.49,Average Regulars
73669,555,1,74.49,Average Regulars
23436,50,1,74.47,New Customers
44439,938,1,74.45,Average Regulars
43221,551,1,74.45,Average Regulars
91740,358,1,74.45,Average Regulars
1824,944,1,74.4,Average Regulars
57576,2,1,74.4,Average Regulars
92321,650,2,74.39,Average Regulars
29889,1902,1,74.39,At Risk (High Value)
56214,341,1,74.38,Average Regulars
41484,283,2,74.37,Average Regulars
27030,725,1,74.36,At Risk (High Value)
19984,65,1,74.34,New Customers
74791,1187,1,74.34,Lost
66186,80,1,74.34,Average Regulars
71283,1698,1,74.34,Lost
62756,66,2,74.32,Average Regulars
80510,243,3,74.29,Average Regulars
76408,1592,1,74.28,Lost
18410,622,2,74.21,Average Regulars
52348,775,2,74.17,At Risk (High Value)
23910,534,1,74.15,Average Regulars
70076,525,1,74.12,Average Regulars
99165,184,1,74.04,New Customers
18458,1586,1,74.0,Lost
8633,236,1,74.0,New Customers
1783,2353,1,74.0,Lost
81227,474,1,74.0,Average Regulars
83309,201,1,74.0,New Customers
39492,2325,1,74.0,At Risk (High Value)
60911,1504,1,74.0,At Risk (High Value)
8482,158,1,74.0,New Customers
73744,42,1,74.0,Average Regulars
59998,111,1,74.0,New Customers
95861,1079,1,74.0,Average Regulars
8629,692,1,74.0,At Risk (High Value)
9496,484,1,74.0,Average Regulars
26654,79,2,74.0,Average Regulars
84787,217,1,74.0,New Customers
59315,2242,1,74.0,Lost
13226,321,1,74.0,New Customers
62709,1655,1,74.0,Lost
98627,2010,1,74.0,Lost
53493,1266,1,74.0,At Risk (High Value)
72737,27,1,74.0,New Customers
20455,86,1,74.0,Average Regulars
48716,1455,1,74.0,Average Regulars
10358,452,1,74.0,Average Regulars
80774,67,1,73.99,Average Regulars
87402,66,1,73.99,New Customers
7885,328,1,73.99,Average Regulars
82611,321,2,73.99,Average Regulars
8530,468,1,73.99,Average Regulars
62157,550,1,73.99,Average Regulars
43377,108,1,73.99,Average Regulars
99255,529,1,73.99,Average Regulars
72724,770,1,73.99,Lost
90317,341,1,73.99,Average Regulars
41132,859,1,73.99,Lost
72476,638,1,73.99,Average Regulars
24023,377,1,73.99,Average Regulars
20240,1522,1,73.98,Average Regulars
33658,1816,1,73.98,Average Regulars
261,4,1,73.98,New Customers
35313,502,2,73.98,Average Regulars
1916,1520,1,73.98,Lost
49825,1706,1,73.98,At Risk (High Value)
51563,674,2,73.95,At Risk (High Value)
8630,97,1,73.95,Average Regulars
30994,437,1,73.95,Average Regulars
53958,529,1,73.94,Average Regulars
49156,292,1,73.94,New Customers
19376,396,2,73.94,Average Regulars
19552,490,1,73.94,Average Regulars
23459,1921,1,73.94,Lost
17446,101,1,73.93,Average Regulars
97425,1099,1,73.92,Average Regulars
55050,829,1,73.92,Lost
7428,797,1,73.9,Lost
32245,3,1,73.9,Average Regulars
28456,59,1,73.9,Average Regulars
53339,152,1,73.86,New Customers
20808,577,2,73.86,Average Regulars
86883,1202,2,73.85,At Risk (High Value)
47352,442,1,73.84,Average Regulars
89600,1368,1,73.82,Average Regulars
67602,161,1,73.79,New Customers
13101,1973,1,73.78,Lost
53486,1279,1,73.76,Lost
4678,672,1,73.73,At Risk (High Value)
91376,294,1,73.73,New Customers
96840,1149,1,73.72,At Risk (High Value)
79405,122,1,73.72,Average Regulars
4730,1795,1,73.71,Average Regulars
37770,1459,1,73.71,Average Regulars
31427,293,1,73.7,Average Regulars
86761,799,1,73.69,At Risk (High Value)
30099,805,2,73.6,At Risk (High Value)
93152,609,1,73.59,Average Regulars
55231,1850,1,73.55,Average Regulars
49577,1470,2,73.52,At Risk (High Value)
82392,830,1,73.5,Lost
39504,1062,1,73.5,Average Regulars
24471,554,1,73.5,Average Regulars
35576,2,1,73.5,New Customers
39474,1432,1,73.5,Average Regulars
20877,432,1,73.5,Average Regulars
90657,399,1,73.5,Average Regulars
27449,63,2,73.5,Average Regulars
50849,221,1,73.5,Average Regulars
31262,105,1,73.49,Average Regulars
66562,15,1,73.49,New Customers
60096,2,1,73.49,Average Regulars
19788,1542,1,73.49,At Risk (High Value)
40125,11,2,73.44,Average Regulars
83067,370,2,73.42,Average Regulars
94176,1261,1,73.4,At Risk (High Value)
74004,57,2,73.27,Average Regulars
48256,269,2,73.26,Average Regulars
2754,231,1,73.22,Average Regulars
411,39,1,73.2,Average Regulars
73283,118,3,73.2,Average Regulars
2250,1735,1,73.2,Lost
9318,104,1,73.15,Average Regulars
79275,856,1,73.15,Lost
26286,4,1,73.15,Average Regulars
89500,2246,1,73.15,Lost
84588,546,1,73.15,Average Regulars
43669,112,1,73.15,Average Regulars
35328,599,1,73.0,Average Regulars
64285,230,1,73.0,New Customers
90262,339,1,73.0,Average Regulars
16659,207,1,73.0,Average Regulars
47610,275,1,73.0,New Customers
4424,986,1,73.0,Lost
85298,448,1,73.0,Average Regulars
69321,160,1,73.0,Average Regulars
98945,147,1,73.0,Average Regulars
38627,488,1,73.0,Average Regulars
20572,1039,2,73.0,At Risk (High Value)
50551,649,1,73.0,Average Regulars
51040,523,1,73.0,Average Regulars
46837,462,1,73.0,Average Regulars
71258,396,1,73.0,Average Regulars
30405,166,1,73.0,Average Regulars
94022,640,1,73.0,Average Regulars
35841,550,1,72.99,Average Regulars
68917,4,1,72.99,New Customers
9693,168,1,72.99,New Customers
61660,797,1,72.99,At Risk (High Value)
53548,1206,1,72.99,Lost
30562,1409,1,72.99,Average Regulars
5702,603,1,72.98,Average Regulars
13521,1213,1,72.98,Lost
17471,22,2,72.98,Average Regulars
54208,1333,2,72.98,At Risk (High Value)
58163,867,2,72.98,At Risk (High Value)
46699,233,2,72.97,Average Regulars
90740,88,1,72.96,Average Regulars
23090,563,1,72.95,Average Regulars
24547,241,1,72.95,New Customers
8964,8,2,72.95,Average Regulars
82944,130,2,72.95,Average Regulars
16478,1927,1,72.95,Lost
84196,1209,1,72.94,Lost
18206,219,1,72.94,New Customers
4776,7,2,72.94,Average Regulars
22353,761,2,72.92,At Risk (High Value)
67892,522,2,72.91,Average Regulars
46456,76,1,72.9,New Customers
20051,1043,2,72.89,At Risk (High Value)
82844,0,1,72.89,New Customers
94591,2246,1,72.89,Lost
68279,359,2,72.89,Average Regulars
98188,723,1,72.79,Lost
44188,118,1,72.75,Average Regulars
91278,1029,1,72.75,Lost
20978,83,1,72.73,Average Regulars
13568,1792,1,72.7,Lost
43551,316,1,72.7,New Customers
86384,93,1,72.66,New Customers
81284,355,2,72.64,Average Regulars
27492,207,2,72.62,Average Regulars
24365,1916,1,72.61,Lost
86755,128,1,72.58,Average Regulars
16114,2626,1,72.58,Lost
97551,679,1,72.58,At Risk (High Value)
64680,1606,2,72.58,At Risk (High Value)
817,5,2,72.5,Average Regulars
5725,1623,1,72.5,At Risk (High Value)
6014,1396,1,72.5,Lost
10148,283,1,72.5,Average Regulars
69513,100,1,72.49,New Customers
17371,152,2,72.49,Average Regulars
20225,31,2,72.49,Average Regulars
20921,853,1,72.49,Lost
75742,469,1,72.43,Average Regulars
6617,474,1,72.42,Average Regulars
9740,194,1,72.38,Average Regulars
48592,477,1,72.38,Average Regulars
55881,691,1,72.37,Lost
93514,425,1,72.37,Average Regulars
36408,303,1,72.37,New Customers
33650,1949,1,72.37,Lost
10528,1439,1,72.3,Average Regulars
35104,141,1,72.25,Average Regulars
6466,2451,1,72.25,Average Regulars
89129,272,2,72.22,Average Regulars
89972,1120,1,72.22,At Risk (High Value)
65243,1033,2,72.2,At Risk (High Value)
21109,345,2,72.18,Average Regulars
41889,278,1,72.15,New Customers
8252,65,1,72.14,New Customers
63434,498,1,72.14,Average Regulars
93395,10,1,72.14,Average Regulars
63735,569,1,72.14,Average Regulars
17298,979,1,72.1,Average Regulars
36504,57,1,72.1,Average Regulars
2473,1473,1,72.07,Lost
43519,85,2,72.03,Average Regulars
88709,803,1,72.0,At Risk (High Value)
74489,405,1,72.0,Average Regulars
63615,212,1,72.0,New Customers
57525,861,1,72.0,At Risk (High Value)
81082,449,1,72.0,Average Regulars
80041,224,1,72.0,New Customers
72241,139,1,72.0,Average Regulars
37349,256,1,72.0,Average Regulars
79576,1,1,72.0,Average Regulars
41805,1866,1,72.0,Average Regulars
12935,4,1,72.0,New Customers
63439,1664,1,72.0,Lost
86025,661,1,72.0,Lost
32891,113,1,72.0,Average Regulars
27778,238,1,72.0,Average Regulars
32261,968,1,72.0,Lost
60164,408,1,72.0,Average Regulars
11524,2213,1,72.0,At Risk (High Value)
6893,215,1,72.0,New Customers
56687,353,1,72.0,Average Regulars
51058,1154,1,72.0,Average Regulars
96970,600,1,72.0,Average Regulars
45749,469,1,72.0,Average Regulars
4349,266,1,72.0,New Customers
64741,93,1,72.0,Average Regulars
25742,2286,1,72.0,Lost
30879,254,1,72.0,New Customers
34504,148,1,72.0,Average Regulars
53442,22,1,72.0,New Customers
74207,2,1,72.0,Average Regulars
13064,1999,1,72.0,At Risk (High Value)
18593,106,1,72.0,New Customers
23867,98,1,72.0,New Customers
94018,792,1,72.0,At Risk (High Value)
19573,1518,1,72.0,Lost
35970,267,1,71.99,New Customers
66370,400,2,71.99,Average Regulars
40500,1136,1,71.99,At Risk (High Value)
5902,1536,1,71.99,At Risk (High Value)
87580,118,1,71.99,Average Regulars
4157,1415,2,71.99,At Risk (High Value)
95243,734,1,71.99,At Risk (High Value)
25029,272,1,71.99,New Customers
74492,153,1,71.99,New Customers
22854,76,1,71.99,Average Regulars
38542,1221,1,71.99,Lost
64707,748,1,71.99,At Risk (High Value)
99199,1670,2,71.98,At Risk (High Value)
5957,468,2,71.98,Average Regulars
34540,150,1,71.98,Average Regulars
67617,263,2,71.98,Average Regulars
89862,85,1,71.96,New Customers
11389,2134,1,71.95,Lost
71403,851,1,71.95,At Risk (High Value)
97860,2153,1,71.95,Average Regulars
85453,462,1,71.95,Average Regulars
74157,157,1,71.95,New Customers
44905,133,2,71.94,Average Regulars
46292,72,1,71.94,Average Regulars
52116,1109,1,71.93,Average Regulars
1244,1311,1,71.9,At Risk (High Value)
87220,423,1,71.9,Average Regulars
55299,941,1,71.9,Average Regulars
11563,1180,1,71.89,At Risk (High Value)
94045,82,1,71.89,Average Regulars
42441,1346,1,71.88,At Risk (High Value)
43286,0,1,71.88,New Customers
57984,378,2,71.88,Average Regulars
42107,24,2,71.87,Average Regulars
46341,369,1,71.8,Average Regulars
4142,365,2,71.75,Average Regulars
22892,830,1,71.75,At Risk (High Value)
46954,211,1,71.75,New Customers
88617,820,4,71.73,At Risk (High Value)
97882,371,1,71.7,Average Regulars
69404,155,2,71.69,Average Regulars
68320,68,2,71.69,Average Regulars
82982,782,1,71.57,At Risk (High Value)
93224,63,2,71.53,Average Regulars
49759,1370,1,71.5,Lost
82933,15,2,71.5,Average Regulars
80212,62,1,71.49,Average Regulars
29767,594,1,71.48,Average Regulars
62173,109,1,71.4,Average Regulars
14980,118,2,71.37,Average Regulars
98098,128,1,71.31,New Customers
48620,689,1,71.31,At Risk (High Value)
5583,239,2,71.29,Average Regulars
23922,1223,2,71.28,At Risk (High Value)
28983,238,1,71.25,Average Regulars
44940,398,1,71.25,Average Regulars
11691,2261,1,71.25,Lost
79072,506,1,71.25,Average Regulars
93280,296,2,71.24,Average Regulars
16588,487,1,71.2,Average Regulars
68830,1908,1,71.19,Lost
87227,5,1,71.07,New Customers
17287,13,1,71.07,Average Regulars
63241,497,1,71.07,Average Regulars
83348,52,1,71.04,Average Regulars
92049,469,1,71.02,Average Regulars
94646,87,1,71.02,New Customers
56819,889,1,71.02,Lost
51401,1066,2,71.0,At Risk (High Value)
73178,58,1,71.0,Average Regulars
96684,7,1,71.0,New Customers
57282,1111,2,71.0,At Risk (High Value)
4817,85,1,71.0,New Customers
8902,152,1,71.0,New Customers
6101,1363,1,71.0,Lost
38723,65,1,71.0,Average Regulars
31179,808,1,70.99,At Risk (High Value)
99638,4,2,70.99,Average Regulars
14119,333,1,70.99,Average Regulars
95289,563,2,70.99,Average Regulars
72078,372,1,70.99,Average Regulars
13367,1351,1,70.99,Lost
97281,2101,1,70.99,Lost
98976,1008,2,70.99,At Risk (High Value)
54304,622,1,70.99,Average Regulars
57950,53,1,70.99,Average Regulars
86765,18,2,70.99,Average Regulars
67661,1025,2,70.99,At Risk (High Value)
26354,589,1,70.98,Average Regulars
2046,1115,1,70.98,At Risk (High Value)
56773,1503,1,70.98,Lost
79901,609,2,70.98,Average Regulars
94955,612,2,70.96,Average Regulars
25885,10,1,70.95,Average Regulars
69872,516,2,70.95,Average Regulars
35596,728,1,70.91,At Risk (High Value)
26628,138,1,70.9,New Customers
74485,1089,1,70.89,Average Regulars
47194,110,1,70.89,Average Regulars
71282,138,1,70.89,New Customers
12432,1440,1,70.83,Average Regulars
16180,91,2,70.81,Average Regulars
36733,401,1,70.78,Average Regulars
63511,79,1,70.77,Average Regulars
23617,854,2,70.75,At Risk (High Value)
78556,943,1,70.68,Average Regulars
29448,578,1,70.59,Average Regulars
72697,60,2,70.57,Average Regulars
24245,333,1,70.5,Average Regulars
26471,246,2,70.5,Average Regulars
70599,342,1,70.5,Average Regulars
76303,39,1,70.49,New Customers
79451,1202,2,70.44,At Risk (High Value)
70870,1133,1,70.4,Lost
51436,137,1,70.4,Average Regulars
38356,231,1,70.38,New Customers
76499,467,1,70.38,Average Regulars
1582,119,1,70.37,New Customers
87035,1428,1,70.31,Lost
40278,432,1,70.31,Average Regulars
20936,11,2,70.31,Average Regulars
27467,290,1,70.29,New Customers
82206,24,2,70.23,Average Regulars
68720,1896,1,70.21,Average Regulars
43774,485,2,70.13,Average Regulars
30397,322,1,70.11,Average Regulars
66788,449,1,70.1,Average Regulars
32955,616,1,70.04,Average Regulars
70112,489,1,70.04,Average Regulars
14273,173,1,70.0,Average Regulars
93783,1359,1,70.0,Lost
87936,697,1,70.0,At Risk (High Value)
85358,1825,1,70.0,Lost
71761,1048,1,70.0,At Risk (High Value)
49237,44,1,70.0,New Customers
19725,1288,1,70.0,Lost
57485,546,2,70.0,Average Regulars
33372,346,1,70.0,Average Regulars
95172,1784,1,70.0,Lost
6547,237,1,70.0,New Customers
35807,1887,1,70.0,At Risk (High Value)
81306,1273,1,70.0,Lost
79461,1243,1,70.0,At Risk (High Value)
96727,1458,1,70.0,Lost
9787,110,1,70.0,Average Regulars
98179,319,1,70.0,New Customers
65545,859,1,70.0,Lost
51845,1851,1,70.0,Average Regulars
71356,2011,1,70.0,At Risk (High Value)
47382,73,1,70.0,Average Regulars
11569,1315,1,70.0,At Risk (High Value)
24448,5,1,70.0,Average Regulars
97764,111,1,70.0,New Customers
55871,1359,1,70.0,At Risk (High Value)
9833,2185,1,70.0,At Risk (High Value)
17339,4,1,70.0,New Customers
80714,852,1,70.0,Lost
30720,938,1,70.0,Lost
25154,143,1,70.0,New Customers
6109,787,1,70.0,Lost
16646,410,1,70.0,Average Regulars
74124,247,1,70.0,Average Regulars
23788,5,1,70.0,New Customers
92129,816,1,70.0,At Risk (High Value)
26926,1055,1,70.0,Average Regulars
93784,66,1,70.0,Average Regulars
91400,1007,1,70.0,Lost
18149,382,1,70.0,Average Regulars
19757,549,1,70.0,Average Regulars
13524,1027,1,70.0,Average Regulars
90361,637,1,70.0,Average Regulars
23021,426,1,70.0,Average Regulars
27981,456,1,70.0,Average Regulars
34544,271,1,70.0,New Customers
45889,1139,1,70.0,At Risk (High Value)
42547,1142,1,70.0,Lost
38712,1254,1,70.0,At Risk (High Value)
62377,509,1,70.0,Average Regulars
69520,1893,1,69.99,At Risk (High Value)
33786,287,1,69.99,Average Regulars
52715,1425,1,69.99,Average Regulars
59293,1297,1,69.99,At Risk (High Value)
50887,217,1,69.99,Average Regulars
9781,30,1,69.99,Average Regulars
98051,1436,1,69.99,Lost
78956,290,1,69.99,Average Regulars
87789,99,1,69.99,Average Regulars
54870,822,1,69.99,Lost
39763,1659,1,69.99,Lost
12414,1207,2,69.99,At Risk (High Value)
11716,681,1,69.99,Lost
86522,1031,1,69.99,Lost
16586,1272,1,69.99,At Risk (High Value)
5872,584,1,69.99,Average Regulars
71341,834,1,69.99,At Risk (High Value)
94778,42,2,69.99,Average Regulars
69212,1257,1,69.99,Lost
2669,646,1,69.99,Average Regulars
54614,816,1,69.99,Lost
30115,1575,1,69.99,At Risk (High Value)
65398,727,1,69.99,At Risk (High Value)
88379,48,1,69.99,Average Regulars
84939,813,1,69.99,Lost
60848,557,2,69.99,Average Regulars
67743,617,1,69.99,Average Regulars
54496,437,1,69.99,Average Regulars
42340,611,1,69.99,Average Regulars
84134,1923,1,69.99,At Risk (High Value)
84622,1710,1,69.99,At Risk (High Value)
66221,816,1,69.99,Lost
15964,2078,1,69.99,Lost
89842,1049,1,69.99,At Risk (High Value)
94712,18,1,69.99,New Customers
80459,737,1,69.99,Lost
76192,400,1,69.99,Average Regulars
86013,405,1,69.99,Average Regulars
44754,1077,1,69.99,Lost
77127,1286,1,69.99,Lost
6403,401,1,69.99,Average Regulars
93400,968,1,69.99,Average Regulars
78310,489,1,69.99,Average Regulars
91158,73,1,69.99,Average Regulars
81666,944,1,69.99,Lost
22376,49,1,69.99,New Customers
51272,1469,1,69.99,At Risk (High Value)
25450,2062,1,69.99,Lost
33921,542,1,69.99,Average Regulars
28573,1913,1,69.99,At Risk (High Value)
54588,553,1,69.99,Average Regulars
97525,890,1,69.99,Lost
97945,5,1,69.99,Average Regulars
95975,126,1,69.99,Average Regulars
67405,1268,1,69.99,Lost
74484,70,1,69.99,Average Regulars
9241,119,1,69.99,New Customers
14694,979,1,69.99,Average Regulars
43576,165,1,69.99,Average Regulars
48885,945,1,69.99,Average Regulars
7357,298,1,69.99,New Customers
17810,598,1,69.99,Average Regulars
35748,253,1,69.99,New Customers
37968,419,1,69.99,Average Regulars
71304,779,1,69.99,At Risk (High Value)
53247,525,1,69.99,Average Regulars
70424,856,1,69.99,Lost
37953,3,1,69.99,Average Regulars
1952,785,1,69.99,At Risk (High Value)
1370,2330,1,69.99,Average Regulars
97627,1585,1,69.99,Lost
62319,362,1,69.99,Average Regulars
98522,1383,1,69.99,Average Regulars
49108,1149,1,69.99,At Risk (High Value)
15390,131,1,69.99,Average Regulars
38539,471,1,69.99,Average Regulars
84430,39,1,69.99,New Customers
3275,1065,1,69.99,Average Regulars
50056,253,1,69.99,Average Regulars
50991,348,1,69.99,Average Regulars
32646,504,1,69.99,Average Regulars
21751,778,1,69.99,Lost
79924,792,1,69.99,At Risk (High Value)
77090,389,1,69.99,Average Regulars
44332,290,1,69.99,New Customers
27275,325,1,69.99,Average Regulars
92467,1381,1,69.98,Average Regulars
91057,1517,1,69.98,Lost
7884,636,1,69.98,Average Regulars
77914,990,2,69.98,At Risk (High Value)
68322,656,1,69.98,At Risk (High Value)
54591,56,1,69.98,New Customers
99129,357,1,69.98,Average Regulars
83525,425,1,69.98,Average Regulars
87702,355,1,69.98,Average Regulars
6015,249,1,69.98,Average Regulars
93183,610,1,69.98,Average Regulars
67861,1693,1,69.98,At Risk (High Value)
3245,768,1,69.98,At Risk (High Value)
43403,299,1,69.98,New Customers
2601,41,1,69.98,Average Regulars
67425,1107,1,69.98,Average Regulars
76197,570,1,69.97,Average Regulars
73785,128,2,69.97,Average Regulars
43018,12,1,69.96,New Customers
31765,40,1,69.95,New Customers
92771,1800,1,69.95,Average Regulars
1527,580,1,69.95,Average Regulars
29633,127,1,69.95,New Customers
13776,60,1,69.95,Average Regulars
12473,250,1,69.95,Average Regulars
67819,1827,1,69.95,Lost
52137,520,1,69.95,Average Regulars
87158,2381,1,69.95,Lost
77585,1358,1,69.95,Lost
41916,328,1,69.95,Average Regulars
1789,254,1,69.95,Average Regulars
89958,159,1,69.95,Average Regulars
44930,1008,1,69.95,Lost
34039,349,1,69.95,Average Regulars
58846,1783,1,69.95,Average Regulars
51354,882,1,69.95,Lost
91687,862,1,69.95,At Risk (High Value)
56566,1548,1,69.95,At Risk (High Value)
52867,47,1,69.95,New Customers
53961,11,1,69.95,New Customers
46596,340,1,69.95,Average Regulars
17572,1413,1,69.95,Average Regulars
92383,128,1,69.95,New Customers
8965,558,1,69.95,Average Regulars
60970,392,1,69.95,Average Regulars
62222,1134,1,69.95,Average Regulars
49674,777,1,69.95,Lost
80546,642,1,69.95,Average Regulars
83065,2049,1,69.95,Average Regulars
52979,9,1,69.95,Average Regulars
78566,1683,1,69.95,Lost
21530,2264,1,69.95,Average Regulars
60554,1742,1,69.95,Lost
46658,266,1,69.95,Average Regulars
31922,669,1,69.95,At Risk (High Value)
56160,1446,1,69.95,Lost
51229,1093,1,69.95,Average Regulars
15550,5,1,69.95,Average Regulars
1282,1986,1,69.95,At Risk (High Value)
51973,975,1,69.95,Average Regulars
90958,1226,1,69.95,At Risk (High Value)
22305,1059,1,69.95,Average Regulars
91958,815,1,69.95,Lost
87441,1608,1,69.95,At Risk (High Value)
21315,461,1,69.95,Average Regulars
13092,831,1,69.95,Lost
58473,667,1,69.95,Lost
75024,92,1,69.95,Average Regulars
56538,1863,1,69.95,Average Regulars
79573,188,1,69.95,Average Regulars
26207,509,1,69.95,Average Regulars
53266,397,1,69.95,Average Regulars
8195,90,1,69.95,Average Regulars
18252,377,1,69.95,Average Regulars
61411,621,1,69.95,Average Regulars
39890,1324,1,69.95,At Risk (High Value)
18360,1228,1,69.95,At Risk (High Value)
73691,603,1,69.95,Average Regulars
58705,68,1,69.95,Average Regulars
86647,130,1,69.95,New Customers
9134,1782,1,69.95,Lost
64647,468,1,69.95,Average Regulars
71363,1793,1,69.95,Lost
13743,985,1,69.95,Lost
85481,399,1,69.95,Average Regulars
10952,1544,1,69.95,Lost
80653,1271,1,69.95,At Risk (High Value)
16864,320,1,69.95,New Customers
61394,207,1,69.95,Average Regulars
42053,970,1,69.95,Average Regulars
31554,1881,1,69.94,At Risk (High Value)
88622,1125,2,69.94,At Risk (High Value)
1701,623,1,69.94,Average Regulars
63373,1576,1,69.94,At Risk (High Value)
25065,785,1,69.94,Lost
15847,750,1,69.94,At Risk (High Value)
58384,429,1,69.93,Average Regulars
95695,159,1,69.93,Average Regulars
5000,184,1,69.9,Average Regulars
19841,1109,1,69.9,Lost
71867,139,1,69.9,New Customers
16151,1626,1,69.88,At Risk (High Value)
49172,1,1,69.88,Average Regulars
8254,1592,1,69.83,At Risk (High Value)
16636,9,1,69.82,Average Regulars
70530,579,1,69.81,Average Regulars
7726,393,1,69.81,Average Regulars
99509,1159,1,69.8,At Risk (High Value)
17598,12,2,69.79,Average Regulars
95718,1126,1,69.79,Lost
90863,1156,1,69.76,Average Regulars
95290,2027,1,69.71,Average Regulars
31401,762,1,69.67,At Risk (High Value)
14790,894,1,69.63,Average Regulars
56357,571,1,69.63,Average Regulars
20702,1630,1,69.63,Lost
95076,643,1,69.59,Average Regulars
65301,4,1,69.59,New Customers
86843,1117,1,69.59,Lost
15113,876,1,69.54,Lost
47301,226,1,69.51,New Customers
17892,667,1,69.5,At Risk (High Value)
46897,911,1,69.5,Lost
31627,80,1,69.5,Average Regulars
4383,6,1,69.5,Average Regulars
95380,7,1,69.5,New Customers
37312,678,1,69.5,Lost
56105,127,1,69.5,New Customers
85264,1117,1,69.5,Average Regulars
83347,865,1,69.5,Lost
43143,753,1,69.5,Lost
35878,5,1,69.5,Average Regulars
10116,554,1,69.5,Average Regulars
45392,551,1,69.5,Average Regulars
62595,2245,1,69.5,At Risk (High Value)
63091,128,1,69.5,Average Regulars
31567,621,1,69.5,Average Regulars
75732,230,1,69.5,New Customers
93010,587,1,69.5,Average Regulars
40603,341,1,69.5,Average Regulars
20453,673,1,69.5,At Risk (High Value)
75786,1253,1,69.5,Lost
28463,4,1,69.5,Average Regulars
90292,1541,1,69.5,At Risk (High Value)
86209,802,1,69.5,Lost
53208,1145,1,69.5,Average Regulars
39979,383,1,69.5,Average Regulars
54183,16,1,69.5,New Customers
75894,308,1,69.5,Average Regulars
69381,12,1,69.5,New Customers
10226,750,1,69.5,At Risk (High Value)
14240,1825,1,69.5,Lost
76382,201,1,69.5,Average Regulars
55674,484,1,69.5,Average Regulars
38044,1185,1,69.5,Lost
71456,131,1,69.5,New Customers
61704,680,1,69.5,Lost
71872,21,1,69.5,Average Regulars
57486,254,1,69.5,New Customers
3750,944,1,69.5,Average Regulars
53677,1520,1,69.5,Average Regulars
24789,132,1,69.5,Average Regulars
64750,639,1,69.5,Average Regulars
60723,1029,1,69.5,Lost
2008,158,1,69.5,Average Regulars
59413,30,1,69.5,Average Regulars
42644,1610,1,69.5,At Risk (High Value)
21772,710,1,69.5,Lost
16944,1518,1,69.5,Average Regulars
76056,208,1,69.5,New Customers
53148,527,1,69.5,Average Regulars
92548,40,1,69.5,Average Regulars
43598,1415,1,69.5,Average Regulars
45923,369,1,69.5,Average Regulars
98374,678,1,69.5,At Risk (High Value)
2986,600,1,69.5,Average Regulars
48260,193,1,69.5,New Customers
94042,1258,1,69.5,Lost
7143,2180,1,69.5,At Risk (High Value)
28863,105,1,69.5,Average Regulars
53099,1016,1,69.5,Lost
13079,730,1,69.5,Lost
81438,681,1,69.5,At Risk (High Value)
90617,478,1,69.5,Average Regulars
57542,1076,1,69.5,Average Regulars
28255,42,1,69.5,New Customers
63101,18,1,69.5,Average Regulars
73377,71,1,69.5,Average Regulars
31456,1573,1,69.5,Lost
40755,1248,1,69.5,Lost
78016,932,1,69.5,Average Regulars
22023,36,1,69.5,New Customers
28209,341,1,69.5,Average Regulars
20115,156,1,69.5,Average Regulars
310,1630,1,69.5,At Risk (High Value)
3627,296,1,69.5,Average Regulars
66884,453,1,69.5,Average Regulars
71086,137,1,69.5,New Customers
17400,593,1,69.5,Average Regulars
36886,1473,1,69.5,Lost
99119,443,1,69.5,Average Regulars
57272,1484,1,69.5,Lost
66256,1061,1,69.5,Lost
50019,75,1,69.5,Average Regulars
56723,1261,1,69.5,Lost
11268,1315,1,69.5,Lost
92283,96,1,69.5,Average Regulars
30508,104,1,69.5,New Customers
79851,222,1,69.5,Average Regulars
73164,1386,1,69.5,Lost
39839,2300,1,69.5,At Risk (High Value)
25617,183,1,69.5,Average Regulars
21498,134,1,69.5,New Customers
46939,585,1,69.5,Average Regulars
37507,562,1,69.5,Average Regulars
68221,1146,1,69.5,At Risk (High Value)
21272,8,1,69.5,New Customers
53503,514,1,69.5,Average Regulars
74050,502,2,69.49,Average Regulars
17762,41,1,69.49,Average Regulars
79545,35,2,69.49,Average Regulars
88030,1954,2,69.49,At Risk (High Value)
374,1067,1,69.49,At Risk (High Value)
49668,1377,1,69.49,Lost
78141,1196,1,69.49,Lost
51959,479,2,69.49,Average Regulars
14363,1266,1,69.49,Lost
64125,80,1,69.46,New Customers
54663,691,1,69.46,Lost
71682,1610,1,69.45,Lost
56666,6,1,69.45,Average Regulars
7333,48,1,69.45,New Customers
35528,630,1,69.45,Average Regulars
90627,938,1,69.45,Average Regulars
60974,321,1,69.45,New Customers
89460,2132,1,69.45,Average Regulars
34023,1747,1,69.43,Average Regulars
96437,132,1,69.43,Average Regulars
21610,1378,1,69.4,Lost
47711,68,1,69.39,Average Regulars
4559,202,1,69.38,Average Regulars
70728,1937,1,69.3,Lost
90666,491,1,69.3,Average Regulars
48878,164,1,69.3,New Customers
74386,2286,1,69.3,Average Regulars
21524,38,1,69.3,New Customers
79375,1692,1,69.3,Lost
18216,69,1,69.3,Average Regulars
91193,157,2,69.29,Average Regulars
55554,706,1,69.26,At Risk (High Value)
89030,250,1,69.26,Average Regulars
94703,149,1,69.23,New Customers
93425,262,1,69.23,Average Regulars
16223,4,2,69.22,Average Regulars
50090,4,1,69.2,Average Regulars
26791,1121,1,69.2,Average Regulars
40174,659,1,69.16,Lost
3116,220,1,69.14,Average Regulars
22107,218,1,69.07,New Customers
70861,819,1,69.05,Lost
22158,987,1,69.0,Average Regulars
50154,1488,1,69.0,At Risk (High Value)
58366,1416,1,69.0,Average Regulars
73675,1083,1,69.0,Lost
74924,610,1,69.0,Average Regulars
80844,1390,1,69.0,Average Regulars
34879,159,1,69.0,Average Regulars
89847,859,1,69.0,At Risk (High Value)
96254,76,1,69.0,New Customers
49867,829,1,69.0,Lost
13012,170,1,69.0,New Customers
82144,76,1,69.0,Average Regulars
63239,5,1,69.0,New Customers
45420,682,1,69.0,At Risk (High Value)
83730,6,1,69.0,New Customers
49661,1354,1,69.0,At Risk (High Value)
37082,965,1,69.0,Lost
88880,1237,1,69.0,Lost
93762,1967,1,69.0,At Risk (High Value)
294,1336,1,69.0,Lost
79797,1308,1,69.0,At Risk (High Value)
81694,1901,1,69.0,At Risk (High Value)
87875,869,1,69.0,At Risk (High Value)
48806,51,1,69.0,Average Regulars
16522,263,2,69.0,Average Regulars
48975,984,1,69.0,Average Regulars
91858,596,1,69.0,Average Regulars
58555,4,1,69.0,Average Regulars
4847,19,1,69.0,Average Regulars
1871,1215,1,69.0,At Risk (High Value)
6171,115,1,69.0,Average Regulars
2399,1993,1,69.0,Lost
62697,70,1,69.0,Average Regulars
132,226,1,69.0,Average Regulars
88403,746,1,69.0,At Risk (High Value)
99546,338,1,69.0,Average Regulars
22985,158,1,69.0,New Customers
18953,694,1,69.0,At Risk (High Value)
18646,222,1,69.0,Average Regulars
81635,94,2,69.0,Average Regulars
95303,614,1,69.0,Average Regulars
15388,84,1,69.0,New Customers
23314,2378,1,69.0,At Risk (High Value)
79664,470,2,69.0,Average Regulars
25801,1941,1,69.0,Lost
75589,1165,1,69.0,Average Regulars
12541,76,1,69.0,Average Regulars
61301,75,1,69.0,Average Regulars
29918,749,1,69.0,Lost
31588,1064,1,69.0,Average Regulars
90867,148,1,69.0,Average Regulars
33032,44,1,69.0,New Customers
87156,254,1,69.0,Average Regulars
98822,296,1,69.0,New Customers
3451,808,1,69.0,At Risk (High Value)
12174,276,2,69.0,Average Regulars
89136,170,1,69.0,New Customers
76515,125,1,69.0,Average Regulars
7208,716,1,69.0,Lost
41408,4,1,69.0,Average Regulars
26624,235,1,69.0,Average Regulars
88033,764,1,69.0,Lost
89169,793,1,69.0,At Risk (High Value)
87532,1367,1,69.0,Lost
57711,1698,1,69.0,Lost
49868,474,1,69.0,Average Regulars
4178,742,1,69.0,At Risk (High Value)
76419,73,1,69.0,Average Regulars
6546,100,1,69.0,Average Regulars
63441,131,1,69.0,Average Regulars
49625,128,1,69.0,New Customers
81061,928,1,69.0,Average Regulars
89017,1557,1,69.0,Average Regulars
79281,576,1,69.0,Average Regulars
46949,44,1,69.0,Average Regulars
58256,258,1,69.0,New Customers
83645,215,1,69.0,Average Regulars
56696,842,1,69.0,At Risk (High Value)
24209,364,1,69.0,Average Regulars
86473,725,1,69.0,At Risk (High Value)
65069,82,1,69.0,Average Regulars
82722,94,1,69.0,Average Regulars
85678,4,1,69.0,Average Regulars
942,2332,1,69.0,At Risk (High Value)
99984,20,1,69.0,New Customers
48700,715,1,69.0,At Risk (High Value)
29296,1202,1,69.0,Lost
73263,139,1,69.0,Average Regulars
54404,495,1,68.99,Average Regulars
14324,254,1,68.99,New Customers
46111,124,1,68.99,Average Regulars
14200,704,1,68.99,At Risk (High Value)
34572,438,1,68.99,Average Regulars
17792,80,1,68.99,New Customers
31144,41,1,68.99,Average Regulars
73989,1298,1,68.99,At Risk (High Value)
18291,1387,1,68.99,Average Regulars
71074,348,1,68.99,Average Regulars
65127,939,1,68.98,Lost
37791,2,1,68.98,New Customers
98931,1789,1,68.98,Lost
28783,1879,1,68.98,At Risk (High Value)
85327,2396,1,68.97,At Risk (High Value)
67600,53,1,68.97,Average Regulars
15244,458,1,68.97,Average Regulars
55020,27,2,68.97,Average Regulars
82063,1510,1,68.97,Average Regulars
60239,2323,1,68.96,At Risk (High Value)
94576,1251,1,68.96,At Risk (High Value)
94597,893,1,68.96,Lost
38085,117,1,68.95,Average Regulars
60453,180,1,68.95,New Customers
73121,1239,1,68.95,Lost
98507,575,1,68.95,Average Regulars
1993,1192,1,68.95,At Risk (High Value)
63849,578,2,68.95,Average Regulars
24786,64,1,68.94,Average Regulars
20806,231,1,68.94,New Customers
69848,204,2,68.94,Average Regulars
4990,33,1,68.94,Average Regulars
16287,1073,1,68.93,Lost
89206,1427,1,68.91,Lost
63380,397,1,68.9,Average Regulars
94072,282,1,68.9,Average Regulars
49968,43,1,68.9,Average Regulars
25789,1,1,68.89,New Customers
20724,175,1,68.88,Average Regulars
20895,920,1,68.83,Lost
551,279,1,68.8,Average Regulars
48954,863,1,68.75,At Risk (High Value)
49631,11,2,68.74,Average Regulars
70537,1616,1,68.73,Lost
46842,614,2,68.7,Average Regulars
21849,74,1,68.7,Average Regulars
49724,523,1,68.7,Average Regulars
27019,376,1,68.69,Average Regulars
51749,1191,1,68.69,At Risk (High Value)
3731,2587,1,68.67,Lost
94571,31,2,68.65,Average Regulars
59772,388,1,68.65,Average Regulars
38328,5,1,68.65,New Customers
29478,427,1,68.65,Average Regulars
75928,15,1,68.65,New Customers
54438,272,1,68.65,Average Regulars
77621,1923,1,68.65,At Risk (High Value)
40549,1199,1,68.65,Lost
69361,696,1,68.65,Lost
95526,453,1,68.65,Average Regulars
79009,190,1,68.61,Average Regulars
51341,717,1,68.61,Lost
90797,554,1,68.6,Average Regulars
17040,1154,1,68.6,Average Regulars
34693,862,1,68.59,At Risk (High Value)
60166,332,1,68.55,Average Regulars
74036,155,3,68.51,Average Regulars
79818,313,2,68.5,Average Regulars
35418,1100,1,68.5,Average Regulars
64940,511,1,68.49,Average Regulars
50049,529,1,68.49,Average Regulars
86502,1219,1,68.49,At Risk (High Value)
3857,204,1,68.48,New Customers
66324,912,1,68.48,Lost
59247,223,1,68.47,New Customers
72543,859,1,68.46,Lost
58068,174,2,68.45,Average Regulars
89487,1476,1,68.44,At Risk (High Value)
54188,1223,2,68.42,At Risk (High Value)
12908,11,2,68.41,Average Regulars
44628,318,1,68.32,New Customers
16471,422,1,68.28,Average Regulars
96432,1317,1,68.27,At Risk (High Value)
33258,1534,2,68.22,At Risk (High Value)
72677,579,2,68.22,Average Regulars
95583,1270,1,68.19,At Risk (High Value)
87455,819,2,68.16,At Risk (High Value)
61221,51,1,68.16,Average Regulars
52750,902,2,68.1,At Risk (High Value)
93163,74,2,68.1,Average Regulars
63558,160,1,68.05,New Customers
10640,1805,1,68.04,Average Regulars
40421,1218,1,68.04,At Risk (High Value)
72878,1307,1,68.04,At Risk (High Value)
28003,803,3,68.01,At Risk (High Value)
38336,496,1,68.0,Average Regulars
25644,894,1,68.0,Lost
98574,2116,1,68.0,Average Regulars
28118,91,1,68.0,Average Regulars
22500,1140,1,68.0,At Risk (High Value)
69826,1154,1,68.0,At Risk (High Value)
66750,1263,1,68.0,Lost
39248,628,1,68.0,Average Regulars
30034,551,1,68.0,Average Regulars
28491,526,1,68.0,Average Regulars
35583,1632,1,68.0,Lost
13888,9,1,68.0,Average Regulars
80960,725,1,68.0,Lost
97285,353,1,68.0,Average Regulars
19538,65,1,68.0,New Customers
83249,207,1,68.0,Average Regulars
9957,73,1,68.0,Average Regulars
66426,295,1,68.0,Average Regulars
34360,774,1,68.0,At Risk (High Value)
32779,1645,1,68.0,At Risk (High Value)
6741,908,1,68.0,Lost
72588,193,1,68.0,New Customers
30475,8,1,68.0,New Customers
88851,502,1,68.0,Average Regulars
47758,1905,1,68.0,Average Regulars
97419,1265,1,68.0,Lost
33952,200,1,68.0,New Customers
87513,378,1,68.0,Average Regulars
67536,327,1,68.0,Average Regulars
91852,512,1,68.0,Average Regulars
97027,436,1,68.0,Average Regulars
52417,1408,1,68.0,Lost
57355,67,1,68.0,New Customers
60893,141,1,68.0,Average Regulars
54036,5,1,68.0,Average Regulars
16226,4,2,68.0,Average Regulars
99144,658,1,68.0,Lost
9001,2071,1,68.0,Average Regulars
97958,1596,1,68.0,At Risk (High Value)
20274,1104,1,68.0,Average Regulars
31183,133,1,68.0,Average Regulars
90613,919,1,68.0,Average Regulars
20338,1479,1,68.0,At Risk (High Value)
1428,613,1,68.0,Average Regulars
53287,613,1,68.0,Average Regulars
74095,1211,1,68.0,At Risk (High Value)
80084,95,1,68.0,Average Regulars
55165,1650,1,68.0,At Risk (High Value)
3873,13,1,68.0,New Customers
2415,504,1,68.0,Average Regulars
14687,475,1,68.0,Average Regulars
66423,7,1,68.0,Average Regulars
53574,819,1,68.0,At Risk (High Value)
36748,1765,1,68.0,Lost
59336,1015,1,68.0,Lost
24861,1371,1,68.0,Lost
12406,671,1,68.0,Lost
96955,26,1,68.0,Average Regulars
51460,6,1,68.0,New Customers
11566,132,1,68.0,Average Regulars
33439,1193,1,68.0,Lost
9381,793,1,68.0,Lost
58767,1339,1,68.0,At Risk (High Value)
91036,801,1,68.0,At Risk (High Value)
60872,2307,1,68.0,Lost
36411,1574,1,68.0,Average Regulars
25194,1272,1,68.0,At Risk (High Value)
8822,1412,1,68.0,Lost
33002,457,1,68.0,Average Regulars
7477,634,1,68.0,Average Regulars
50597,237,1,68.0,Average Regulars
95802,97,1,68.0,Average Regulars
1837,879,1,68.0,Lost
37020,187,1,68.0,New Customers
16966,199,1,68.0,New Customers
30086,1880,1,68.0,At Risk (High Value)
55797,122,1,68.0,New Customers
90426,121,1,68.0,New Customers
23458,5,1,68.0,Average Regulars
68381,647,1,68.0,Average Regulars
12213,617,1,68.0,Average Regulars
66681,523,1,68.0,Average Regulars
60855,101,1,68.0,Average Regulars
26564,29,1,68.0,New Customers
30088,240,1,68.0,Average Regulars
50397,572,1,68.0,Average Regulars
90209,800,1,68.0,Lost
67171,1505,1,68.0,At Risk (High Value)
61877,527,1,68.0,Average Regulars
70136,289,1,68.0,Average Regulars
95382,2637,1,68.0,Lost
86057,213,1,67.99,Average Regulars
25838,639,1,67.99,Average Regulars
14806,4,1,67.99,New Customers
62133,541,1,67.99,Average Regulars
85794,29,1,67.99,Average Regulars
45122,1197,1,67.99,Lost
11817,2397,1,67.99,At Risk (High Value)
65771,987,1,67.99,Average Regulars
41048,46,1,67.99,Average Regulars
5179,257,1,67.99,New Customers
24119,532,1,67.99,Average Regulars
41702,142,1,67.99,Average Regulars
79784,44,1,67.99,Average Regulars
92542,425,1,67.99,Average Regulars
42716,1251,1,67.99,Lost
91375,96,1,67.99,Average Regulars
93640,1623,1,67.99,Lost
24000,265,1,67.99,Average Regulars
20248,128,1,67.99,Average Regulars
98232,2251,1,67.98,Lost
26951,451,3,67.98,Average Regulars
30216,54,1,67.98,Average Regulars
55515,22,2,67.98,Average Regulars
65182,325,1,67.98,Average Regulars
54212,353,1,67.98,Average Regulars
34757,326,2,67.98,Average Regulars
15499,1158,1,67.97,At Risk (High Value)
3178,2039,1,67.95,Lost
98000,73,1,67.95,New Customers
85280,1044,1,67.95,Lost
76780,115,1,67.95,Average Regulars
82552,1497,1,67.95,Average Regulars
99075,63,1,67.95,Average Regulars
97858,1021,1,67.95,Lost
53707,62,1,67.95,Average Regulars
76370,2413,1,67.95,Average Regulars
20714,2371,1,67.95,At Risk (High Value)
97197,1053,2,67.94,At Risk (High Value)
51565,421,1,67.94,Average Regulars
36222,307,1,67.94,Average Regulars
56,1526,1,67.94,Lost
54120,179,1,67.94,Average Regulars
8367,1781,1,67.93,Lost
77813,11,2,67.92,Average Regulars
13656,846,1,67.92,At Risk (High Value)
77640,293,1,67.91,New Customers
31363,229,1,67.88,New Customers
93197,592,1,67.88,Average Regulars
44702,170,1,67.85,New Customers
9647,1372,1,67.81,Lost
31976,366,1,67.77,Average Regulars
62443,1605,1,67.71,At Risk (High Value)
10397,207,1,67.65,Average Regulars
4005,68,2,67.63,Average Regulars
72948,213,1,67.56,New Customers
44140,1232,1,67.53,At Risk (High Value)
60608,1894,1,67.51,At Risk (High Value)
97154,922,1,67.5,Lost
61061,174,1,67.5,New Customers
72431,2236,1,67.5,Lost
32732,936,1,67.5,Lost
90509,625,1,67.5,Average Regulars
68413,1031,1,67.5,At Risk (High Value)
48786,74,1,67.5,Average Regulars
25214,311,1,67.49,New Customers
36489,1599,1,67.49,Lost
67698,421,1,67.48,Average Regulars
45934,610,1,67.47,Average Regulars
65638,56,1,67.47,Average Regulars
85570,238,1,67.47,New Customers
44540,438,1,67.45,Average Regulars
58941,51,2,67.44,Average Regulars
959,699,1,67.43,Lost
75223,812,1,67.42,Lost
14812,604,1,67.35,Average Regulars
45404,2246,1,67.27,Lost
46756,155,1,67.26,New Customers
67917,366,1,67.24,Average Regulars
93771,155,1,67.2,New Customers
95459,529,1,67.2,Average Regulars
75185,1128,1,67.18,Lost
96101,2015,1,67.16,Lost
68142,838,1,67.15,At Risk (High Value)
15961,62,1,67.12,Average Regulars
59594,834,1,67.05,Lost
17296,111,1,67.02,Average Regulars
3309,1067,1,67.01,Lost
48634,2543,1,67.0,Average Regulars
3771,98,2,67.0,Average Regulars
42105,6,1,67.0,Average Regulars
15246,134,1,67.0,New Customers
44062,48,1,67.0,New Customers
61117,2,1,67.0,New Customers
91170,3,1,67.0,New Customers
69594,786,1,67.0,Lost
45195,863,1,67.0,At Risk (High Value)
31408,2533,1,67.0,At Risk (High Value)
39144,5,2,67.0,Average Regulars
46181,31,1,67.0,New Customers
89850,193,1,67.0,New Customers
94041,60,1,67.0,Average Regulars
9002,25,1,67.0,Average Regulars
23807,1084,1,66.99,Lost
71895,439,1,66.99,Average Regulars
11488,742,1,66.99,Lost
15250,266,1,66.99,Average Regulars
36955,1,1,66.99,Average Regulars
66024,550,1,66.99,Average Regulars
80903,114,1,66.99,Average Regulars
39306,1424,1,66.99,Lost
33346,58,1,66.99,Average Regulars
19117,600,2,66.99,Average Regulars
9904,993,2,66.99,At Risk (High Value)
98702,291,1,66.99,Average Regulars
90731,2447,1,66.99,Lost
23772,160,1,66.99,New Customers
8342,940,1,66.99,Lost
64330,1423,1,66.99,Lost
64811,954,1,66.99,Lost
73290,231,2,66.99,Average Regulars
16292,166,1,66.99,Average Regulars
40781,1180,2,66.98,At Risk (High Value)
58642,1457,1,66.98,Average Regulars
97814,204,1,66.98,Average Regulars
15994,412,1,66.98,Average Regulars
99501,1665,2,66.98,At Risk (High Value)
94877,0,1,66.98,Average Regulars
10694,1189,1,66.98,Lost
92274,506,1,66.98,Average Regulars
76918,186,1,66.96,Average Regulars
50782,1141,1,66.96,Average Regulars
76821,314,1,66.96,Average Regulars
34883,563,1,66.96,Average Regulars
37777,705,1,66.96,At Risk (High Value)
24771,610,1,66.95,Average Regulars
63512,270,1,66.95,Average Regulars
25396,127,1,66.95,Average Regulars
9555,359,2,66.95,Average Regulars
1205,439,1,66.95,Average Regulars
25750,952,1,66.94,Average Regulars
45571,400,1,66.94,Average Regulars
48976,175,1,66.94,Average Regulars
19796,634,1,66.94,Average Regulars
78160,228,2,66.9,Average Regulars
24614,1036,2,66.83,At Risk (High Value)
28419,278,2,66.82,Average Regulars
79347,10,1,66.82,New Customers
42193,1322,1,66.79,At Risk (High Value)
76022,429,1,66.79,Average Regulars
10361,1160,1,66.77,Lost
73670,419,1,66.77,Average Regulars
82600,1059,1,66.77,At Risk (High Value)
32227,602,2,66.75,Average Regulars
47255,25,1,66.73,Average Regulars
57285,1445,1,66.73,Lost
79566,14,1,66.73,Average Regulars
26362,168,1,66.7,New Customers
68110,1335,2,66.69,At Risk (High Value)
21774,14,2,66.63,Average Regulars
23745,799,1,66.62,Lost
63405,745,1,66.6,Lost
5849,331,1,66.58,Average Regulars
97743,24,1,66.58,New Customers
29288,1278,1,66.56,Lost
47332,2235,1,66.55,Lost
45874,234,1,66.54,New Customers
44679,19,1,66.53,New Customers
4923,633,1,66.5,Average Regulars
19765,1543,1,66.5,At Risk (High Value)
38624,1634,1,66.5,Lost
88629,568,1,66.5,Average Regulars
70294,311,1,66.5,Average Regulars
15991,210,1,66.5,New Customers
3723,50,1,66.49,Average Regulars
93435,475,1,66.45,Average Regulars
41881,34,2,66.4,Average Regulars
75888,585,2,66.37,Average Regulars
65648,61,1,66.35,Average Regulars
71467,1513,1,66.33,Average Regulars
21418,337,2,66.31,Average Regulars
73465,1440,1,66.3,Average Regulars
76984,804,1,66.28,Lost
26498,2037,1,66.28,Average Regulars
15667,605,1,66.28,Average Regulars
49588,1079,2,66.27,At Risk (High Value)
21844,542,2,66.25,Average Regulars
46266,49,1,66.21,New Customers
86349,721,1,66.21,At Risk (High Value)
74155,1327,1,66.17,At Risk (High Value)
28562,280,1,66.17,New Customers
20514,845,2,66.17,At Risk (High Value)
77104,262,1,66.17,Average Regulars
47643,1942,1,66.17,Lost
64564,40,2,66.12,Average Regulars
36671,1822,1,66.12,Average Regulars
6422,1603,1,66.05,At Risk (High Value)
38107,501,1,66.0,Average Regulars
59250,2454,1,66.0,Lost
71752,333,1,66.0,Average Regulars
83344,197,1,66.0,New Customers
67073,1125,1,66.0,Average Regulars
55208,1494,1,66.0,Lost
27704,2200,1,66.0,At Risk (High Value)
43249,944,1,66.0,Average Regulars
13666,540,1,66.0,Average Regulars
32663,976,1,66.0,Average Regulars
6057,337,1,66.0,Average Regulars
94166,211,1,66.0,Average Regulars
57162,688,1,66.0,Lost
59121,663,1,66.0,Lost
22270,1411,1,66.0,Lost
31754,1417,1,66.0,Lost
97933,383,1,66.0,Average Regulars
44634,855,2,66.0,At Risk (High Value)
6491,381,1,66.0,Average Regulars
70719,159,1,66.0,New Customers
66,347,1,66.0,Average Regulars
80192,151,1,66.0,Average Regulars
9319,1017,1,66.0,Average Regulars
24842,771,1,66.0,Lost
61837,1827,1,65.99,At Risk (High Value)
86740,707,1,65.99,Lost
29297,144,1,65.99,New Customers
76053,2508,1,65.99,Lost
98996,238,1,65.99,New Customers
422,1145,1,65.99,At Risk (High Value)
99897,303,1,65.99,Average Regulars
49209,52,1,65.99,New Customers
84411,480,1,65.99,Average Regulars
77112,611,1,65.99,Average Regulars
65371,847,2,65.99,At Risk (High Value)
29203,52,1,65.99,New Customers
52378,338,1,65.99,Average Regulars
15624,12,1,65.99,New Customers
61805,2093,1,65.99,Lost
46280,348,1,65.99,Average Regulars
66725,1318,1,65.99,Lost
10530,147,1,65.99,Average Regulars
13391,698,2,65.99,At Risk (High Value)
99905,1463,1,65.99,Average Regulars
51175,454,1,65.99,Average Regulars
96593,0,1,65.99,Average Regulars
85502,1350,1,65.99,Lost
94469,4,1,65.98,New Customers
83406,633,1,65.98,Average Regulars
60551,532,2,65.98,Average Regulars
62932,1289,1,65.98,At Risk (High Value)
5821,222,1,65.98,New Customers
39022,103,2,65.97,Average Regulars
62768,521,1,65.97,Average Regulars
61561,46,1,65.97,New Customers
47612,961,1,65.95,Lost
80691,358,1,65.95,Average Regulars
11564,2459,1,65.95,Lost
66174,147,1,65.95,New Customers
99705,151,1,65.95,Average Regulars
89767,525,1,65.95,Average Regulars
12894,1731,1,65.94,Lost
36918,76,1,65.94,New Customers
95660,378,1,65.94,Average Regulars
66411,202,1,65.94,Average Regulars
43704,271,1,65.94,New Customers
89468,540,2,65.92,Average Regulars
37962,1050,1,65.9,At Risk (High Value)
97403,671,2,65.89,At Risk (High Value)
62359,914,1,65.86,Lost
9551,29,2,65.86,Average Regulars
82880,58,1,65.8,Average Regulars
27640,1131,1,65.78,Lost
19408,256,1,65.75,Average Regulars
18848,2485,1,65.68,Lost
65759,1414,1,65.66,Lost
42829,341,1,65.61,Average Regulars
36768,442,1,65.61,Average Regulars
54962,434,1,65.6,Average Regulars
88245,650,1,65.5,Average Regulars
73916,1122,1,65.5,At Risk (High Value)
18739,83,1,65.5,New Customers
83323,550,1,65.45,Average Regulars
40774,869,1,65.45,At Risk (High Value)
56928,448,1,65.43,Average Regulars
94274,181,1,65.4,New Customers
32292,311,1,65.4,Average Regulars
19956,100,2,65.37,Average Regulars
1081,6,1,65.35,Average Regulars
73144,316,1,65.35,Average Regulars
3564,309,1,65.35,Average Regulars
27342,844,1,65.35,Lost
29429,212,2,65.35,Average Regulars
20273,788,1,65.3,Lost
76156,484,1,65.25,Average Regulars
44976,915,1,65.21,Average Regulars
63723,1831,1,65.21,At Risk (High Value)
47822,129,1,65.21,Average Regulars
14718,1956,1,65.17,Lost
83366,194,1,65.17,New Customers
73584,1188,1,65.13,Lost
21768,261,1,65.0,New Customers
3328,932,1,65.0,Lost
12819,81,1,65.0,Average Regulars
37411,1488,1,65.0,At Risk (High Value)
25164,380,1,65.0,Average Regulars
76564,1587,1,65.0,Lost
3971,709,1,65.0,At Risk (High Value)
84124,612,1,65.0,Average Regulars
979,16,1,65.0,Average Regulars
34342,727,1,65.0,Lost
49068,1457,1,65.0,Average Regulars
26366,168,1,65.0,New Customers
28981,303,1,65.0,New Customers
71897,1350,1,65.0,At Risk (High Value)
60367,602,1,65.0,Average Regulars
33758,256,1,65.0,Average Regulars
85523,1048,1,65.0,Lost
51814,440,1,65.0,Average Regulars
84635,398,1,65.0,Average Regulars
39926,5,1,65.0,Average Regulars
13926,84,1,65.0,Average Regulars
67886,2606,1,65.0,Lost
45588,178,1,65.0,New Customers
17540,1526,1,65.0,Lost
62954,415,1,65.0,Average Regulars
44184,1151,1,65.0,At Risk (High Value)
22739,35,1,65.0,Average Regulars
14005,1532,1,65.0,Average Regulars
69148,1306,1,65.0,At Risk (High Value)
48992,496,1,65.0,Average Regulars
75250,189,1,65.0,New Customers
7875,44,1,65.0,New Customers
39001,612,1,65.0,Average Regulars
41382,814,1,65.0,At Risk (High Value)
66065,195,1,65.0,New Customers
50642,1802,1,65.0,Average Regulars
29955,130,1,65.0,New Customers
25693,426,1,65.0,Average Regulars
53187,304,1,65.0,New Customers
13798,1152,1,65.0,Lost
91194,1543,1,65.0,Average Regulars
75276,292,1,65.0,New Customers
5560,951,1,65.0,Lost
57387,1063,1,65.0,At Risk (High Value)
86796,1182,1,65.0,Lost
87774,297,1,65.0,New Customers
81057,328,1,65.0,Average Regulars
26537,81,1,65.0,Average Regulars
99297,593,1,65.0,Average Regulars
71977,313,1,65.0,Average Regulars
93992,64,1,65.0,Average Regulars
58119,144,1,65.0,New Customers
83209,2291,1,65.0,Average Regulars
64694,101,1,65.0,Average Regulars
30553,706,1,65.0,At Risk (High Value)
95569,111,1,65.0,Average Regulars
3838,126,1,65.0,Average Regulars
40970,1000,1,65.0,Lost
75480,850,1,65.0,Lost
36780,1943,1,65.0,Lost
7644,6,1,65.0,Average Regulars
26344,526,1,65.0,Average Regulars
67983,592,1,65.0,Average Regulars
33907,1007,1,65.0,Average Regulars
37175,841,1,65.0,Lost
22971,968,1,65.0,Lost
40740,350,1,65.0,Average Regulars
30279,1396,1,65.0,Average Regulars
33352,560,1,65.0,Average Regulars
98364,709,1,65.0,Lost
91024,497,1,65.0,Average Regulars
91929,80,1,65.0,Average Regulars
77745,970,1,65.0,Lost
73560,225,1,65.0,New Customers
27205,577,1,65.0,Average Regulars
35707,1058,1,65.0,Lost
75051,157,1,65.0,New Customers
85086,146,1,65.0,New Customers
21210,447,1,65.0,Average Regulars
69962,916,1,65.0,Lost
26760,6,1,65.0,Average Regulars
41208,223,1,65.0,Average Regulars
9880,1707,1,65.0,Lost
47698,318,1,65.0,Average Regulars
9293,519,1,65.0,Average Regulars
52838,16,1,65.0,Average Regulars
57848,1162,1,65.0,At Risk (High Value)
37013,2457,1,65.0,At Risk (High Value)
30159,60,1,65.0,Average Regulars
64433,1513,1,65.0,Average Regulars
31000,1350,1,65.0,Lost
91415,64,1,65.0,Average Regulars
49370,702,1,65.0,At Risk (High Value)
63686,527,1,65.0,Average Regulars
49332,1904,1,65.0,Lost
35743,1313,1,65.0,At Risk (High Value)
62829,418,1,65.0,Average Regulars
46291,74,1,65.0,New Customers
4375,1625,1,65.0,At Risk (High Value)
40406,1844,1,65.0,Average Regulars
62645,116,1,65.0,Average Regulars
27490,633,1,65.0,Average Regulars
74251,19,1,65.0,New Customers
67161,1377,1,65.0,Average Regulars
23847,1803,1,65.0,Average Regulars
91392,322,1,65.0,Average Regulars
23725,193,1,65.0,New Customers
67645,710,1,65.0,At Risk (High Value)
4360,834,1,65.0,At Risk (High Value)
14547,1066,1,65.0,Average Regulars
86065,395,1,65.0,Average Regulars
72852,301,1,65.0,Average Regulars
93420,867,1,65.0,Lost
25850,871,1,65.0,Lost
89475,997,1,65.0,Lost
37078,159,1,65.0,New Customers
99086,215,1,65.0,Average Regulars
8306,1958,1,65.0,Lost
45068,913,1,65.0,Lost
12998,1273,1,65.0,Lost
43644,1679,1,65.0,At Risk (High Value)
31809,830,1,65.0,At Risk (High Value)
68077,253,1,65.0,Average Regulars
35608,834,1,65.0,At Risk (High Value)
68106,72,1,65.0,Average Regulars
74312,113,1,65.0,New Customers
68384,1719,1,64.99,Lost
36861,473,1,64.99,Average Regulars
88680,1369,1,64.99,Lost
3917,61,2,64.99,Average Regulars
64672,1714,1,64.99,At Risk (High Value)
32912,266,1,64.99,New Customers
14264,1281,1,64.99,Lost
84256,1942,1,64.99,Lost
6693,574,1,64.99,Average Regulars
25696,2371,1,64.99,Lost
90943,370,1,64.99,Average Regulars
92081,745,1,64.99,At Risk (High Value)
87298,1006,1,64.99,Average Regulars
64606,525,1,64.99,Average Regulars
10492,1233,2,64.99,At Risk (High Value)
88192,1261,1,64.99,At Risk (High Value)
56030,173,1,64.99,Average Regulars
29943,1349,1,64.99,Lost
32412,1370,1,64.99,Average Regulars
85284,849,1,64.99,At Risk (High Value)
287,91,1,64.99,Average Regulars
71547,297,1,64.99,Average Regulars
57388,102,1,64.99,New Customers
17352,1276,1,64.99,At Risk (High Value)
907,504,1,64.99,Average Regulars
40089,293,2,64.99,Average Regulars
90494,70,1,64.99,New Customers
30762,2,1,64.99,Average Regulars
47731,21,1,64.99,New Customers
53088,363,1,64.99,Average Regulars
78379,7,1,64.99,Average Regulars
30882,324,1,64.99,New Customers
95440,1210,1,64.99,At Risk (High Value)
73922,748,1,64.99,Lost
54645,486,1,64.99,Average Regulars
43163,30,2,64.98,Average Regulars
49520,1253,1,64.98,Lost
7272,130,1,64.98,New Customers
35870,283,1,64.98,Average Regulars
90592,1670,1,64.98,Lost
21908,33,1,64.98,New Customers
39855,1091,1,64.98,Lost
46203,1445,1,64.98,Average Regulars
78090,391,2,64.97,Average Regulars
1104,57,1,64.97,Average Regulars
61156,752,2,64.96,At Risk (High Value)
21534,28,1,64.95,Average Regulars
50487,679,1,64.95,Lost
55123,188,1,64.95,New Customers
84455,87,1,64.95,New Customers
9320,1120,1,64.95,Lost
53212,460,1,64.95,Average Regulars
35884,32,1,64.95,Average Regulars
24893,552,1,64.95,Average Regulars
19903,594,1,64.95,Average Regulars
45609,7,1,64.95,Average Regulars
39616,1024,1,64.95,Lost
39324,153,1,64.95,New Customers
17629,1326,1,64.95,At Risk (High Value)
26798,1210,1,64.95,Lost
90479,61,1,64.95,Average Regulars
34034,1780,1,64.95,Average Regulars
23736,130,1,64.95,Average Regulars
4851,20,1,64.95,Average Regulars
48662,751,1,64.95,At Risk (High Value)
62619,799,1,64.95,Lost
21231,1193,1,64.95,Lost
9889,39,1,64.95,New Customers
20139,403,1,64.95,Average Regulars
57648,200,1,64.95,New Customers
55863,565,1,64.95,Average Regulars
53120,472,1,64.95,Average Regulars
1232,1361,1,64.95,Lost
71248,94,1,64.95,New Customers
84222,668,1,64.95,Lost
79337,1539,1,64.95,Average Regulars
79592,1006,1,64.95,Average Regulars
57324,292,1,64.95,Average Regulars
55509,1270,1,64.95,At Risk (High Value)
23291,72,1,64.95,Average Regulars
99028,800,1,64.95,Lost
45677,2147,1,64.95,Lost
98044,342,1,64.95,Average Regulars
96726,928,1,64.94,Lost
43078,66,1,64.94,New Customers
52247,12,1,64.94,New Customers
89942,815,1,64.94,At Risk (High Value)
52964,1078,2,64.94,At Risk (High Value)
49535,1068,1,64.93,At Risk (High Value)
65322,1799,1,64.93,Lost
17318,189,1,64.93,New Customers
70198,1412,1,64.93,Average Regulars
11167,904,1,64.91,Lost
60535,8,1,64.9,Average Regulars
21429,114,1,64.9,Average Regulars
3189,5,2,64.89,Average Regulars
85462,247,2,64.89,Average Regulars
62806,39,1,64.87,New Customers
49549,545,1,64.83,Average Regulars
24354,514,1,64.8,Average Regulars
58253,1425,1,64.8,Average Regulars
76182,57,1,64.8,Average Regulars
57492,334,1,64.8,Average Regulars
87106,103,1,64.8,Average Regulars
73869,185,1,64.76,Average Regulars
22356,779,1,64.71,At Risk (High Value)
37932,328,1,64.69,Average Regulars
1453,1023,1,64.63,Lost
18232,5,1,64.58,Average Regulars
7642,45,1,64.52,Average Regulars
40171,122,1,64.52,Average Regulars
88967,1372,1,64.52,Average Regulars
99342,309,1,64.52,New Customers
37520,420,1,64.52,Average Regulars
77856,1154,1,64.5,Lost
59683,2205,1,64.5,Lost
5291,410,1,64.5,Average Regulars
91918,197,1,64.5,New Customers
96996,29,1,64.5,Average Regulars
21220,370,2,64.5,Average Regulars
10188,90,1,64.5,Average Regulars
63920,23,1,64.5,Average Regulars
7089,636,1,64.5,Average Regulars
88608,711,1,64.5,Lost
18416,28,2,64.5,Average Regulars
30104,388,1,64.5,Average Regulars
68407,612,1,64.5,Average Regulars
3450,93,1,64.5,Average Regulars
62231,49,1,64.5,Average Regulars
59322,1568,1,64.5,Lost
44141,150,1,64.5,New Customers
32522,385,1,64.5,Average Regulars
83009,647,1,64.5,Average Regulars
87496,108,1,64.49,New Customers
55188,712,2,64.49,At Risk (High Value)
59297,646,1,64.49,Average Regulars
28202,1542,1,64.49,At Risk (High Value)
50637,614,1,64.49,Average Regulars
93382,1481,1,64.49,Lost
12520,821,1,64.49,At Risk (High Value)
260,947,1,64.49,Lost
37413,401,1,64.48,Average Regulars
57604,1373,2,64.47,At Risk (High Value)
33844,396,1,64.43,Average Regulars
42459,399,1,64.41,Average Regulars
2906,46,1,64.4,New Customers
87978,232,2,64.31,Average Regulars
75917,1333,1,64.31,Lost
5384,1790,1,64.25,Lost
7233,823,1,64.23,At Risk (High Value)
8148,161,1,64.23,Average Regulars
31169,1717,1,64.16,Lost
55680,13,2,64.15,Average Regulars
99361,35,1,64.14,New Customers
98294,1132,1,64.13,At Risk (High Value)
50382,440,1,64.11,Average Regulars
95262,145,1,64.05,New Customers
66290,491,1,64.04,Average Regulars
29917,100,1,64.0,Average Regulars
67320,700,1,64.0,At Risk (High Value)
67177,177,1,64.0,New Customers
50603,2191,1,64.0,Lost
16883,41,1,64.0,New Customers
17390,448,1,64.0,Average Regulars
9890,996,1,64.0,Average Regulars
86282,1627,1,64.0,Lost
24883,35,1,64.0,New Customers
73683,1303,1,64.0,At Risk (High Value)
39338,1146,1,64.0,At Risk (High Value)
28740,403,1,64.0,Average Regulars
52996,188,1,64.0,New Customers
14155,566,1,64.0,Average Regulars
57541,353,1,64.0,Average Regulars
12208,73,1,64.0,Average Regulars
46029,959,1,64.0,Average Regulars
30472,240,1,64.0,New Customers
53343,427,1,64.0,Average Regulars
61406,73,1,64.0,Average Regulars
38904,1323,1,64.0,Lost
29837,431,1,64.0,Average Regulars
54418,4,1,64.0,Average Regulars
23967,135,1,64.0,New Customers
9775,1108,1,64.0,Average Regulars
3905,483,1,64.0,Average Regulars
12330,72,1,64.0,Average Regulars
2938,17,1,64.0,New Customers
82728,26,1,64.0,Average Regulars
56938,1150,1,64.0,At Risk (High Value)
11275,2565,1,64.0,At Risk (High Value)
98440,64,2,64.0,Average Regulars
58890,1339,1,64.0,At Risk (High Value)
97203,237,1,64.0,Average Regulars
82032,633,1,64.0,Average Regulars
98744,288,1,64.0,Average Regulars
66214,766,1,64.0,At Risk (High Value)
76331,1120,1,64.0,At Risk (High Value)
36539,907,1,64.0,Average Regulars
78405,959,1,64.0,Average Regulars
77590,882,1,63.99,Average Regulars
69866,176,1,63.99,Average Regulars
64961,501,2,63.99,Average Regulars
62716,74,1,63.99,Average Regulars
5628,18,2,63.99,Average Regulars
88013,54,1,63.99,New Customers
73671,550,1,63.99,Average Regulars
97479,733,2,63.99,At Risk (High Value)
19782,1812,1,63.99,Lost
32347,2,1,63.99,Average Regulars
80524,120,1,63.99,New Customers
14446,982,1,63.99,Average Regulars
65758,834,2,63.99,At Risk (High Value)
10927,584,1,63.99,Average Regulars
18083,838,2,63.99,At Risk (High Value)
89665,156,1,63.99,New Customers
52260,73,1,63.99,Average Regulars
54251,445,1,63.99,Average Regulars
76240,1586,1,63.99,At Risk (High Value)
23773,2015,1,63.98,At Risk (High Value)
61079,1437,1,63.98,Average Regulars
19718,118,1,63.98,New Customers
29041,493,1,63.98,Average Regulars
91712,310,1,63.98,New Customers
19634,245,1,63.98,Average Regulars
76256,1871,1,63.97,Lost
18359,95,1,63.97,Average Regulars
36965,128,2,63.97,Average Regulars
5517,413,1,63.97,Average Regulars
32277,740,1,63.97,At Risk (High Value)
33290,278,1,63.95,Average Regulars
69359,253,1,63.95,Average Regulars
16272,76,1,63.95,Average Regulars
738,987,1,63.95,Average Regulars
54767,295,1,63.95,New Customers
62138,1007,1,63.95,Average Regulars
80979,39,3,63.94,Average Regulars
94900,982,2,63.94,At Risk (High Value)
52401,572,2,63.93,Average Regulars
25467,956,3,63.88,At Risk (High Value)
67996,146,1,63.83,Average Regulars
42497,194,1,63.78,Average Regulars
43875,2123,1,63.78,Average Regulars
4789,1642,2,63.76,At Risk (High Value)
97655,79,1,63.75,New Customers
84959,126,1,63.75,New Customers
63075,106,1,63.75,Average Regulars
34167,239,1,63.66,New Customers
90443,455,1,63.65,Average Regulars
97164,4,1,63.65,New Customers
44712,1550,1,63.62,At Risk (High Value)
56480,2446,1,63.6,At Risk (High Value)
80662,113,1,63.6,Average Regulars
16037,867,1,63.6,Lost
35881,378,1,63.6,Average Regulars
91802,648,1,63.6,Average Regulars
93028,627,1,63.6,Average Regulars
99801,446,1,63.6,Average Regulars
12019,1512,1,63.57,Lost
57846,1702,1,63.55,At Risk (High Value)
26072,881,1,63.49,At Risk (High Value)
60667,1162,1,63.45,At Risk (High Value)
3668,109,1,63.44,Average Regulars
59627,1909,1,63.4,Lost
6261,604,1,63.39,Average Regulars
16688,281,1,63.28,New Customers
54233,224,2,63.18,Average Regulars
86141,934,1,63.18,Lost
70287,185,1,63.18,Average Regulars
17485,524,1,63.06,Average Regulars
93898,203,2,63.03,Average Regulars
31125,970,1,63.03,Average Regulars
41663,1141,1,63.0,At Risk (High Value)
21679,1406,1,63.0,Average Regulars
57228,1527,1,63.0,Lost
54277,201,1,63.0,New Customers
20034,59,1,63.0,Average Regulars
3883,77,1,63.0,New Customers
53443,948,1,63.0,Lost
94210,160,1,63.0,Average Regulars
55573,149,1,63.0,Average Regulars
57456,0,2,63.0,Average Regulars
56045,1556,1,63.0,At Risk (High Value)
94950,493,1,63.0,Average Regulars
31744,941,1,62.99,Lost
39120,203,2,62.99,Average Regulars
3284,25,2,62.99,Average Regulars
64054,686,1,62.99,Lost
47376,1476,1,62.99,Lost
36334,374,1,62.99,Average Regulars
2209,5,1,62.99,Average Regulars
50272,445,1,62.99,Average Regulars
96380,410,2,62.99,Average Regulars
59281,139,1,62.99,New Customers
96269,1215,1,62.99,Lost
25470,217,1,62.99,New Customers
56667,1020,2,62.99,At Risk (High Value)
20675,91,1,62.99,Average Regulars
15427,858,1,62.99,At Risk (High Value)
43290,2424,1,62.99,Average Regulars
80051,1575,1,62.99,At Risk (High Value)
47668,199,1,62.99,New Customers
56952,658,1,62.99,At Risk (High Value)
94451,248,2,62.98,Average Regulars
24006,1341,1,62.98,Lost
48854,1342,1,62.98,Lost
802,87,1,62.98,Average Regulars
5747,420,2,62.98,Average Regulars
46086,115,1,62.97,Average Regulars
55537,2141,1,62.95,Average Regulars
16951,249,1,62.95,New Customers
98186,859,1,62.95,Lost
38999,73,1,62.95,New Customers
18404,1859,1,62.95,Average Regulars
73690,504,1,62.95,Average Regulars
68048,251,1,62.95,New Customers
20861,179,1,62.94,Average Regulars
98236,296,1,62.94,Average Regulars
81026,17,1,62.94,New Customers
19487,1184,1,62.94,At Risk (High Value)
79968,851,1,62.9,Lost
18243,430,1,62.89,Average Regulars
31053,192,2,62.87,Average Regulars
91482,1522,1,62.8,Average Regulars
7423,177,2,62.79,Average Regulars
57083,629,1,62.76,Average Regulars
31229,18,2,62.75,Average Regulars
43363,547,2,62.75,Average Regulars
63177,477,1,62.72,Average Regulars
7874,684,2,62.65,At Risk (High Value)
52885,5,1,62.65,New Customers
76447,69,1,62.63,Average Regulars
17489,1340,1,62.6,At Risk (High Value)
37640,1894,1,62.58,At Risk (High Value)
93971,826,1,62.51,At Risk (High Value)
40480,2005,1,62.5,At Risk (High Value)
90750,1120,2,62.5,At Risk (High Value)
71270,321,1,62.5,New Customers
57385,201,1,62.49,New Customers
50059,1087,1,62.49,Average Regulars
97495,1118,2,62.49,At Risk (High Value)
52439,3,1,62.48,Average Regulars
21290,1462,1,62.47,Lost
82581,92,1,62.4,Average Regulars
78003,151,1,62.4,Average Regulars
30030,53,1,62.39,New Customers
50070,1114,1,62.37,Lost
63298,106,1,62.36,Average Regulars
61790,30,1,62.36,New Customers
38973,385,2,62.3,Average Regulars
46787,2170,1,62.3,At Risk (High Value)
94369,344,1,62.13,Average Regulars
74972,371,2,62.13,Average Regulars
65799,236,1,62.1,New Customers
87805,517,1,62.09,Average Regulars
17413,1239,1,62.05,Lost
2000,1702,1,62.02,At Risk (High Value)
88983,872,1,62.01,At Risk (High Value)
40945,2660,1,62.0,Average Regulars
92362,128,1,62.0,Average Regulars
50163,604,1,62.0,Average Regulars
95034,35,1,62.0,Average Regulars
32597,447,1,62.0,Average Regulars
82390,392,1,62.0,Average Regulars
57900,154,2,62.0,Average Regulars
7505,380,1,62.0,Average Regulars
24371,217,1,62.0,Average Regulars
55891,1603,1,62.0,At Risk (High Value)
96584,2306,1,62.0,At Risk (High Value)
33155,826,1,62.0,Lost
82902,28,1,62.0,Average Regulars
84128,2026,1,62.0,Lost
29436,87,2,62.0,Average Regulars
96966,410,1,62.0,Average Regulars
2687,367,1,62.0,Average Regulars
75918,560,1,62.0,Average Regulars
29200,735,1,62.0,At Risk (High Value)
56074,252,1,62.0,New Customers
58326,703,1,62.0,At Risk (High Value)
68281,5,1,62.0,Average Regulars
98565,668,1,62.0,Lost
93481,2020,1,62.0,Average Regulars
41356,358,1,62.0,Average Regulars
57976,842,1,62.0,Lost
35645,274,1,62.0,Average Regulars
63333,1602,1,62.0,Lost
270,150,1,62.0,Average Regulars
43303,315,1,62.0,Average Regulars
65366,5,1,62.0,Average Regulars
18196,1753,1,62.0,Average Regulars
96524,28,1,62.0,Average Regulars
21464,403,1,62.0,Average Regulars
48028,70,1,62.0,New Customers
4785,1517,1,62.0,Lost
33561,711,1,62.0,Lost
83263,78,1,62.0,Average Regulars
64540,616,1,62.0,Average Regulars
79813,1905,1,62.0,At Risk (High Value)
85924,635,1,62.0,Average Regulars
16497,427,1,62.0,Average Regulars
61587,114,1,62.0,Average Regulars
96224,482,1,62.0,Average Regulars
49782,738,1,62.0,Lost
33539,894,1,62.0,Average Regulars
96865,1774,1,62.0,Lost
19283,40,1,62.0,Average Regulars
31892,20,1,62.0,Average Regulars
48423,853,1,62.0,Lost
29897,554,1,62.0,Average Regulars
18727,1715,1,62.0,Lost
40189,19,1,62.0,New Customers
19353,1939,1,61.99,Lost
17312,828,1,61.99,Lost
43186,1452,2,61.99,At Risk (High Value)
75976,1852,1,61.99,Lost
74900,834,1,61.99,Lost
27993,438,1,61.99,Average Regulars
80929,525,1,61.99,Average Regulars
99403,884,1,61.99,Average Regulars
26590,19,2,61.99,Average Regulars
31853,15,1,61.99,Average Regulars
57608,1126,1,61.99,Lost
90874,312,1,61.99,Average Regulars
28377,606,1,61.99,Average Regulars
80292,297,2,61.99,Average Regulars
12227,20,1,61.99,New Customers
17831,221,2,61.99,Average Regulars
46686,79,1,61.99,Average Regulars
47966,354,2,61.99,Average Regulars
6619,451,1,61.99,Average Regulars
5708,2285,1,61.99,Lost
58540,2128,1,61.99,Average Regulars
2389,104,1,61.98,Average Regulars
84642,56,2,61.98,Average Regulars
47258,1620,1,61.98,At Risk (High Value)
75446,21,2,61.98,Average Regulars
26543,781,1,61.98,Lost
96294,1075,2,61.98,At Risk (High Value)
78040,114,2,61.97,Average Regulars
58716,653,1,61.95,Average Regulars
9146,740,1,61.95,At Risk (High Value)
97475,368,1,61.95,Average Regulars
61361,1363,1,61.95,Average Regulars
1694,2309,1,61.95,At Risk (High Value)
84200,148,1,61.95,Average Regulars
10036,425,1,61.95,Average Regulars
51591,300,1,61.95,New Customers
39067,124,1,61.95,Average Regulars
94687,240,2,61.94,Average Regulars
97016,1214,1,61.91,At Risk (High Value)
60032,231,2,61.9,Average Regulars
15095,1050,1,61.9,Lost
95247,835,1,61.89,At Risk (High Value)
34945,1345,1,61.88,At Risk (High Value)
93698,212,1,61.87,New Customers
38113,569,1,61.85,Average Regulars
9316,477,1,61.84,Average Regulars
28806,583,1,61.79,Average Regulars
17570,2118,1,61.79,Lost
60451,921,1,61.79,Average Regulars
73836,485,2,61.79,Average Regulars
18933,1113,2,61.78,At Risk (High Value)
24186,44,1,61.75,Average Regulars
7403,1175,1,61.74,At Risk (High Value)
43405,64,1,61.74,Average Regulars
11531,1135,1,61.74,Lost
95671,707,1,61.69,At Risk (High Value)
10947,760,1,61.67,Lost
30770,1838,2,61.62,At Risk (High Value)
15938,687,1,61.6,Lost
2782,8,1,61.6,New Customers
64818,105,1,61.58,Average Regulars
98573,1621,1,61.58,Lost
45652,1001,1,61.54,Average Regulars
34807,382,1,61.5,Average Regulars
93061,297,1,61.5,Average Regulars
58757,987,1,61.5,Average Regulars
74154,1477,1,61.5,Lost
30268,1244,1,61.5,Lost
20403,810,2,61.49,At Risk (High Value)
32737,691,2,61.49,At Risk (High Value)
26065,698,1,61.49,Lost
47259,12,1,61.48,Average Regulars
14170,1085,1,61.45,Average Regulars
77085,2148,1,61.45,Lost
90315,259,1,61.44,Average Regulars
85257,10,1,61.44,New Customers
71945,51,1,61.38,Average Regulars
93785,1723,1,61.38,Lost
56378,213,1,61.33,Average Regulars
87608,368,1,61.29,Average Regulars
88102,313,1,61.24,Average Regulars
872,2281,1,61.24,Lost
25436,340,1,61.24,Average Regulars
91236,48,1,61.24,New Customers
52390,935,1,61.22,Lost
15387,1211,1,61.21,Lost
99964,184,1,61.19,New Customers
49074,85,1,61.13,Average Regulars
93502,1263,1,61.12,At Risk (High Value)
95570,694,1,61.12,Lost
81977,211,1,61.12,New Customers
55539,1,1,61.08,New Customers
90625,75,1,61.0,New Customers
25788,482,1,61.0,Average Regulars
12122,1037,1,61.0,Lost
49945,603,1,61.0,Average Regulars
4088,4,1,61.0,New Customers
48331,1728,1,61.0,Lost
21069,1154,1,61.0,At Risk (High Value)
40658,772,1,61.0,Lost
25144,1245,1,61.0,Lost
69796,457,1,61.0,Average Regulars
66257,1173,1,61.0,At Risk (High Value)
42233,301,1,61.0,New Customers
59019,494,1,61.0,Average Regulars
57340,218,1,61.0,Average Regulars
76013,926,1,61.0,Average Regulars
75238,71,1,61.0,Average Regulars
5309,562,1,61.0,Average Regulars
12929,632,2,61.0,Average Regulars
32860,1724,1,61.0,At Risk (High Value)
86408,572,2,61.0,Average Regulars
76870,943,1,61.0,Lost
1313,1485,1,60.99,Lost
31334,2075,1,60.99,Lost
16519,73,1,60.99,Average Regulars
77218,1903,1,60.99,Average Regulars
83267,1245,1,60.99,Lost
33634,514,1,60.99,Average Regulars
36874,188,2,60.99,Average Regulars
94622,474,1,60.99,Average Regulars
86362,1383,1,60.99,Average Regulars
53494,577,1,60.99,Average Regulars
70665,1824,1,60.98,Lost
74425,143,2,60.98,Average Regulars
32025,3,1,60.98,Average Regulars
21297,304,1,60.97,New Customers
10992,39,1,60.97,New Customers
36817,1426,1,60.97,Average Regulars
68436,2252,1,60.95,Average Regulars
96177,62,1,60.95,Average Regulars
46231,237,1,60.95,Average Regulars
73495,349,2,60.95,Average Regulars
40,1809,1,60.95,Lost
25492,146,1,60.94,Average Regulars
69224,2015,1,60.94,At Risk (High Value)
23067,147,1,60.94,Average Regulars
31656,954,1,60.92,Lost
27667,198,1,60.9,New Customers
65164,693,1,60.89,Lost
54221,488,1,60.83,Average Regulars
57908,2300,1,60.8,Lost
40501,26,1,60.78,Average Regulars
42008,79,1,60.76,Average Regulars
21366,699,1,60.76,At Risk (High Value)
10168,118,1,60.75,Average Regulars
34305,230,1,60.75,New Customers
5150,238,1,60.72,Average Regulars
47357,1209,1,60.67,At Risk (High Value)
72694,1352,1,60.58,Lost
80978,71,1,60.56,Average Regulars
21341,2450,1,60.55,Average Regulars
41096,1037,1,60.54,Lost
18888,29,1,60.52,Average Regulars
99242,246,2,60.49,Average Regulars
43017,944,1,60.48,Lost
92781,709,1,60.41,At Risk (High Value)
33166,956,1,60.4,Lost
4592,105,1,60.39,Average Regulars
99054,292,1,60.37,New Customers
72683,215,1,60.37,New Customers
80622,161,2,60.36,Average Regulars
91550,2297,1,60.33,Lost
39678,87,1,60.32,Average Regulars
97595,559,1,60.31,Average Regulars
82920,142,1,60.3,New Customers
4797,636,1,60.27,Average Regulars
65551,173,1,60.27,Average Regulars
7185,281,1,60.27,Average Regulars
92145,496,2,60.18,Average Regulars
76424,1533,1,60.16,Lost
24979,397,1,60.11,Average Regulars
6044,22,1,60.11,Average Regulars
24754,147,1,60.08,Average Regulars
84744,177,1,60.03,Average Regulars
38277,685,1,60.03,Lost
65514,1648,2,60.03,At Risk (High Value)
41062,1780,1,60.02,Average Regulars
97106,44,1,60.0,New Customers
84365,46,1,60.0,Average Regulars
75440,453,1,60.0,Average Regulars
89923,399,1,60.0,Average Regulars
9609,765,1,60.0,Lost
94182,327,1,60.0,Average Regulars
20486,453,1,60.0,Average Regulars
18214,273,1,60.0,Average Regulars
86243,851,1,60.0,At Risk (High Value)
20533,2172,1,60.0,Lost
79136,28,1,60.0,New Customers
2488,1199,1,60.0,At Risk (High Value)
51260,1062,1,60.0,At Risk (High Value)
31906,1595,1,60.0,Lost
9937,118,1,60.0,Average Regulars
34295,23,1,60.0,Average Regulars
81444,231,1,60.0,Average Regulars
57065,81,1,60.0,Average Regulars
43268,122,1,60.0,Average Regulars
8257,471,1,60.0,Average Regulars
67158,830,1,60.0,Lost
44112,783,1,60.0,At Risk (High Value)
16952,175,1,60.0,New Customers
80034,865,1,60.0,At Risk (High Value)
53001,153,1,60.0,New Customers
21694,289,1,60.0,Average Regulars
43625,1237,1,60.0,Lost
73654,82,1,60.0,Average Regulars
73943,49,1,60.0,Average Regulars
61673,254,1,60.0,Average Regulars
39995,864,1,60.0,At Risk (High Value)
90050,50,1,60.0,New Customers
50678,504,1,60.0,Average Regulars
68866,2027,1,60.0,Lost
2009,1390,1,60.0,Average Regulars
66100,461,1,60.0,Average Regulars
64119,570,1,60.0,Average Regulars
74060,852,1,60.0,At Risk (High Value)
2622,1634,1,60.0,At Risk (High Value)
14795,959,1,60.0,Lost
73599,628,1,60.0,Average Regulars
22201,652,1,60.0,Average Regulars
45507,231,1,60.0,New Customers
12956,4,1,60.0,Average Regulars
32104,897,1,60.0,Lost
56149,550,1,60.0,Average Regulars
43316,305,1,60.0,New Customers
8804,2335,1,60.0,At Risk (High Value)
14511,1363,1,60.0,Average Regulars
31697,544,1,60.0,Average Regulars
57246,46,1,60.0,New Customers
94220,345,1,60.0,Average Regulars
17377,158,1,60.0,Average Regulars
58395,365,1,60.0,Average Regulars
91976,276,1,60.0,New Customers
7166,86,1,60.0,Average Regulars
32226,5,1,60.0,Average Regulars
15141,30,1,60.0,Average Regulars
75720,436,1,60.0,Average Regulars
84410,208,1,60.0,New Customers
79606,152,1,60.0,Average Regulars
60862,367,1,60.0,Average Regulars
74576,296,1,60.0,New Customers
25248,525,1,60.0,Average Regulars
36610,4,1,60.0,Average Regulars
44909,427,1,60.0,Average Regulars
79860,1477,1,60.0,Lost
59678,6,1,60.0,Average Regulars
58075,222,1,60.0,New Customers
67450,6,1,60.0,New Customers
56435,2089,1,60.0,Average Regulars
9612,2058,1,60.0,Lost
69466,720,1,60.0,Lost
32889,1065,1,60.0,Average Regulars
17079,126,1,60.0,Average Regulars
49459,489,1,60.0,Average Regulars
3765,402,1,60.0,Average Regulars
1884,4,1,60.0,Average Regulars
18444,437,1,60.0,Average Regulars
80460,427,1,60.0,Average Regulars
92993,1147,1,60.0,At Risk (High Value)
57332,989,1,60.0,Lost
90530,64,1,60.0,Average Regulars
74024,4,1,60.0,Average Regulars
69747,702,1,60.0,At Risk (High Value)
88329,1139,1,60.0,Average Regulars
53166,1237,1,60.0,At Risk (High Value)
32703,1478,1,60.0,At Risk (High Value)
86646,18,1,60.0,Average Regulars
24514,348,1,60.0,Average Regulars
80404,642,1,60.0,Average Regulars
34828,624,1,60.0,Average Regulars
56327,499,1,60.0,Average Regulars
49737,1477,1,60.0,Lost
44544,698,1,60.0,Lost
67336,320,2,60.0,Average Regulars
39322,302,1,59.99,Average Regulars
5437,1482,1,59.99,Average Regulars
30390,47,2,59.99,Average Regulars
81197,1711,1,59.99,Lost
50399,352,1,59.99,Average Regulars
97657,6,1,59.99,Average Regulars
52488,135,1,59.99,New Customers
72512,254,1,59.99,New Customers
62390,64,1,59.99,Average Regulars
25994,1064,1,59.99,Average Regulars
33244,944,1,59.99,Lost
22949,1546,1,59.99,At Risk (High Value)
82890,42,1,59.99,Average Regulars
43805,477,1,59.99,Average Regulars
48356,3,1,59.99,New Customers
12055,476,1,59.99,Average Regulars
21917,329,1,59.99,Average Regulars
17478,154,1,59.99,New Customers
89240,1735,1,59.99,Lost
14934,931,1,59.99,Average Regulars
92754,349,1,59.99,Average Regulars
26551,1427,1,59.99,Average Regulars
42656,1316,1,59.99,At Risk (High Value)
78923,782,1,59.99,Lost
82303,332,1,59.99,Average Regulars
21992,789,1,59.99,At Risk (High Value)
73413,1019,1,59.99,Lost
78395,262,1,59.99,New Customers
28234,1041,1,59.99,Lost
4446,635,1,59.99,Average Regulars
74042,571,1,59.99,Average Regulars
32383,146,1,59.99,New Customers
90591,2291,1,59.99,Average Regulars
42995,241,1,59.99,Average Regulars
77216,662,1,59.99,At Risk (High Value)
88446,1552,1,59.99,Average Regulars
6821,597,1,59.99,Average Regulars
37515,433,1,59.99,Average Regulars
8671,747,1,59.99,Lost
81706,708,1,59.99,Lost
59783,377,1,59.99,Average Regulars
23528,12,2,59.99,Average Regulars
59790,945,1,59.99,Lost
22455,475,1,59.99,Average Regulars
60915,122,1,59.99,New Customers
15452,434,1,59.99,Average Regulars
27683,920,1,59.99,Average Regulars
99918,1074,1,59.99,Lost
56136,2003,1,59.99,Lost
89433,37,1,59.99,Average Regulars
62869,666,1,59.99,Lost
81850,333,1,59.99,Average Regulars
1032,122,1,59.99,New Customers
50570,1052,1,59.99,At Risk (High Value)
6800,7,1,59.99,Average Regulars
18430,2143,1,59.99,At Risk (High Value)
61134,786,1,59.99,At Risk (High Value)
43727,145,1,59.99,New Customers
48100,1952,1,59.99,Lost
80112,967,1,59.99,Lost
21042,627,1,59.99,Average Regulars
88506,590,1,59.99,Average Regulars
48263,49,1,59.99,New Customers
11506,768,1,59.99,Lost
40718,1842,1,59.99,Average Regulars
71588,1444,1,59.99,Lost
8801,9,1,59.99,New Customers
23665,1446,1,59.99,Average Regulars
56316,501,1,59.99,Average Regulars
55867,50,1,59.99,Average Regulars
72367,1511,1,59.99,Average Regulars
80362,1666,1,59.99,Lost
9118,446,1,59.99,Average Regulars
76262,100,1,59.99,Average Regulars
20552,873,1,59.99,Lost
53207,55,1,59.99,Average Regulars
95384,76,1,59.99,Average Regulars
86814,26,1,59.99,New Customers
72768,1659,1,59.99,At Risk (High Value)
98550,165,1,59.99,Average Regulars
73005,263,2,59.99,Average Regulars
13424,1389,1,59.99,Average Regulars
1834,350,1,59.99,Average Regulars
67794,740,1,59.99,Lost
98905,655,1,59.99,Average Regulars
33583,908,1,59.99,Average Regulars
17246,2645,1,59.99,At Risk (High Value)
26467,107,1,59.99,Average Regulars
26751,1003,1,59.99,Average Regulars
11600,1466,1,59.99,Lost
83916,2078,1,59.99,Lost
78706,1093,1,59.99,Average Regulars
63354,560,1,59.99,Average Regulars
91449,279,1,59.99,Average Regulars
66003,2726,1,59.99,Average Regulars
6644,323,1,59.99,New Customers
11163,55,1,59.99,Average Regulars
28799,423,1,59.99,Average Regulars
93814,1765,1,59.99,Lost
66209,851,1,59.99,At Risk (High Value)
86048,147,1,59.99,Average Regulars
24934,1076,1,59.99,Average Regulars
76158,14,1,59.99,Average Regulars
73509,1004,1,59.99,Lost
62318,695,1,59.99,Lost
43341,1119,1,59.99,Lost
89931,23,1,59.99,Average Regulars
86572,158,1,59.99,New Customers
26306,1450,1,59.99,Average Regulars
66920,172,1,59.99,New Customers
8359,383,1,59.99,Average Regulars
88553,235,1,59.99,New Customers
77721,1849,1,59.99,Lost
73186,1176,1,59.99,Lost
70086,253,1,59.99,New Customers
52954,498,1,59.99,Average Regulars
62476,1061,1,59.99,Lost
37407,23,1,59.98,Average Regulars
60266,502,1,59.98,Average Regulars
46998,2145,1,59.98,Lost
44346,85,1,59.98,New Customers
32515,74,1,59.98,Average Regulars
80295,1051,1,59.98,At Risk (High Value)
52584,543,1,59.98,Average Regulars
9276,879,1,59.98,Lost
51699,807,1,59.98,Lost
41151,248,1,59.98,New Customers
90773,24,1,59.98,Average Regulars
83643,1258,1,59.98,Lost
78106,1044,1,59.98,Lost
25363,343,1,59.98,Average Regulars
33431,253,1,59.97,Average Regulars
53663,1753,1,59.96,Average Regulars
41321,989,1,59.96,Average Regulars
26630,850,1,59.95,At Risk (High Value)
39029,201,1,59.95,New Customers
4500,1504,1,59.95,Lost
34392,1156,1,59.95,At Risk (High Value)
34001,517,1,59.95,Average Regulars
19190,462,1,59.95,Average Regulars
52481,1519,1,59.95,Average Regulars
21767,1365,1,59.95,Lost
2205,466,1,59.95,Average Regulars
35020,236,1,59.95,Average Regulars
7419,140,1,59.95,New Customers
8407,255,1,59.95,New Customers
61496,122,1,59.95,New Customers
47158,51,1,59.95,New Customers
36725,677,1,59.95,Lost
87193,790,1,59.95,Lost
19342,5,1,59.95,New Customers
53905,310,1,59.95,New Customers
32560,36,1,59.95,New Customers
80491,1793,1,59.95,Average Regulars
11294,2156,1,59.95,At Risk (High Value)
28042,5,1,59.95,New Customers
66936,1067,1,59.95,Average Regulars
58021,1250,1,59.95,Lost
59067,81,1,59.95,Average Regulars
60508,1006,1,59.95,Average Regulars
83487,782,1,59.95,At Risk (High Value)
12809,124,1,59.95,New Customers
54500,537,1,59.95,Average Regulars
49277,1149,1,59.95,Average Regulars
71946,302,2,59.95,Average Regulars
27024,5,1,59.95,New Customers
94613,273,1,59.95,New Customers
84299,254,1,59.95,Average Regulars
83116,211,1,59.95,Average Regulars
34150,22,1,59.95,Average Regulars
42362,289,1,59.95,New Customers
35532,1453,1,59.95,Lost
94819,825,1,59.95,Lost
78587,1890,1,59.95,At Risk (High Value)
7050,1085,1,59.95,Average Regulars
89107,1196,1,59.95,At Risk (High Value)
88708,1866,1,59.95,Average Regulars
72347,1463,1,59.95,Lost
41873,567,2,59.95,Average Regulars
64110,107,1,59.95,New Customers
66747,250,1,59.95,Average Regulars
52219,1276,1,59.95,Lost
55405,26,1,59.95,New Customers
82652,1211,1,59.95,At Risk (High Value)
95280,465,1,59.95,Average Regulars
37032,1965,1,59.94,At Risk (High Value)
61229,290,1,59.94,Average Regulars
35364,653,1,59.94,Average Regulars
10914,1399,1,59.94,Lost
13127,600,1,59.93,Average Regulars
80198,1916,1,59.93,Lost
330,352,1,59.93,Average Regulars
2001,2064,2,59.91,At Risk (High Value)
47144,577,1,59.9,Average Regulars
55590,199,1,59.9,Average Regulars
43408,22,1,59.9,Average Regulars
55091,7,1,59.9,New Customers
3411,1263,1,59.9,Lost
146,651,1,59.9,Average Regulars
52991,1864,1,59.9,Lost
88779,449,1,59.9,Average Regulars
27110,3,1,59.9,New Customers
58980,1452,1,59.9,Average Regulars
32068,1331,1,59.9,Lost
3099,523,1,59.89,Average Regulars
79215,41,2,59.89,Average Regulars
18855,172,1,59.89,New Customers
91723,58,1,59.87,Average Regulars
45861,240,2,59.8,Average Regulars
3692,330,1,59.77,Average Regulars
20778,10,2,59.77,Average Regulars
11979,33,1,59.76,Average Regulars
67859,636,1,59.74,Average Regulars
32585,1,1,59.74,Average Regulars
20962,997,1,59.74,Average Regulars
38433,161,2,59.72,Average Regulars
79183,1655,1,59.69,Lost
17260,46,1,59.69,New Customers
16927,254,2,59.67,Average Regulars
2162,1871,1,59.66,Average Regulars
33678,57,2,59.56,Average Regulars
48161,12,1,59.56,New Customers
66212,853,1,59.55,At Risk (High Value)
85251,445,1,59.54,Average Regulars
51616,1291,1,59.52,At Risk (High Value)
2507,1089,1,59.5,Average Regulars
78468,19,1,59.5,New Customers
56652,12,1,59.5,New Customers
6384,1090,1,59.5,Lost
23232,1339,1,59.5,Lost
30795,1451,1,59.5,Average Regulars
20788,246,1,59.5,New Customers
5285,1881,1,59.5,Lost
4544,1956,1,59.5,Lost
97959,1412,1,59.5,Lost
87573,149,1,59.5,New Customers
3137,569,1,59.5,Average Regulars
97514,2555,1,59.5,Average Regulars
33964,76,1,59.5,Average Regulars
60684,225,1,59.5,Average Regulars
16477,1028,1,59.5,Lost
17736,123,1,59.5,Average Regulars
66044,1497,1,59.5,Average Regulars
7003,603,1,59.5,Average Regulars
75435,2197,1,59.5,Lost
13901,664,1,59.5,Lost
59474,486,1,59.5,Average Regulars
81337,326,1,59.5,Average Regulars
31209,1120,1,59.5,At Risk (High Value)
47109,4,1,59.5,Average Regulars
60321,93,1,59.5,Average Regulars
30596,1321,1,59.5,Lost
80572,78,1,59.5,Average Regulars
45356,972,1,59.5,Average Regulars
69819,95,1,59.5,Average Regulars
57276,457,1,59.5,Average Regulars
43276,99,1,59.5,New Customers
41539,11,1,59.5,Average Regulars
74888,253,1,59.5,New Customers
43385,900,1,59.5,Average Regulars
76741,582,1,59.5,Average Regulars
85413,517,1,59.5,Average Regulars
65823,1931,1,59.5,Lost
16675,905,1,59.5,Average Regulars
33541,582,1,59.5,Average Regulars
59295,1601,1,59.5,Lost
6896,919,1,59.5,Average Regulars
50125,72,1,59.5,Average Regulars
87111,276,1,59.5,Average Regulars
56614,505,1,59.5,Average Regulars
2764,235,1,59.5,Average Regulars
32794,450,1,59.5,Average Regulars
67842,606,1,59.5,Average Regulars
22197,164,1,59.5,Average Regulars
67485,1106,1,59.5,Lost
4974,16,1,59.5,New Customers
93803,544,1,59.5,Average Regulars
40676,14,1,59.5,Average Regulars
93902,644,1,59.5,Average Regulars
90568,256,1,59.5,New Customers
60271,587,1,59.5,Average Regulars
97060,906,1,59.5,Lost
15670,510,1,59.5,Average Regulars
40018,314,1,59.5,New Customers
69753,1100,1,59.5,Lost
70033,4,1,59.5,New Customers
34734,1797,1,59.5,Lost
4247,38,1,59.5,Average Regulars
29008,615,1,59.5,Average Regulars
80380,167,1,59.5,New Customers
4201,1067,1,59.5,At Risk (High Value)
67583,222,1,59.5,Average Regulars
39621,1810,1,59.5,Lost
22503,4,1,59.5,New Customers
21500,304,1,59.5,Average Regulars
5911,171,1,59.5,New Customers
38302,1533,1,59.5,Lost
60959,1738,1,59.5,Average Regulars
65023,854,1,59.5,Lost
89365,166,1,59.5,Average Regulars
59365,2227,1,59.5,At Risk (High Value)
15666,289,1,59.5,New Customers
37884,545,1,59.5,Average Regulars
29945,355,1,59.5,Average Regulars
69776,1023,1,59.5,At Risk (High Value)
77211,379,1,59.5,Average Regulars
11065,31,1,59.5,Average Regulars
73233,318,1,59.5,Average Regulars
43723,613,1,59.5,Average Regulars
88527,458,1,59.5,Average Regulars
93424,312,1,59.5,Average Regulars
11079,836,1,59.5,Lost
94856,415,1,59.5,Average Regulars
50904,241,1,59.5,New Customers
53913,137,1,59.5,New Customers
44196,725,1,59.5,At Risk (High Value)
50366,370,1,59.5,Average Regulars
36517,454,1,59.5,Average Regulars
95427,81,1,59.5,Average Regulars
97507,247,1,59.5,New Customers
16361,1321,1,59.5,Lost
5312,840,1,59.5,Lost
44366,164,1,59.5,New Customers
58575,169,1,59.5,Average Regulars
88450,480,1,59.5,Average Regulars
89087,655,1,59.5,At Risk (High Value)
97954,1224,1,59.5,At Risk (High Value)
36060,640,1,59.5,Average Regulars
91789,94,1,59.5,Average Regulars
1206,798,1,59.5,Lost
74593,303,1,59.5,Average Regulars
43415,282,1,59.5,Average Regulars
532,431,1,59.5,Average Regulars
45346,81,1,59.49,Average Regulars
86268,1414,2,59.49,At Risk (High Value)
56091,872,2,59.49,At Risk (High Value)
31780,2312,1,59.45,At Risk (High Value)
52083,36,1,59.45,Average Regulars
80828,1702,1,59.45,Lost
19318,920,1,59.45,Average Regulars
65747,1988,1,59.45,Lost
5945,848,1,59.45,At Risk (High Value)
52522,496,1,59.45,Average Regulars
54048,174,1,59.45,Average Regulars
26332,977,1,59.45,Average Regulars
97846,807,2,59.45,At Risk (High Value)
66913,11,1,59.45,Average Regulars
17004,1166,1,59.45,At Risk (High Value)
64283,263,1,59.4,New Customers
69557,1887,1,59.4,Lost
44792,170,2,59.3,Average Regulars
13142,318,1,59.29,New Customers
17220,16,1,59.28,Average Regulars
40790,1848,1,59.25,Average Regulars
44267,1790,1,59.25,Average Regulars
76557,1642,1,59.25,At Risk (High Value)
94673,1620,1,59.22,Lost
38969,236,1,59.19,New Customers
92772,1195,1,59.19,Lost
31037,206,1,59.18,New Customers
79499,36,1,59.17,Average Regulars
43645,148,1,59.17,New Customers
22064,1108,1,59.17,Lost
72331,62,1,59.12,Average Regulars
34861,470,1,59.11,Average Regulars
29663,101,1,59.09,Average Regulars
77303,879,1,59.01,Lost
84366,1016,1,59.01,Average Regulars
65734,1883,1,59.0,At Risk (High Value)
28361,843,1,59.0,At Risk (High Value)
53173,58,1,59.0,Average Regulars
53990,598,1,59.0,Average Regulars
73698,1808,1,59.0,Lost
56560,931,1,59.0,Average Regulars
33646,163,1,59.0,New Customers
65772,340,1,59.0,Average Regulars
12543,108,1,59.0,Average Regulars
97355,1508,1,59.0,Lost
37731,2746,1,59.0,Lost
9718,864,1,59.0,At Risk (High Value)
80114,580,1,59.0,Average Regulars
29462,120,1,59.0,New Customers
68740,1029,1,59.0,Lost
93464,1525,1,59.0,Lost
41753,1027,1,59.0,At Risk (High Value)
8344,877,1,59.0,At Risk (High Value)
89341,1212,1,59.0,Lost
52180,86,1,59.0,New Customers
48039,5,2,59.0,Average Regulars
70557,597,1,59.0,Average Regulars
97538,895,1,59.0,Lost
13971,192,1,59.0,Average Regulars
15364,584,1,59.0,Average Regulars
86766,14,1,59.0,New Customers
46861,178,1,59.0,New Customers
86913,188,1,59.0,Average Regulars
60559,1260,1,59.0,At Risk (High Value)
92085,573,1,59.0,Average Regulars
94632,413,1,59.0,Average Regulars
71552,1742,1,59.0,Average Regulars
38742,40,2,59.0,Average Regulars
55180,1035,1,59.0,At Risk (High Value)
35946,229,1,59.0,Average Regulars
40168,607,1,59.0,Average Regulars
71987,1393,1,59.0,Average Regulars
45842,2485,1,59.0,At Risk (High Value)
48198,115,1,59.0,Average Regulars
83664,1295,1,59.0,At Risk (High Value)
74513,534,1,59.0,Average Regulars
60180,271,1,59.0,Average Regulars
26971,271,1,59.0,Average Regulars
8681,68,1,59.0,Average Regulars
10920,153,1,59.0,New Customers
74306,528,1,59.0,Average Regulars
3769,276,1,59.0,New Customers
80306,599,1,59.0,Average Regulars
29863,148,1,59.0,New Customers
37752,481,1,59.0,Average Regulars
76538,58,1,59.0,Average Regulars
82823,628,2,59.0,Average Regulars
98487,527,1,59.0,Average Regulars
83378,1524,1,59.0,Lost
44298,1200,1,59.0,Lost
51322,437,1,59.0,Average Regulars
86397,355,1,59.0,Average Regulars
94370,311,1,59.0,New Customers
76980,957,1,59.0,Average Regulars
67501,596,1,58.99,Average Regulars
16723,525,1,58.99,Average Regulars
1399,29,1,58.99,New Customers
79452,1708,1,58.99,At Risk (High Value)
92995,1164,1,58.99,At Risk (High Value)
73076,291,1,58.99,New Customers
44766,1381,1,58.99,Lost
44834,210,1,58.99,New Customers
37546,497,1,58.99,Average Regulars
44899,293,1,58.99,Average Regulars
79332,1382,1,58.99,Lost
11602,648,1,58.99,Average Regulars
2096,905,1,58.99,Average Regulars
42321,106,2,58.99,Average Regulars
39244,56,1,58.99,Average Regulars
62737,520,1,58.99,Average Regulars
71936,20,2,58.99,Average Regulars
90378,910,1,58.99,Lost
28732,4,2,58.99,Average Regulars
52056,254,1,58.99,New Customers
41068,113,1,58.99,Average Regulars
27374,1985,1,58.99,Lost
62338,1440,1,58.99,Lost
16032,160,1,58.99,Average Regulars
25231,240,2,58.98,Average Regulars
32654,160,2,58.98,Average Regulars
78582,321,1,58.98,Average Regulars
17535,504,1,58.97,Average Regulars
36294,765,1,58.97,Lost
7554,463,1,58.97,Average Regulars
46928,112,1,58.97,Average Regulars
97557,1242,1,58.97,At Risk (High Value)
118,1339,1,58.97,Lost
45132,28,1,58.97,Average Regulars
17870,913,1,58.96,Average Regulars
95365,397,1,58.96,Average Regulars
95443,317,1,58.96,New Customers
25343,940,1,58.95,Average Regulars
59610,350,1,58.95,Average Regulars
92776,1581,1,58.95,At Risk (High Value)
31460,170,1,58.95,Average Regulars
52162,208,1,58.95,New Customers
41920,508,1,58.95,Average Regulars
98523,849,1,58.95,Lost
35245,714,1,58.95,Lost
1956,360,1,58.95,Average Regulars
87224,1538,1,58.95,At Risk (High Value)
53262,145,1,58.95,Average Regulars
24942,54,1,58.95,New Customers
94371,156,1,58.95,Average Regulars
68144,1452,1,58.95,Average Regulars
17014,2,1,58.94,New Customers
11418,1299,1,58.94,Lost
3866,457,1,58.94,Average Regulars
28450,1395,1,58.94,Average Regulars
14016,881,1,58.93,At Risk (High Value)
10152,221,1,58.91,Average Regulars
55752,1188,1,58.89,Lost
42703,670,1,58.89,At Risk (High Value)
67039,139,1,58.89,Average Regulars
33097,616,2,58.88,Average Regulars
79223,1882,1,58.88,At Risk (High Value)
772,410,1,58.88,Average Regulars
98037,243,1,58.84,New Customers
95199,438,1,58.84,Average Regulars
57450,359,1,58.83,Average Regulars
10086,311,1,58.82,New Customers
42484,287,1,58.8,Average Regulars
56617,86,2,58.8,Average Regulars
62796,817,1,58.8,At Risk (High Value)
11401,673,1,58.8,At Risk (High Value)
16066,722,1,58.8,At Risk (High Value)
27009,308,1,58.79,Average Regulars
31221,231,1,58.77,Average Regulars
22646,522,1,58.75,Average Regulars
84907,1202,2,58.67,At Risk (High Value)
75667,196,1,58.65,Average Regulars
31522,401,1,58.62,Average Regulars
20027,1189,1,58.59,At Risk (High Value)
25035,415,1,58.56,Average Regulars
18730,951,1,58.55,Lost
45897,660,1,58.52,Lost
17815,1594,1,58.5,At Risk (High Value)
44166,455,1,58.5,Average Regulars
15130,9,1,58.5,Average Regulars
63199,124,1,58.5,New Customers
42093,817,1,58.5,At Risk (High Value)
90157,527,1,58.5,Average Regulars
93738,94,1,58.5,Average Regulars
50376,56,1,58.5,Average Regulars
92758,1473,1,58.5,Lost
60322,5,1,58.5,Average Regulars
69074,275,1,58.5,Average Regulars
20666,1201,1,58.5,Lost
8719,2047,1,58.5,Average Regulars
76019,316,1,58.5,Average Regulars
30384,592,1,58.5,Average Regulars
9253,151,1,58.5,New Customers
40434,7,2,58.49,Average Regulars
48174,624,1,58.47,Average Regulars
62107,241,1,58.46,Average Regulars
32340,728,1,58.46,At Risk (High Value)
54083,59,1,58.45,Average Regulars
93983,1336,1,58.45,At Risk (High Value)
30202,2368,1,58.45,Lost
20472,1491,1,58.45,At Risk (High Value)
5678,1806,1,58.44,Lost
5811,270,1,58.34,New Customers
521,5,1,58.34,Average Regulars
59174,746,1,58.32,Lost
73816,1036,2,58.3,At Risk (High Value)
40256,882,2,58.3,At Risk (High Value)
71132,487,1,58.3,Average Regulars
47755,1085,1,58.3,Average Regulars
88957,539,1,58.19,Average Regulars
83271,1278,1,58.19,Lost
39866,767,1,58.19,At Risk (High Value)
41937,772,1,58.19,At Risk (High Value)
99319,1344,1,58.19,Lost
57705,1185,1,58.19,At Risk (High Value)
84452,168,1,58.19,New Customers
46112,86,2,58.16,Average Regulars
8559,1472,1,58.15,Lost
17816,81,2,58.14,Average Regulars
75993,33,1,58.0,New Customers
6049,671,1,58.0,At Risk (High Value)
31967,1043,1,58.0,Lost
98690,327,1,58.0,Average Regulars
8420,10,1,58.0,Average Regulars
29405,560,1,58.0,Average Regulars
76432,1808,1,58.0,Average Regulars
83799,1723,1,58.0,At Risk (High Value)
4298,180,1,58.0,New Customers
10885,154,1,58.0,Average Regulars
70505,294,1,58.0,Average Regulars
56655,644,1,58.0,Average Regulars
43419,210,2,58.0,Average Regulars
92284,1557,1,58.0,At Risk (High Value)
1657,433,1,58.0,Average Regulars
96021,398,1,58.0,Average Regulars
87275,418,1,58.0,Average Regulars
90295,56,1,58.0,Average Regulars
19233,4,1,58.0,Average Regulars
73440,6,1,58.0,New Customers
48006,236,1,58.0,Average Regulars
35663,4,1,58.0,New Customers
29636,47,1,58.0,Average Regulars
95372,80,1,58.0,Average Regulars
57678,31,1,58.0,Average Regulars
69259,4,1,58.0,New Customers
22567,1969,1,58.0,Lost
67868,1497,1,58.0,Lost
63562,176,1,58.0,Average Regulars
99006,386,1,58.0,Average Regulars
40721,606,1,58.0,Average Regulars
60419,5,1,58.0,Average Regulars
57829,24,1,58.0,Average Regulars
22608,13,1,58.0,New Customers
6814,1214,1,58.0,At Risk (High Value)
21658,1164,1,58.0,Average Regulars
20797,231,1,58.0,Average Regulars
61172,495,1,58.0,Average Regulars
91558,719,1,58.0,At Risk (High Value)
26082,748,1,58.0,Lost
63253,327,2,58.0,Average Regulars
71275,745,1,58.0,Lost
59066,353,1,58.0,Average Regulars
63622,615,1,58.0,Average Regulars
61900,1015,1,58.0,Average Regulars
4709,529,1,58.0,Average Regulars
13423,534,1,58.0,Average Regulars
49269,1429,1,58.0,Lost
50046,1662,1,58.0,Lost
94779,1256,1,58.0,At Risk (High Value)
95423,2370,1,58.0,At Risk (High Value)
59029,545,1,58.0,Average Regulars
45536,1269,1,58.0,At Risk (High Value)
90875,156,1,58.0,New Customers
6697,190,1,58.0,New Customers
76398,1448,1,58.0,Average Regulars
12158,131,1,58.0,New Customers
32134,599,1,58.0,Average Regulars
78272,790,1,58.0,Lost
24190,145,1,58.0,Average Regulars
56592,600,2,57.99,Average Regulars
54028,1564,1,57.99,Lost
18777,247,2,57.99,Average Regulars
96560,32,1,57.99,Average Regulars
97421,1840,1,57.99,At Risk (High Value)
53779,1546,1,57.99,Lost
22202,1350,1,57.99,At Risk (High Value)
16458,846,1,57.99,Lost
71052,1565,1,57.99,At Risk (High Value)
778,494,1,57.99,Average Regulars
30372,456,1,57.99,Average Regulars
73306,3,1,57.99,Average Regulars
95307,497,1,57.99,Average Regulars
42858,1877,1,57.99,Lost
84259,330,1,57.99,Average Regulars
76921,71,2,57.98,Average Regulars
91993,550,2,57.98,Average Regulars
35936,944,2,57.98,At Risk (High Value)
15240,1477,1,57.98,At Risk (High Value)
68745,1530,2,57.98,At Risk (High Value)
24809,1414,1,57.97,Lost
726,511,1,57.97,Average Regulars
48265,259,2,57.97,Average Regulars
53930,1188,1,57.97,Lost
12874,159,1,57.96,Average Regulars
77741,249,1,57.95,Average Regulars
35232,1058,1,57.95,Lost
70661,1210,1,57.95,At Risk (High Value)
87414,4,1,57.95,New Customers
65960,579,1,57.95,Average Regulars
39551,1189,1,57.95,At Risk (High Value)
97365,1386,1,57.95,Average Regulars
20099,419,1,57.95,Average Regulars
49413,1550,1,57.95,Average Regulars
94519,637,1,57.94,Average Regulars
59357,770,1,57.94,Lost
24056,2085,1,57.94,Lost
12668,477,2,57.94,Average Regulars
82865,1005,1,57.94,Lost
62212,1158,1,57.93,Average Regulars
5839,168,1,57.9,Average Regulars
5122,150,2,57.9,Average Regulars
59631,1,1,57.89,New Customers
42024,57,1,57.88,Average Regulars
76737,2350,1,57.87,At Risk (High Value)
38676,216,1,57.83,New Customers
8213,500,1,57.83,Average Regulars
43668,424,1,57.82,Average Regulars
90701,4,1,57.79,New Customers
88847,1018,1,57.73,Lost
68174,1355,1,57.68,Lost
93327,1382,1,57.63,Average Regulars
25446,646,1,57.63,Average Regulars
68582,434,1,57.62,Average Regulars
86035,386,1,57.58,Average Regulars
68274,1210,1,57.54,At Risk (High Value)
85165,33,1,57.5,Average Regulars
13072,1135,1,57.5,At Risk (High Value)
98584,2081,1,57.5,Lost
80753,499,1,57.5,Average Regulars
13534,583,1,57.5,Average Regulars
43978,1268,2,57.5,At Risk (High Value)
89488,629,1,57.5,Average Regulars
46591,657,1,57.5,At Risk (High Value)
33535,208,2,57.49,Average Regulars
93998,166,2,57.49,Average Regulars
2639,654,1,57.49,Average Regulars
39152,1758,2,57.49,At Risk (High Value)
60894,1583,1,57.48,Lost
43960,210,2,57.46,Average Regulars
21551,1332,1,57.45,Lost
66258,330,1,57.45,Average Regulars
7413,504,1,57.44,Average Regulars
45782,1765,1,57.43,Lost
76697,1108,1,57.4,Lost
78669,5,1,57.4,New Customers
11942,658,1,57.4,Lost
81824,120,1,57.4,New Customers
61730,670,1,57.39,Lost
14831,1222,2,57.35,At Risk (High Value)
39846,2193,1,57.3,Lost
79011,940,1,57.3,Average Regulars
42398,55,1,57.3,New Customers
75844,140,1,57.29,Average Regulars
16614,1475,1,57.27,Average Regulars
29128,1613,1,57.24,At Risk (High Value)
7351,243,1,57.2,New Customers
60223,633,1,57.2,Average Regulars
20529,82,1,57.19,Average Regulars
59014,742,1,57.16,Lost
45482,1081,1,57.15,Lost
24430,279,1,57.15,Average Regulars
96026,1963,1,57.12,Lost
42189,2127,1,57.08,Lost
92828,324,1,57.02,New Customers
69017,278,1,57.0,Average Regulars
25037,139,1,57.0,Average Regulars
25768,483,1,57.0,Average Regulars
53773,1061,1,57.0,Lost
9457,1595,1,57.0,Lost
63970,24,1,57.0,New Customers
78007,33,1,57.0,New Customers
99007,145,2,57.0,Average Regulars
35395,2697,1,57.0,Average Regulars
92121,1437,1,57.0,Average Regulars
58973,503,1,57.0,Average Regulars
96497,715,1,57.0,Lost
22257,338,1,56.99,Average Regulars
95438,1166,1,56.99,At Risk (High Value)
82353,344,1,56.99,Average Regulars
77459,1085,2,56.99,At Risk (High Value)
94277,86,1,56.99,Average Regulars
11915,2,1,56.99,Average Regulars
67282,691,1,56.99,Lost
78386,83,2,56.99,Average Regulars
39931,469,2,56.99,Average Regulars
31700,279,1,56.99,Average Regulars
18290,244,1,56.99,Average Regulars
55857,1066,1,56.99,Average Regulars
70723,1296,1,56.98,Lost
35818,130,1,56.98,New Customers
98524,719,1,56.98,At Risk (High Value)
73096,441,1,56.98,Average Regulars
79178,1158,1,56.98,At Risk (High Value)
97219,1343,1,56.98,Lost
87542,67,1,56.98,Average Regulars
70159,1507,1,56.98,Lost
56047,866,1,56.97,At Risk (High Value)
37671,484,1,56.97,Average Regulars
14919,825,1,56.96,Lost
10911,1113,1,56.96,Lost
62630,542,1,56.96,Average Regulars
47132,685,1,56.96,At Risk (High Value)
98812,4,1,56.95,Average Regulars
13551,652,1,56.95,Average Regulars
84122,333,1,56.95,Average Regulars
61183,29,1,56.95,New Customers
97565,794,1,56.95,At Risk (High Value)
59708,85,1,56.95,Average Regulars
68965,1414,1,56.95,Lost
8588,2479,1,56.95,At Risk (High Value)
78693,480,1,56.94,Average Regulars
78790,1180,1,56.94,Lost
99438,49,1,56.94,Average Regulars
6379,69,1,56.88,Average Regulars
31580,2431,1,56.88,Lost
61509,13,1,56.88,New Customers
82008,1086,1,56.88,Lost
67882,1086,1,56.84,Average Regulars
66380,976,1,56.8,Lost
530,1078,1,56.8,Lost
27288,605,1,56.78,Average Regulars
15226,1198,1,56.78,Lost
766,1216,1,56.75,Lost
20318,725,1,56.74,At Risk (High Value)
67614,1107,1,56.7,Average Regulars
54556,262,1,56.69,New Customers
94240,317,1,56.69,Average Regulars
43216,2177,1,56.69,At Risk (High Value)
13808,292,1,56.63,New Customers
97739,669,1,56.61,Lost
17818,707,2,56.61,At Risk (High Value)
91600,530,1,56.6,Average Regulars
69851,191,1,56.6,Average Regulars
14477,331,1,56.6,Average Regulars
25607,178,1,56.6,New Customers
3186,897,1,56.5,Average Regulars
66676,710,2,56.5,At Risk (High Value)
90805,356,1,56.5,Average Regulars
23438,1336,1,56.5,At Risk (High Value)
55016,564,1,56.49,Average Regulars
20223,58,1,56.47,Average Regulars
64951,1938,1,56.47,Lost
67541,418,1,56.45,Average Regulars
98630,1688,1,56.45,Lost
51370,6,1,56.42,New Customers
61285,247,2,56.4,Average Regulars
74057,375,1,56.39,Average Regulars
17651,1334,1,56.39,Lost
44998,246,1,56.39,Average Regulars
16799,2019,1,56.39,Lost
15372,153,1,56.39,New Customers
86567,478,1,56.39,Average Regulars
11858,274,1,56.39,Average Regulars
40544,550,2,56.38,Average Regulars
34107,1764,1,56.29,Lost
81938,765,1,56.28,Lost
65445,830,2,56.27,At Risk (High Value)
14059,28,1,56.25,Average Regulars
7770,345,1,56.25,Average Regulars
56914,398,1,56.25,Average Regulars
1058,526,1,56.24,Average Regulars
50975,611,1,56.24,Average Regulars
56118,63,1,56.2,New Customers
75359,831,2,56.18,At Risk (High Value)
28803,108,2,56.17,Average Regulars
19864,4,1,56.13,New Customers
74596,1298,1,56.13,At Risk (High Value)
47239,345,1,56.12,Average Regulars
28490,262,1,56.1,Average Regulars
44503,47,1,56.08,New Customers
11179,2,1,56.07,Average Regulars
29545,1094,1,56.06,Average Regulars
21019,802,1,56.01,Lost
15173,1840,1,56.0,Average Regulars
78792,209,1,56.0,Average Regulars
58043,2130,1,56.0,Lost
19288,1702,1,56.0,At Risk (High Value)
11929,2747,1,56.0,Lost
24944,110,1,56.0,Average Regulars
86505,1131,1,56.0,At Risk (High Value)
95797,546,1,56.0,Average Regulars
82396,99,1,56.0,Average Regulars
31272,850,1,56.0,At Risk (High Value)
38842,2328,1,56.0,Lost
39449,1021,1,56.0,Average Regulars
202,34,1,56.0,Average Regulars
79447,1526,1,56.0,Lost
32244,1182,1,56.0,At Risk (High Value)
83861,1635,1,56.0,Lost
42353,388,1,56.0,Average Regulars
2136,985,1,56.0,Lost
55293,1048,1,56.0,At Risk (High Value)
3403,1564,1,56.0,Average Regulars
91861,791,1,56.0,Lost
52355,915,1,56.0,Lost
2655,1481,1,56.0,At Risk (High Value)
95778,306,1,56.0,Average Regulars
45575,1830,1,56.0,At Risk (High Value)
49832,127,1,56.0,New Customers
46171,6,1,56.0,Average Regulars
13156,479,1,56.0,Average Regulars
49464,1606,1,56.0,At Risk (High Value)
20182,789,1,56.0,Lost
7773,103,1,56.0,Average Regulars
7184,1265,1,56.0,Lost
77392,641,1,56.0,Average Regulars
95400,4,1,56.0,Average Regulars
30730,367,1,56.0,Average Regulars
87187,2111,1,56.0,At Risk (High Value)
43515,308,1,56.0,New Customers
2264,262,1,56.0,Average Regulars
99865,1603,2,55.99,At Risk (High Value)
67502,27,1,55.99,New Customers
47141,131,1,55.99,Average Regulars
15323,205,1,55.99,New Customers
4539,557,1,55.99,Average Regulars
7641,35,1,55.99,Average Regulars
74997,355,2,55.99,Average Regulars
30625,917,1,55.99,Lost
91750,242,1,55.99,New Customers
21194,17,1,55.99,Average Regulars
91176,804,1,55.99,At Risk (High Value)
25515,227,1,55.99,New Customers
83545,570,1,55.99,Average Regulars
43100,204,1,55.99,Average Regulars
5386,639,1,55.99,Average Regulars
57146,938,2,55.99,At Risk (High Value)
90215,4,2,55.98,Average Regulars
53973,1735,1,55.98,Lost
2253,19,1,55.98,Average Regulars
26669,1441,1,55.96,Average Regulars
46571,2030,1,55.95,Lost
91907,1803,1,55.95,Lost
98397,349,1,55.95,Average Regulars
19773,310,2,55.95,Average Regulars
97670,917,1,55.95,Lost
78231,31,2,55.95,Average Regulars
48578,840,1,55.95,Lost
54001,402,1,55.95,Average Regulars
44776,771,1,55.94,At Risk (High Value)
19259,1560,1,55.94,Average Regulars
38344,773,1,55.94,Lost
24211,238,1,55.94,New Customers
30122,4,1,55.92,New Customers
36713,403,1,55.89,Average Regulars
99482,54,1,55.88,Average Regulars
65357,4,1,55.86,New Customers
15460,807,1,55.82,At Risk (High Value)
32888,14,1,55.81,Average Regulars
563,2040,1,55.78,Lost
93446,921,1,55.77,Lost
24151,210,1,55.76,Average Regulars
45324,4,2,55.7,Average Regulars
82943,691,1,55.69,At Risk (High Value)
60520,4,1,55.65,New Customers
3148,2063,1,55.6,Lost
76117,36,1,55.6,Average Regulars
85807,183,1,55.6,Average Regulars
56125,451,1,55.6,Average Regulars
95295,964,2,55.59,At Risk (High Value)
70300,259,1,55.57,Average Regulars
25759,4,1,55.57,New Customers
6542,818,1,55.53,At Risk (High Value)
86178,134,1,55.53,New Customers
8449,403,1,55.53,Average Regulars
34288,512,1,55.53,Average Regulars
81422,307,1,55.52,Average Regulars
36483,888,1,55.52,Average Regulars
13615,738,1,55.51,At Risk (High Value)
71434,273,1,55.5,Average Regulars
47932,1200,1,55.5,At Risk (High Value)
51762,1684,1,55.5,Lost
55985,285,1,55.49,New Customers
27129,1845,1,55.49,At Risk (High Value)
67632,804,1,55.49,At Risk (High Value)
41828,683,1,55.49,At Risk (High Value)
57458,2130,1,55.49,Average Regulars
38878,145,1,55.49,New Customers
85540,1661,1,55.49,At Risk (High Value)
18533,268,1,55.49,Average Regulars
22130,17,1,55.49,New Customers
29407,458,1,55.46,Average Regulars
88948,676,2,55.44,At Risk (High Value)
45179,474,1,55.41,Average Regulars
62772,666,1,55.4,At Risk (High Value)
90611,211,1,55.38,New Customers
2278,39,1,55.38,Average Regulars
58638,680,1,55.38,At Risk (High Value)
49135,190,1,55.38,New Customers
63315,441,1,55.38,Average Regulars
34550,1584,1,55.38,At Risk (High Value)
99263,421,1,55.3,Average Regulars
42116,265,1,55.3,New Customers
98158,1090,1,55.3,Lost
79143,165,1,55.3,Average Regulars
36398,302,1,55.3,Average Regulars
74644,577,1,55.2,Average Regulars
55464,555,2,55.19,Average Regulars
50520,1341,1,55.12,At Risk (High Value)
7433,6,1,55.02,New Customers
69286,446,1,55.0,Average Regulars
23381,308,1,55.0,New Customers
25075,95,1,55.0,Average Regulars
54095,452,1,55.0,Average Regulars
64703,1459,1,55.0,Average Regulars
54471,143,1,55.0,New Customers
88386,162,1,55.0,Average Regulars
90866,1218,1,55.0,Lost
26176,940,1,55.0,Average Regulars
32577,1225,1,55.0,Lost
82227,535,1,55.0,Average Regulars
71631,892,1,55.0,Average Regulars
15912,572,1,55.0,Average Regulars
97712,1223,1,55.0,At Risk (High Value)
57919,1590,1,55.0,Lost
96125,1224,1,55.0,At Risk (High Value)
81235,787,1,55.0,Lost
64713,629,1,55.0,Average Regulars
66109,115,1,55.0,Average Regulars
42054,442,1,55.0,Average Regulars
18388,256,1,55.0,Average Regulars
58056,364,1,55.0,Average Regulars
19251,1896,1,55.0,Average Regulars
96303,565,1,55.0,Average Regulars
25763,693,1,55.0,At Risk (High Value)
60771,203,1,55.0,Average Regulars
60755,1172,1,55.0,At Risk (High Value)
39589,906,1,55.0,Average Regulars
5314,120,1,55.0,Average Regulars
71150,350,1,55.0,Average Regulars
66535,4,1,55.0,Average Regulars
69085,358,1,55.0,Average Regulars
35646,916,1,55.0,Average Regulars
35552,371,1,55.0,Average Regulars
2052,229,1,55.0,New Customers
71049,322,1,55.0,New Customers
45870,188,1,55.0,Average Regulars
26825,260,1,55.0,Average Regulars
44406,165,1,55.0,Average Regulars
84157,1807,1,55.0,Lost
3036,78,1,55.0,New Customers
73602,261,1,55.0,Average Regulars
32331,4,1,55.0,New Customers
2535,216,1,55.0,Average Regulars
75099,13,1,55.0,New Customers
3305,536,1,55.0,Average Regulars
16908,790,1,55.0,At Risk (High Value)
59185,7,1,55.0,Average Regulars
42368,855,1,55.0,Lost
4687,229,1,55.0,Average Regulars
16555,155,1,55.0,New Customers
63835,880,1,55.0,At Risk (High Value)
21691,376,1,55.0,Average Regulars
75935,284,1,55.0,New Customers
89892,1115,1,55.0,Lost
83202,6,1,55.0,New Customers
6846,1005,1,55.0,Lost
19752,1223,1,55.0,Lost
4064,386,1,55.0,Average Regulars
2032,210,1,55.0,Average Regulars
89778,128,1,55.0,Average Regulars
72598,68,1,55.0,Average Regulars
51545,276,1,55.0,New Customers
28773,1053,1,55.0,Lost
28332,299,1,55.0,Average Regulars
55324,290,1,55.0,New Customers
22321,53,1,55.0,New Customers
27435,443,1,55.0,Average Regulars
17738,946,1,55.0,Lost
27555,90,1,55.0,Average Regulars
23494,2040,1,55.0,Lost
76184,302,1,55.0,Average Regulars
46879,245,1,55.0,Average Regulars
99848,784,1,55.0,At Risk (High Value)
35200,127,1,55.0,Average Regulars
96652,1006,1,55.0,Lost
97205,41,1,55.0,New Customers
45815,602,1,55.0,Average Regulars
23237,224,1,55.0,Average Regulars
73261,717,1,55.0,At Risk (High Value)
64051,1068,1,55.0,At Risk (High Value)
44486,25,1,55.0,Average Regulars
66295,65,1,55.0,Average Regulars
72307,344,1,55.0,Average Regulars
99937,280,1,55.0,New Customers
22726,122,1,55.0,Average Regulars
36905,2124,1,55.0,Lost
68092,1000,1,55.0,Average Regulars
25536,436,1,55.0,Average Regulars
71298,5,1,55.0,New Customers
31317,704,1,55.0,Lost
34614,1404,1,55.0,Lost
31367,211,1,55.0,New Customers
26488,16,1,55.0,Average Regulars
52626,879,2,55.0,At Risk (High Value)
17424,1013,1,55.0,Lost
36968,1274,1,55.0,At Risk (High Value)
71815,113,1,55.0,Average Regulars
81146,196,1,55.0,Average Regulars
57957,326,1,55.0,Average Regulars
52267,375,1,55.0,Average Regulars
45457,67,1,55.0,Average Regulars
81689,180,1,55.0,New Customers
93906,39,1,55.0,Average Regulars
9644,367,1,55.0,Average Regulars
23174,679,1,55.0,At Risk (High Value)
89408,1466,1,55.0,Lost
60821,174,1,55.0,New Customers
64990,698,1,55.0,Lost
56256,719,1,55.0,Lost
98633,470,1,55.0,Average Regulars
91314,17,1,55.0,New Customers
38188,1159,1,55.0,At Risk (High Value)
64808,57,1,55.0,Average Regulars
68399,172,1,55.0,Average Regulars
46793,19,1,55.0,New Customers
16994,132,1,55.0,New Customers
4846,82,1,55.0,Average Regulars
92300,98,1,55.0,Average Regulars
42953,27,1,55.0,Average Regulars
69472,25,1,55.0,Average Regulars
30301,1154,1,55.0,Lost
3706,1004,1,55.0,Average Regulars
37825,137,1,55.0,Average Regulars
82475,2822,1,55.0,Lost
82994,1313,1,54.99,Lost
82119,233,1,54.99,Average Regulars
83440,519,1,54.99,Average Regulars
68558,4,1,54.99,Average Regulars
32070,1152,1,54.99,Average Regulars
31270,37,1,54.99,Average Regulars
46854,925,1,54.99,Lost
91621,994,1,54.99,Lost
90814,1582,1,54.99,Lost
1600,1677,1,54.99,At Risk (High Value)
81222,615,1,54.99,Average Regulars
97769,1424,1,54.99,Lost
31881,639,1,54.99,Average Regulars
48481,169,1,54.99,New Customers
73861,204,1,54.99,New Customers
25961,118,1,54.99,Average Regulars
40875,353,1,54.99,Average Regulars
71436,382,1,54.99,Average Regulars
76410,616,1,54.99,Average Regulars
39757,46,1,54.99,Average Regulars
90504,92,1,54.99,New Customers
57397,899,1,54.99,Average Regulars
53884,91,1,54.99,New Customers
83613,615,2,54.99,Average Regulars
93360,881,1,54.99,Lost
72755,48,1,54.99,Average Regulars
36981,356,1,54.99,Average Regulars
91565,309,1,54.99,Average Regulars
83463,1452,1,54.99,Lost
31883,288,1,54.99,New Customers
45368,1595,1,54.99,At Risk (High Value)
75632,761,1,54.99,At Risk (High Value)
95518,498,2,54.99,Average Regulars
60331,1086,1,54.99,Average Regulars
12154,197,1,54.99,Average Regulars
77875,196,1,54.99,Average Regulars
22710,348,1,54.99,Average Regulars
84507,208,1,54.99,New Customers
64643,237,1,54.99,New Customers
3699,188,2,54.99,Average Regulars
10247,764,1,54.99,Lost
84602,1386,1,54.99,Average Regulars
28006,599,1,54.99,Average Regulars
87695,891,1,54.99,Lost
6847,564,1,54.99,Average Regulars
40939,271,1,54.99,Average Regulars
70586,602,1,54.99,Average Regulars
1122,46,1,54.99,New Customers
32650,349,1,54.99,Average Regulars
4980,622,1,54.99,Average Regulars
52656,97,2,54.99,Average Regulars
7823,43,1,54.99,New Customers
5019,39,1,54.99,New Customers
64690,330,1,54.99,Average Regulars
89822,398,1,54.99,Average Regulars
45251,2196,1,54.99,Lost
57468,1454,1,54.99,Average Regulars
41240,855,1,54.99,Lost
47228,94,1,54.99,Average Regulars
98345,174,1,54.99,New Customers
27909,1162,1,54.99,At Risk (High Value)
93855,354,1,54.99,Average Regulars
75650,549,1,54.99,Average Regulars
93862,228,1,54.99,Average Regulars
3489,1084,1,54.99,Average Regulars
96045,1276,1,54.99,Lost
78492,1039,1,54.99,At Risk (High Value)
82000,1051,1,54.99,Lost
56654,582,1,54.99,Average Regulars
24203,400,1,54.99,Average Regulars
42554,203,1,54.99,Average Regulars
36205,1465,1,54.99,Lost
66135,2,1,54.99,Average Regulars
22394,22,1,54.99,Average Regulars
6891,253,1,54.99,Average Regulars
22549,143,1,54.98,Average Regulars
55268,135,1,54.98,Average Regulars
53750,609,1,54.98,Average Regulars
22211,231,2,54.98,Average Regulars
621,295,1,54.98,New Customers
90383,1078,1,54.98,Lost
77536,680,1,54.98,At Risk (High Value)
26793,368,1,54.98,Average Regulars
44701,183,1,54.98,Average Regulars
23592,281,1,54.98,New Customers
19218,463,1,54.98,Average Regulars
91483,179,1,54.98,New Customers
3412,1503,1,54.98,At Risk (High Value)
18119,252,1,54.98,New Customers
72274,119,2,54.98,Average Regulars
15653,1135,1,54.98,At Risk (High Value)
76544,455,1,54.97,Average Regulars
78054,1016,1,54.97,Average Regulars
57687,94,1,54.97,New Customers
32122,682,1,54.97,Lost
65930,207,1,54.96,New Customers
51467,93,1,54.95,Average Regulars
42997,2009,1,54.95,At Risk (High Value)
4832,57,1,54.95,Average Regulars
6586,585,2,54.95,Average Regulars
68045,1806,1,54.95,Average Regulars
33287,155,1,54.95,New Customers
9052,708,1,54.95,At Risk (High Value)
58796,236,1,54.95,New Customers
22076,105,1,54.95,New Customers
74005,4,1,54.95,Average Regulars
74125,90,1,54.95,Average Regulars
17327,157,1,54.95,New Customers
25699,161,1,54.95,Average Regulars
83993,69,1,54.95,Average Regulars
22164,1328,1,54.95,Lost
8860,1824,1,54.95,Lost
13075,17,1,54.95,Average Regulars
4195,2464,1,54.95,At Risk (High Value)
57570,277,1,54.95,Average Regulars
13364,810,1,54.95,At Risk (High Value)
80793,696,1,54.95,At Risk (High Value)
16535,865,1,54.95,At Risk (High Value)
82051,78,2,54.95,Average Regulars
1363,993,1,54.95,Lost
5614,66,1,54.95,Average Regulars
82090,2387,1,54.95,At Risk (High Value)
34954,716,1,54.95,Lost
6578,1858,1,54.95,Average Regulars
19664,1137,1,54.95,Average Regulars
55092,635,1,54.95,Average Regulars
68627,1320,1,54.95,At Risk (High Value)
68549,394,1,54.95,Average Regulars
88903,347,1,54.95,Average Regulars
76580,16,1,54.95,Average Regulars
87675,122,2,54.95,Average Regulars
94270,1689,1,54.95,Lost
89335,2069,1,54.95,Lost
83110,1574,1,54.95,Lost
30759,194,1,54.95,New Customers
26867,937,1,54.95,Average Regulars
2262,557,1,54.95,Average Regulars
97886,929,1,54.95,Lost
81166,983,1,54.95,Lost
5427,619,1,54.95,Average Regulars
93728,339,1,54.95,Average Regulars
81352,1167,1,54.94,Lost
39402,13,2,54.93,Average Regulars
18788,166,1,54.9,Average Regulars
54697,663,1,54.9,At Risk (High Value)
72781,340,1,54.9,Average Regulars
17422,45,1,54.9,New Customers
27747,1305,1,54.9,Lost
498,97,1,54.9,Average Regulars
16919,26,2,54.88,Average Regulars
77030,575,1,54.85,Average Regulars
52304,651,1,54.83,Average Regulars
96602,402,1,54.74,Average Regulars
62210,19,1,54.73,Average Regulars
4926,915,1,54.73,Average Regulars
12075,1579,1,54.73,Average Regulars
5713,797,1,54.7,Lost
78234,113,1,54.66,Average Regulars
86899,225,1,54.66,New Customers
45828,1151,2,54.66,At Risk (High Value)
33045,283,1,54.63,New Customers
75969,550,1,54.6,Average Regulars
98378,108,2,54.57,Average Regulars
47844,62,1,54.57,Average Regulars
14378,1835,1,54.54,At Risk (High Value)
46066,100,1,54.54,New Customers
5408,1366,1,54.54,Average Regulars
29009,371,1,54.52,Average Regulars
62429,2124,1,54.5,Lost
61321,817,1,54.5,Lost
36455,312,1,54.5,New Customers
22410,344,1,54.5,Average Regulars
34871,1907,1,54.5,At Risk (High Value)
48783,1450,1,54.5,Lost
85076,659,1,54.5,Lost
88323,175,1,54.5,New Customers
90730,1369,1,54.5,Average Regulars
21783,608,1,54.5,Average Regulars
19853,157,1,54.5,New Customers
91437,477,2,54.5,Average Regulars
14601,1021,1,54.5,Average Regulars
56684,106,1,54.5,Average Regulars
18502,1287,1,54.5,Lost
63428,1000,2,54.5,At Risk (High Value)
64561,161,1,54.5,Average Regulars
1504,64,1,54.5,Average Regulars
31104,1570,1,54.5,Lost
84192,806,1,54.5,Lost
75549,1054,1,54.5,Lost
50192,204,1,54.5,New Customers
51920,1515,1,54.5,Lost
94932,31,1,54.5,Average Regulars
9843,1384,1,54.5,Average Regulars
56599,8,2,54.5,Average Regulars
25024,2329,1,54.5,At Risk (High Value)
40329,313,1,54.5,Average Regulars
50761,786,1,54.5,Lost
58947,1360,1,54.5,At Risk (High Value)
51384,1658,1,54.5,Lost
74559,65,1,54.5,New Customers
17799,231,1,54.49,Average Regulars
61353,556,2,54.49,Average Regulars
57100,1564,1,54.49,At Risk (High Value)
70153,636,1,54.49,Average Regulars
23635,2,1,54.49,Average Regulars
17117,59,1,54.45,New Customers
59081,847,1,54.45,At Risk (High Value)
70066,811,1,54.45,Lost
55980,24,1,54.45,Average Regulars
54603,327,1,54.45,Average Regulars
29078,732,1,54.42,Lost
59173,1637,1,54.4,At Risk (High Value)
84332,218,2,54.39,Average Regulars
12072,208,1,54.34,Average Regulars
94218,851,1,54.21,Lost
56342,65,1,54.15,Average Regulars
94630,189,1,54.11,Average Regulars
92567,1552,1,54.05,At Risk (High Value)
34025,452,1,54.02,Average Regulars
45399,153,1,54.01,New Customers
45731,62,2,54.01,Average Regulars
77082,673,1,54.0,Lost
63482,491,1,54.0,Average Regulars
38816,1879,1,54.0,Lost
97351,383,1,54.0,Average Regulars
91434,612,1,54.0,Average Regulars
17465,977,1,54.0,Lost
12681,17,1,54.0,New Customers
40321,630,1,54.0,Average Regulars
46865,38,1,54.0,Average Regulars
13141,1521,1,54.0,Average Regulars
5983,175,1,54.0,New Customers
59192,214,1,54.0,Average Regulars
93886,298,1,54.0,New Customers
50899,1466,1,54.0,Average Regulars
52430,970,1,54.0,Lost
88147,42,1,54.0,Average Regulars
3647,764,1,54.0,At Risk (High Value)
37930,841,1,54.0,Lost
90804,190,1,54.0,Average Regulars
58577,582,2,54.0,Average Regulars
317,455,1,54.0,Average Regulars
93721,1072,1,54.0,Average Regulars
95894,10,1,54.0,Average Regulars
38094,1855,1,54.0,Average Regulars
86708,917,1,54.0,Lost
13541,31,1,54.0,Average Regulars
90540,240,1,54.0,New Customers
15673,203,1,54.0,New Customers
80317,328,1,54.0,Average Regulars
78024,311,1,54.0,Average Regulars
44525,1938,1,54.0,Lost
89220,173,1,54.0,New Customers
78215,209,1,54.0,Average Regulars
96941,255,1,54.0,New Customers
5502,1386,1,54.0,Lost
90999,1344,1,54.0,At Risk (High Value)
91031,1740,1,54.0,Average Regulars
65379,2045,1,54.0,Lost
71947,88,1,54.0,Average Regulars
99571,1663,1,54.0,At Risk (High Value)
23046,459,1,54.0,Average Regulars
86341,866,1,54.0,Lost
51677,1456,1,54.0,Average Regulars
75312,236,1,54.0,Average Regulars
21281,50,1,54.0,Average Regulars
10657,313,1,54.0,New Customers
30776,1261,1,54.0,Lost
64133,417,1,54.0,Average Regulars
54715,144,1,54.0,New Customers
29231,966,1,54.0,Lost
48579,50,1,54.0,New Customers
45198,449,1,54.0,Average Regulars
20559,298,1,54.0,Average Regulars
38699,270,1,54.0,Average Regulars
45183,42,1,54.0,New Customers
8037,79,1,54.0,Average Regulars
96480,125,1,54.0,Average Regulars
7559,1892,1,54.0,Average Regulars
99754,616,1,54.0,Average Regulars
68602,1860,1,54.0,Average Regulars
17966,228,1,54.0,Average Regulars
5503,1078,1,54.0,Lost
98562,36,1,54.0,Average Regulars
48784,1051,1,54.0,Lost
94374,635,1,54.0,Average Regulars
96777,525,1,54.0,Average Regulars
96656,2108,1,54.0,Lost
7188,931,1,54.0,Lost
46063,432,1,54.0,Average Regulars
79517,634,1,54.0,Average Regulars
46060,99,1,54.0,Average Regulars
93541,208,1,54.0,New Customers
95799,307,1,54.0,Average Regulars
68610,403,1,54.0,Average Regulars
26567,1812,1,54.0,Lost
39034,1539,1,54.0,Lost
84266,11,1,54.0,New Customers
76765,199,1,54.0,New Customers
93467,78,1,54.0,Average Regulars
89918,624,1,53.99,Average Regulars
66993,379,1,53.99,Average Regulars
36190,458,1,53.99,Average Regulars
50053,770,1,53.99,At Risk (High Value)
70383,1753,1,53.99,Average Regulars
78827,1114,1,53.99,At Risk (High Value)
92318,698,1,53.99,Lost
19401,290,1,53.99,New Customers
49272,523,1,53.99,Average Regulars
26257,94,1,53.99,Average Regulars
94260,832,1,53.99,At Risk (High Value)
55350,425,1,53.99,Average Regulars
46918,70,1,53.99,Average Regulars
62237,65,2,53.99,Average Regulars
70618,66,1,53.99,New Customers
27880,736,1,53.99,Lost
68447,1272,1,53.99,Lost
65426,110,2,53.99,Average Regulars
43569,119,1,53.99,New Customers
99103,1048,1,53.99,At Risk (High Value)
35562,4,1,53.99,Average Regulars
36738,358,1,53.99,Average Regulars
96180,65,1,53.99,Average Regulars
29019,1560,1,53.99,Average Regulars
2514,1574,1,53.98,Lost
71399,523,1,53.98,Average Regulars
42594,296,1,53.98,New Customers
36622,1199,1,53.98,Lost
50194,191,1,53.98,Average Regulars
32870,770,1,53.98,At Risk (High Value)
75283,534,1,53.98,Average Regulars
42934,40,1,53.98,New Customers
93211,525,1,53.97,Average Regulars
35853,526,2,53.97,Average Regulars
12447,374,1,53.97,Average Regulars
29387,66,1,53.97,Average Regulars
50842,422,1,53.96,Average Regulars
78385,246,1,53.96,Average Regulars
21133,2392,1,53.95,Lost
97624,1075,1,53.95,At Risk (High Value)
6400,1514,1,53.95,Average Regulars
32689,613,1,53.95,Average Regulars
18601,125,1,53.95,Average Regulars
46790,2409,1,53.95,Lost
45822,1644,1,53.95,Lost
97606,105,1,53.95,Average Regulars
5206,1153,1,53.95,At Risk (High Value)
49835,1071,1,53.95,Lost
34588,224,1,53.95,Average Regulars
5222,131,1,53.95,Average Regulars
1006,924,1,53.95,Average Regulars
46115,1305,1,53.95,At Risk (High Value)
19817,817,1,53.95,Lost
99397,2,1,53.95,New Customers
58484,2114,1,53.94,At Risk (High Value)
40031,719,1,53.94,At Risk (High Value)
4274,206,1,53.93,New Customers
78367,241,1,53.93,New Customers
96711,514,1,53.93,Average Regulars
33927,1931,1,53.93,At Risk (High Value)
47333,129,1,53.93,Average Regulars
17061,321,1,53.92,Average Regulars
96200,302,3,53.92,Average Regulars
73543,935,1,53.9,Lost
25038,1360,1,53.89,Lost
6622,1017,1,53.88,Lost
69427,34,1,53.86,New Customers
47666,204,1,53.82,New Customers
66254,880,1,53.75,Lost
78349,79,1,53.74,Average Regulars
34505,997,1,53.73,Lost
95090,1355,1,53.73,Lost
18357,223,2,53.69,Average Regulars
58879,1926,1,53.65,At Risk (High Value)
84984,158,1,53.63,New Customers
69099,504,1,53.56,Average Regulars
66327,2422,1,53.55,Lost
42906,980,1,53.55,Average Regulars
84074,0,2,53.53,Average Regulars
66910,608,1,53.5,Average Regulars
93488,384,1,53.5,Average Regulars
82610,68,1,53.5,Average Regulars
46441,28,1,53.5,New Customers
14395,436,2,53.46,Average Regulars
20165,12,1,53.45,Average Regulars
56791,616,1,53.45,Average Regulars
52195,1218,1,53.41,At Risk (High Value)
9524,730,1,53.39,Lost
4524,1069,1,53.39,Lost
65582,233,1,53.34,Average Regulars
52917,553,1,53.33,Average Regulars
75213,2531,1,53.31,Average Regulars
7078,182,1,53.31,New Customers
26273,1114,1,53.29,Lost
60916,361,1,53.29,Average Regulars
99774,150,1,53.27,Average Regulars
84760,631,1,53.26,Average Regulars
89840,495,1,53.26,Average Regulars
78019,1046,1,53.22,Lost
32769,89,2,53.21,Average Regulars
36104,121,1,53.2,Average Regulars
2544,485,1,53.18,Average Regulars
70777,901,1,53.18,Average Regulars
88730,411,2,53.17,Average Regulars
8984,1364,1,53.15,Average Regulars
35109,1693,1,53.15,Lost
50414,722,2,53.14,At Risk (High Value)
15578,260,1,53.11,New Customers
96036,1638,1,53.07,Lost
5,676,1,53.03,At Risk (High Value)
47015,1392,1,53.02,Lost
36480,1417,1,53.01,Lost
22574,4,1,53.0,Average Regulars
95958,903,1,53.0,Lost
43251,2140,1,53.0,Lost
33853,441,1,53.0,Average Regulars
41143,45,1,53.0,Average Regulars
31614,98,1,53.0,New Customers
43503,554,1,53.0,Average Regulars
74043,1367,1,53.0,Average Regulars
45060,1398,2,53.0,At Risk (High Value)
37581,454,1,53.0,Average Regulars
88838,1784,1,53.0,Lost
83156,621,1,53.0,Average Regulars
18883,490,1,53.0,Average Regulars
49982,260,1,53.0,Average Regulars
47138,20,1,53.0,Average Regulars
2571,4,1,53.0,Average Regulars
94357,123,1,53.0,Average Regulars
18708,147,1,53.0,Average Regulars
4333,1678,1,53.0,At Risk (High Value)
29537,13,1,53.0,Average Regulars
18494,753,1,53.0,At Risk (High Value)
99776,85,1,53.0,Average Regulars
13816,1927,1,53.0,At Risk (High Value)
93449,4,1,53.0,Average Regulars
9646,80,1,53.0,New Customers
43311,171,1,52.99,New Customers
5722,4,1,52.99,New Customers
41250,407,2,52.99,Average Regulars
10673,2358,1,52.99,Lost
96852,76,1,52.99,Average Regulars
27915,1120,2,52.99,At Risk (High Value)
71426,103,1,52.99,New Customers
73303,347,1,52.99,Average Regulars
26684,944,1,52.99,Average Regulars
33811,913,1,52.99,Lost
31419,309,2,52.99,Average Regulars
65214,282,1,52.99,Average Regulars
63798,577,1,52.99,Average Regulars
49412,509,1,52.99,Average Regulars
36898,555,1,52.99,Average Regulars
50221,1850,1,52.99,Average Regulars
61292,80,1,52.98,Average Regulars
31743,516,2,52.98,Average Regulars
87246,2522,1,52.98,Lost
95392,1413,2,52.98,At Risk (High Value)
16910,358,1,52.98,Average Regulars
50846,17,1,52.98,New Customers
69266,868,1,52.98,Lost
15573,2146,1,52.97,Lost
67126,939,1,52.97,Lost
68312,960,1,52.95,Average Regulars
20706,15,1,52.95,Average Regulars
30022,153,2,52.95,Average Regulars
59968,626,1,52.95,Average Regulars
33880,1252,1,52.95,Lost
89841,551,1,52.95,Average Regulars
79456,1546,1,52.95,At Risk (High Value)
29860,419,1,52.95,Average Regulars
8147,570,1,52.95,Average Regulars
7701,278,1,52.95,New Customers
52126,25,1,52.95,Average Regulars
17793,1043,1,52.95,Lost
19933,1269,1,52.95,Lost
91048,326,1,52.95,Average Regulars
45563,33,1,52.94,Average Regulars
50481,324,1,52.94,Average Regulars
4657,25,1,52.92,New Customers
5881,1537,2,52.9,At Risk (High Value)
73681,18,2,52.9,Average Regulars
35282,582,1,52.9,Average Regulars
85652,1541,1,52.88,At Risk (High Value)
52225,907,1,52.87,Lost
75577,1050,1,52.87,Lost
15959,2054,1,52.86,Lost
96109,39,1,52.86,New Customers
83874,416,1,52.81,Average Regulars
28770,1127,1,52.81,Lost
41304,1357,1,52.81,Lost
78204,1182,1,52.8,At Risk (High Value)
68191,1506,1,52.79,Average Regulars
11877,1094,1,52.78,Average Regulars
16085,997,1,52.78,Average Regulars
28373,418,1,52.78,Average Regulars
49616,4,2,52.75,Average Regulars
63029,26,1,52.75,New Customers
83970,279,2,52.74,Average Regulars
38931,237,1,52.73,Average Regulars
12734,4,1,52.71,Average Regulars
32853,238,1,52.65,New Customers
34665,823,1,52.59,Lost
88347,286,1,52.59,Average Regulars
740,483,1,52.59,Average Regulars
54790,846,1,52.59,Lost
37027,1657,1,52.55,At Risk (High Value)
85838,340,1,52.54,Average Regulars
30943,351,1,52.54,Average Regulars
34087,71,1,52.53,Average Regulars
23973,421,1,52.53,Average Regulars
89239,7,1,52.5,New Customers
41201,373,1,52.5,Average Regulars
98022,1755,1,52.5,Average Regulars
57974,155,1,52.5,Average Regulars
32092,495,1,52.5,Average Regulars
42904,851,1,52.5,Lost
48463,536,1,52.5,Average Regulars
39342,72,2,52.49,Average Regulars
51487,246,2,52.49,Average Regulars
55371,157,1,52.48,New Customers
89691,531,1,52.48,Average Regulars
2530,208,1,52.45,New Customers
81799,1671,1,52.45,At Risk (High Value)
33276,938,1,52.45,Average Regulars
54325,48,1,52.45,New Customers
62858,107,2,52.44,Average Regulars
43352,1352,1,52.43,At Risk (High Value)
93879,855,3,52.41,At Risk (High Value)
66245,1131,1,52.4,Average Regulars
83200,881,1,52.4,Lost
9946,44,1,52.39,New Customers
52047,2003,1,52.33,At Risk (High Value)
63641,799,1,52.28,Lost
32258,222,1,52.25,New Customers
37435,247,1,52.25,Average Regulars
97329,149,1,52.25,New Customers
2979,18,1,52.2,Average Regulars
13565,406,1,52.2,Average Regulars
89061,1162,1,52.17,Lost
36836,415,1,52.13,Average Regulars
53643,112,1,52.13,Average Regulars
41453,92,1,52.12,Average Regulars
5160,304,1,52.07,Average Regulars
33550,995,1,52.05,Average Regulars
96767,459,1,52.04,Average Regulars
22489,44,1,52.01,Average Regulars
25756,8,1,52.01,New Customers
51350,177,1,52.0,New Customers
80788,444,1,52.0,Average Regulars
29879,44,1,52.0,New Customers
47059,1040,1,52.0,At Risk (High Value)
60212,1054,1,52.0,Lost
60299,2422,1,52.0,Lost
9421,548,1,52.0,Average Regulars
84548,481,1,52.0,Average Regulars
90649,2231,1,52.0,At Risk (High Value)
3320,94,1,52.0,Average Regulars
18860,882,1,52.0,Lost
63383,1043,1,52.0,Lost
93740,310,1,52.0,Average Regulars
1654,1210,1,52.0,Lost
80575,243,1,52.0,New Customers
57113,766,1,52.0,At Risk (High Value)
90766,1003,1,52.0,Average Regulars
90836,1306,1,52.0,At Risk (High Value)
57851,83,1,52.0,Average Regulars
40477,720,1,52.0,At Risk (High Value)
56466,842,1,52.0,At Risk (High Value)
28435,518,1,52.0,Average Regulars
40201,47,1,52.0,Average Regulars
19407,199,1,52.0,New Customers
31869,16,1,52.0,New Customers
28633,38,1,52.0,New Customers
12861,5,1,52.0,New Customers
58636,1450,1,52.0,Average Regulars
43367,744,1,52.0,At Risk (High Value)
87590,593,1,52.0,Average Regulars
72298,1008,1,52.0,Lost
16668,49,1,52.0,Average Regulars
26615,194,1,52.0,New Customers
49961,445,1,52.0,Average Regulars
88324,8,1,52.0,New Customers
20207,200,1,52.0,New Customers
61476,1714,1,52.0,At Risk (High Value)
86576,538,1,52.0,Average Regulars
58449,568,1,52.0,Average Regulars
79952,2260,1,52.0,Lost
63875,38,1,52.0,Average Regulars
37262,844,1,52.0,Lost
18642,161,1,52.0,Average Regulars
14802,254,1,52.0,Average Regulars
31129,497,1,52.0,Average Regulars
82680,1148,1,52.0,Average Regulars
50725,897,1,52.0,Average Regulars
94281,127,1,52.0,Average Regulars
36581,1123,1,52.0,At Risk (High Value)
37998,950,1,52.0,Lost
5359,39,1,52.0,Average Regulars
56709,1571,1,52.0,Average Regulars
20718,4,1,52.0,Average Regulars
6076,1047,1,52.0,Average Regulars
9076,77,1,52.0,Average Regulars
58324,531,1,52.0,Average Regulars
80463,178,2,52.0,Average Regulars
51412,2171,1,52.0,At Risk (High Value)
69840,524,1,52.0,Average Regulars
76379,500,1,52.0,Average Regulars
1263,1192,1,52.0,Lost
85117,1166,1,52.0,At Risk (High Value)
8188,1992,1,52.0,Lost
73897,1456,1,52.0,Average Regulars
75280,1411,1,52.0,Lost
89443,483,1,52.0,Average Regulars
1129,46,1,52.0,Average Regulars
39685,166,1,52.0,New Customers
3725,970,1,52.0,Average Regulars
87000,621,1,52.0,Average Regulars
66755,21,1,52.0,New Customers
28755,308,1,52.0,Average Regulars
24147,366,1,52.0,Average Regulars
63598,16,1,52.0,Average Regulars
19582,478,1,52.0,Average Regulars
22244,487,1,52.0,Average Regulars
22179,290,1,52.0,New Customers
68763,1201,1,52.0,Lost
19264,529,1,52.0,Average Regulars
33036,281,1,52.0,New Customers
84146,236,1,52.0,Average Regulars
52344,427,1,51.99,Average Regulars
69354,418,1,51.99,Average Regulars
78874,452,1,51.99,Average Regulars
19482,7,1,51.99,Average Regulars
88434,553,1,51.99,Average Regulars
6532,10,1,51.99,New Customers
54518,2317,1,51.99,Lost
38288,481,1,51.99,Average Regulars
77133,1470,1,51.99,Lost
63143,1306,1,51.99,Lost
26234,380,1,51.99,Average Regulars
82439,52,1,51.99,New Customers
70058,1017,1,51.99,Average Regulars
56226,188,2,51.99,Average Regulars
65467,819,1,51.99,Lost
27266,58,1,51.99,Average Regulars
70596,1420,1,51.99,Average Regulars
66184,4,1,51.99,New Customers
98112,3,1,51.99,Average Regulars
9155,1028,1,51.99,Average Regulars
73898,1280,1,51.99,At Risk (High Value)
67149,1053,1,51.99,At Risk (High Value)
94352,2382,1,51.99,Lost
11063,1154,1,51.99,Lost
42719,1033,1,51.99,Average Regulars
23117,458,1,51.99,Average Regulars
99660,1283,1,51.99,Lost
80824,270,1,51.99,New Customers
65957,1333,1,51.98,Lost
80600,966,2,51.98,At Risk (High Value)
77561,411,1,51.98,Average Regulars
46316,19,1,51.98,Average Regulars
19507,4,2,51.98,Average Regulars
47206,490,1,51.98,Average Regulars
26928,152,2,51.97,Average Regulars
82343,409,1,51.97,Average Regulars
46565,1477,1,51.97,At Risk (High Value)
64164,86,1,51.97,Average Regulars
26758,668,1,51.96,At Risk (High Value)
72381,121,1,51.96,New Customers
3518,324,1,51.95,Average Regulars
54094,1365,1,51.95,Lost
56576,1469,1,51.95,Lost
6383,362,2,51.95,Average Regulars
96916,509,1,51.95,Average Regulars
42624,248,1,51.95,Average Regulars
52334,6,1,51.95,Average Regulars
54789,17,1,51.95,Average Regulars
63895,1679,1,51.95,At Risk (High Value)
1160,4,1,51.95,Average Regulars
88547,1736,1,51.95,Lost
90849,165,1,51.95,Average Regulars
41930,153,1,51.95,Average Regulars
60357,1045,1,51.95,Lost
39482,260,1,51.95,Average Regulars
78216,1286,1,51.95,At Risk (High Value)
60035,217,1,51.95,New Customers
57654,1335,1,51.95,Lost
30531,185,1,51.95,New Customers
60074,909,1,51.95,Lost
11949,642,1,51.94,Average Regulars
74587,234,1,51.94,Average Regulars
92587,17,2,51.89,Average Regulars
13069,1152,1,51.89,At Risk (High Value)
10165,334,1,51.87,Average Regulars
65224,563,1,51.87,Average Regulars
99066,5,2,51.85,Average Regulars
36664,450,1,51.79,Average Regulars
83682,970,1,51.78,Lost
50976,315,2,51.77,Average Regulars
91082,32,1,51.75,Average Regulars
30305,1048,1,51.75,Lost
47864,61,1,51.75,Average Regulars
92582,1139,1,51.75,Average Regulars
44343,26,1,51.75,New Customers
48349,5,1,51.74,New Customers
69302,31,1,51.74,New Customers
86145,210,1,51.72,New Customers
6607,865,1,51.68,Lost
63775,4,1,51.6,New Customers
7975,290,2,51.54,Average Regulars
81704,19,1,51.5,New Customers
74212,225,2,51.49,Average Regulars
61076,1622,1,51.48,Lost
79353,719,1,51.48,Lost
12060,793,1,51.47,At Risk (High Value)
64416,150,1,51.46,New Customers
74911,79,1,51.45,New Customers
89605,298,1,51.44,New Customers
96896,570,1,51.41,Average Regulars
14293,623,2,51.41,Average Regulars
29451,108,1,51.4,New Customers
9204,205,1,51.4,Average Regulars
203,300,2,51.34,Average Regulars
97095,614,1,51.31,Average Regulars
11232,202,2,51.3,Average Regulars
34232,491,1,51.21,Average Regulars
43243,51,1,51.2,Average Regulars
51500,1993,1,51.19,Lost
90843,443,1,51.19,Average Regulars
80605,2452,1,51.19,Lost
42072,1197,1,51.17,At Risk (High Value)
90202,204,1,51.11,Average Regulars
59531,519,1,51.1,Average Regulars
53864,268,1,51.07,Average Regulars
65310,938,1,51.07,Lost
97386,41,1,51.06,Average Regulars
38518,49,3,51.04,Average Regulars
53726,81,1,51.01,Average Regulars
68402,1457,1,51.01,Lost
93804,1670,1,51.0,At Risk (High Value)
5373,742,1,51.0,At Risk (High Value)
83016,416,2,51.0,Average Regulars
409,444,2,51.0,Average Regulars
39220,1603,1,51.0,At Risk (High Value)
28836,80,1,51.0,Average Regulars
86474,95,1,51.0,New Customers
49654,138,1,51.0,New Customers
32992,357,1,51.0,Average Regulars
32470,784,1,51.0,Lost
64312,703,1,51.0,Lost
87310,1306,1,51.0,At Risk (High Value)
67424,1062,1,51.0,Lost
12890,469,1,50.99,Average Regulars
65675,167,2,50.99,Average Regulars
34575,289,2,50.99,Average Regulars
95266,729,1,50.99,At Risk (High Value)
52857,1524,1,50.99,Average Regulars
78373,50,1,50.99,Average Regulars
76951,131,2,50.99,Average Regulars
5155,170,1,50.99,New Customers
58082,748,1,50.99,At Risk (High Value)
64497,5,1,50.99,Average Regulars
70827,240,1,50.98,New Customers
52224,188,1,50.95,Average Regulars
83797,83,1,50.95,Average Regulars
24212,893,1,50.95,Lost
59727,309,2,50.95,Average Regulars
85152,25,2,50.95,Average Regulars
19637,170,1,50.95,New Customers
82109,70,2,50.95,Average Regulars
88575,33,1,50.94,New Customers
55869,4,1,50.94,New Customers
64619,1263,1,50.89,Lost
82213,77,1,50.88,New Customers
35813,1279,1,50.88,At Risk (High Value)
76404,1369,1,50.88,Average Regulars
66664,2138,1,50.88,At Risk (High Value)
82268,281,1,50.88,New Customers
484,1668,2,50.87,At Risk (High Value)
62140,1817,1,50.8,At Risk (High Value)
87552,735,1,50.75,Lost
65713,761,1,50.74,Lost
25101,498,1,50.73,Average Regulars
75593,31,1,50.7,New Customers
84293,54,1,50.69,Average Regulars
17521,4,1,50.67,Average Regulars
91708,26,1,50.67,Average Regulars
74432,4,1,50.63,New Customers
77931,507,1,50.62,Average Regulars
23713,86,2,50.59,Average Regulars
69462,505,2,50.58,Average Regulars
15105,520,1,50.58,Average Regulars
3876,498,1,50.58,Average Regulars
76969,537,1,50.54,Average Regulars
49721,330,1,50.5,Average Regulars
1389,293,1,50.5,New Customers
76095,334,1,50.5,Average Regulars
55097,601,1,50.5,Average Regulars
59279,1206,1,50.49,At Risk (High Value)
66883,202,1,50.49,New Customers
36528,874,1,50.49,Lost
67074,739,1,50.49,Lost
58793,2351,1,50.49,Lost
39905,531,1,50.49,Average Regulars
50575,436,2,50.47,Average Regulars
90272,1395,1,50.47,Lost
91380,1428,1,50.46,Lost
90638,642,1,50.46,Average Regulars
75496,780,1,50.46,Lost
64172,507,1,50.46,Average Regulars
62124,435,1,50.46,Average Regulars
28396,880,1,50.45,Lost
95753,1144,1,50.45,At Risk (High Value)
15533,510,1,50.42,Average Regulars
72703,501,1,50.41,Average Regulars
92447,64,1,50.41,New Customers
22018,252,1,50.41,New Customers
15648,494,1,50.4,Average Regulars
35060,247,1,50.38,Average Regulars
74089,1470,1,50.38,Lost
42752,533,1,50.38,Average Regulars
61179,423,1,50.35,Average Regulars
68510,297,1,50.35,Average Regulars
88939,8,1,50.35,Average Regulars
85442,133,1,50.35,New Customers
40579,454,1,50.35,Average Regulars
45042,161,2,50.26,Average Regulars
10532,1329,1,50.25,Lost
83534,370,1,50.25,Average Regulars
86798,931,2,50.25,At Risk (High Value)
9115,213,1,50.23,New Customers
96327,892,2,50.21,At Risk (High Value)
41740,350,1,50.19,Average Regulars
5749,378,1,50.19,Average Regulars
62736,1220,1,50.19,Lost
47762,794,1,50.17,At Risk (High Value)
46450,1239,1,50.17,Lost
78232,1043,1,50.15,At Risk (High Value)
89848,352,1,50.12,Average Regulars
305,1512,1,50.12,Lost
30532,330,1,50.09,Average Regulars
48342,1175,2,50.03,At Risk (High Value)
70500,2370,1,50.01,Lost
87447,693,1,50.0,Lost
39635,436,1,50.0,Average Regulars
65570,578,1,50.0,Average Regulars
5329,184,1,50.0,New Customers
29563,2192,1,50.0,Lost
11347,1562,1,50.0,Average Regulars
77492,1244,1,50.0,At Risk (High Value)
81093,612,1,50.0,Average Regulars
20459,543,1,50.0,Average Regulars
13083,564,1,50.0,Average Regulars
28060,1672,1,50.0,Lost
94905,239,1,50.0,New Customers
85676,1328,1,50.0,At Risk (High Value)
63077,463,1,50.0,Average Regulars
296,627,1,50.0,Average Regulars
45325,1094,1,50.0,Lost
3476,400,1,50.0,Average Regulars
18954,408,1,50.0,Average Regulars
24105,265,1,50.0,New Customers
87861,976,1,50.0,Lost
43703,843,1,50.0,At Risk (High Value)
51110,142,1,50.0,Average Regulars
64652,198,1,50.0,New Customers
60346,313,1,50.0,Average Regulars
994,241,1,50.0,New Customers
814,1881,1,50.0,Average Regulars
54850,805,1,50.0,Lost
55911,1429,1,50.0,Lost
13646,713,1,50.0,At Risk (High Value)
78868,383,1,50.0,Average Regulars
14032,2155,1,50.0,Lost
63697,677,1,50.0,At Risk (High Value)
85061,1066,1,50.0,Average Regulars
51863,1079,1,50.0,Lost
40181,387,1,50.0,Average Regulars
74580,74,1,50.0,Average Regulars
35208,627,1,50.0,Average Regulars
50912,722,1,50.0,At Risk (High Value)
79423,135,1,50.0,New Customers
53063,883,1,50.0,Lost
74514,177,1,50.0,Average Regulars
82548,749,1,50.0,Lost
5521,575,1,50.0,Average Regulars
77226,336,1,50.0,Average Regulars
33274,1075,1,50.0,Average Regulars
17063,1569,1,50.0,Lost
7379,313,1,50.0,Average Regulars
74967,42,1,50.0,Average Regulars
98609,1999,1,50.0,At Risk (High Value)
68442,50,1,50.0,Average Regulars
79588,1775,1,50.0,Lost
18576,1006,1,50.0,Average Regulars
13460,1078,1,50.0,Lost
28505,47,1,50.0,Average Regulars
79245,691,1,50.0,Lost
18002,221,1,50.0,Average Regulars
86970,1368,1,50.0,Lost
27650,844,1,50.0,At Risk (High Value)
18344,103,1,50.0,Average Regulars
58257,277,1,50.0,New Customers
26495,1190,1,50.0,At Risk (High Value)
50632,949,1,50.0,Average Regulars
2036,114,1,50.0,New Customers
14435,5,1,50.0,Average Regulars
84921,322,1,50.0,Average Regulars
21054,398,1,50.0,Average Regulars
20732,70,1,50.0,Average Regulars
27233,358,1,50.0,Average Regulars
4887,842,1,50.0,Lost
89725,913,1,50.0,Average Regulars
13260,1186,1,50.0,At Risk (High Value)
84843,930,1,50.0,Lost
68501,226,1,50.0,New Customers
27899,22,1,50.0,Average Regulars
40852,314,1,50.0,New Customers
10075,156,1,50.0,New Customers
17309,388,1,50.0,Average Regulars
92816,131,1,50.0,New Customers
33812,807,1,50.0,Lost
97101,429,1,50.0,Average Regulars
88841,292,1,50.0,Average Regulars
92942,643,1,50.0,Average Regulars
94938,188,1,50.0,New Customers
92365,559,1,50.0,Average Regulars
85350,542,1,50.0,Average Regulars
65832,647,1,50.0,Average Regulars
89574,2146,1,50.0,At Risk (High Value)
72488,758,1,50.0,At Risk (High Value)
91199,1035,1,50.0,Lost
18139,108,1,50.0,Average Regulars
1898,46,1,50.0,Average Regulars
46197,1726,1,50.0,Lost
50981,91,1,50.0,Average Regulars
22180,127,1,50.0,New Customers
65972,615,1,50.0,Average Regulars
58505,543,1,50.0,Average Regulars
89472,266,1,50.0,Average Regulars
10719,266,1,50.0,Average Regulars
25299,202,1,50.0,Average Regulars
24988,485,1,50.0,Average Regulars
1557,161,1,50.0,New Customers
78371,501,1,50.0,Average Regulars
19478,689,1,50.0,Lost
18721,1467,1,50.0,Lost
74429,1148,1,50.0,Lost
14743,262,1,50.0,New Customers
19200,1952,1,50.0,At Risk (High Value)
69834,949,1,50.0,Lost
13734,4,1,50.0,Average Regulars
82283,734,1,50.0,At Risk (High Value)
69913,1202,1,50.0,Lost
33895,18,1,50.0,Average Regulars
19743,780,1,50.0,Lost
17155,623,1,50.0,Average Regulars
59676,503,1,50.0,Average Regulars
38883,9,1,50.0,Average Regulars
68397,172,1,50.0,Average Regulars
38267,137,1,50.0,Average Regulars
64849,1836,1,50.0,At Risk (High Value)
24314,19,1,50.0,Average Regulars
62698,2135,1,50.0,Lost
42486,922,1,50.0,Lost
67668,630,1,50.0,Average Regulars
6497,173,1,50.0,New Customers
65824,228,1,50.0,New Customers
34357,188,2,50.0,Average Regulars
38438,347,1,50.0,Average Regulars
25068,9,1,49.99,New Customers
9613,173,1,49.99,New Customers
62449,1172,1,49.99,At Risk (High Value)
20575,86,1,49.99,Average Regulars
1502,1436,1,49.99,Average Regulars
2745,723,1,49.99,At Risk (High Value)
3181,337,1,49.99,Average Regulars
5212,318,1,49.99,Average Regulars
4530,480,1,49.99,Average Regulars
55271,984,1,49.99,Average Regulars
73074,351,1,49.99,Average Regulars
32837,812,1,49.99,Lost
60785,170,1,49.99,New Customers
14995,221,1,49.99,New Customers
15875,151,1,49.99,New Customers
31502,755,1,49.99,At Risk (High Value)
87331,176,1,49.99,New Customers
13241,176,1,49.99,New Customers
63612,770,1,49.99,At Risk (High Value)
93552,779,1,49.99,At Risk (High Value)
95567,8,1,49.99,Average Regulars
11863,563,1,49.99,Average Regulars
64294,309,1,49.99,Average Regulars
95948,432,1,49.99,Average Regulars
4174,63,1,49.99,Average Regulars
80596,24,1,49.99,New Customers
910,280,1,49.99,Average Regulars
13482,488,1,49.99,Average Regulars
62246,32,1,49.99,New Customers
38391,423,1,49.99,Average Regulars
69847,98,1,49.99,Average Regulars
40940,268,1,49.99,Average Regulars
33298,433,1,49.99,Average Regulars
84306,494,1,49.99,Average Regulars
19674,1310,1,49.99,Lost
78662,203,1,49.99,Average Regulars
18095,554,1,49.99,Average Regulars
66844,2535,1,49.99,At Risk (High Value)
26517,1032,1,49.99,Average Regulars
9620,423,1,49.99,Average Regulars
85248,166,1,49.99,New Customers
63901,615,1,49.99,Average Regulars
2456,312,1,49.99,New Customers
67973,2028,1,49.99,Average Regulars
30008,854,1,49.99,At Risk (High Value)
72016,1226,1,49.99,Lost
69824,1047,1,49.99,Lost
405,259,1,49.99,Average Regulars
31866,1358,1,49.99,Lost
40084,295,1,49.99,Average Regulars
8885,51,1,49.99,Average Regulars
34021,435,1,49.99,Average Regulars
23056,269,1,49.99,Average Regulars
41030,31,1,49.99,Average Regulars
84508,57,1,49.99,New Customers
79738,736,1,49.99,At Risk (High Value)
36459,808,1,49.99,Lost
23669,145,1,49.99,New Customers
54702,1147,1,49.99,At Risk (High Value)
44944,364,1,49.99,Average Regulars
29835,390,1,49.99,Average Regulars
88793,1592,1,49.99,At Risk (High Value)
73166,1617,1,49.99,Lost
33613,435,1,49.99,Average Regulars
34240,824,1,49.99,Lost
78932,807,1,49.99,Lost
49764,27,1,49.99,New Customers
86754,171,1,49.99,Average Regulars
6499,28,1,49.99,New Customers
92438,440,1,49.99,Average Regulars
34869,160,1,49.99,Average Regulars
23550,441,1,49.99,Average Regulars
71355,10,1,49.99,Average Regulars
4823,12,1,49.99,New Customers
13431,271,1,49.99,New Customers
13821,30,1,49.99,New Customers
16137,2254,1,49.99,Average Regulars
32832,82,1,49.99,New Customers
22620,90,1,49.99,Average Regulars
39690,20,1,49.99,New Customers
72416,899,1,49.99,Average Regulars
5297,478,1,49.99,Average Regulars
45992,2180,1,49.99,Lost
39624,2085,1,49.99,Lost
55848,374,1,49.99,Average Regulars
30602,91,1,49.99,Average Regulars
96625,399,1,49.99,Average Regulars
2139,859,1,49.99,Lost
21268,212,1,49.99,New Customers
49941,106,1,49.99,Average Regulars
42493,50,1,49.99,New Customers
681,1164,1,49.99,Average Regulars
57216,578,1,49.99,Average Regulars
55552,518,1,49.99,Average Regulars
73766,1118,1,49.99,Lost
80564,210,1,49.99,Average Regulars
63982,324,1,49.99,New Customers
2726,386,1,49.99,Average Regulars
44836,33,1,49.99,Average Regulars
92621,551,1,49.99,Average Regulars
72644,2373,1,49.99,At Risk (High Value)
58689,1616,1,49.99,At Risk (High Value)
28548,448,1,49.99,Average Regulars
17808,534,1,49.99,Average Regulars
98458,627,1,49.99,Average Regulars
75328,1742,1,49.99,Average Regulars
80367,173,1,49.99,Average Regulars
6810,65,1,49.99,Average Regulars
24111,413,1,49.99,Average Regulars
77695,1133,1,49.99,At Risk (High Value)
96447,80,1,49.99,Average Regulars
86050,487,1,49.99,Average Regulars
22777,80,1,49.99,New Customers
42317,71,1,49.99,Average Regulars
28560,1923,1,49.99,Lost
37838,7,1,49.99,New Customers
92651,375,1,49.99,Average Regulars
85880,772,1,49.99,At Risk (High Value)
55577,357,1,49.99,Average Regulars
62315,1930,1,49.99,Lost
59088,7,1,49.99,New Customers
13082,1473,1,49.99,Lost
90564,391,1,49.99,Average Regulars
35322,638,1,49.99,Average Regulars
59028,163,1,49.99,New Customers
8765,987,1,49.99,Lost
34751,336,1,49.99,Average Regulars
97818,39,1,49.99,New Customers
61613,858,1,49.99,At Risk (High Value)
67742,17,1,49.99,New Customers
45985,248,1,49.99,New Customers
32592,106,1,49.99,Average Regulars
7793,39,1,49.99,Average Regulars
83906,1408,1,49.99,Lost
7937,382,1,49.99,Average Regulars
37871,188,1,49.99,New Customers
14381,201,1,49.99,New Customers
93684,558,1,49.99,Average Regulars
13159,2492,1,49.99,At Risk (High Value)
63294,575,1,49.99,Average Regulars
3237,196,1,49.99,Average Regulars
97863,1070,1,49.99,At Risk (High Value)
86469,368,1,49.99,Average Regulars
7534,249,1,49.99,Average Regulars
12358,1039,1,49.99,At Risk (High Value)
18558,297,1,49.99,New Customers
98688,1624,1,49.99,Lost
92674,725,1,49.99,At Risk (High Value)
52340,467,1,49.99,Average Regulars
33937,935,1,49.99,Average Regulars
7723,1340,1,49.99,Lost
43929,481,1,49.99,Average Regulars
44966,1048,1,49.99,At Risk (High Value)
70705,608,1,49.99,Average Regulars
8149,860,1,49.99,At Risk (High Value)
52985,289,1,49.99,New Customers
34204,1019,1,49.99,Average Regulars
30011,1099,1,49.99,Average Regulars
46647,752,1,49.99,Lost
81777,1857,1,49.99,Lost
26540,4,1,49.99,New Customers
85172,10,2,49.99,Average Regulars
176,127,1,49.99,Average Regulars
87092,495,1,49.99,Average Regulars
84964,72,1,49.99,Average Regulars
94494,262,1,49.99,Average Regulars
47225,107,1,49.99,Average Regulars
65189,467,1,49.99,Average Regulars
69900,932,1,49.99,Lost
63114,405,1,49.99,Average Regulars
64716,1812,1,49.99,Average Regulars
86293,1311,1,49.99,Lost
93233,1720,1,49.99,At Risk (High Value)
42778,1419,1,49.99,Lost
80197,1163,1,49.99,At Risk (High Value)
76604,56,1,49.99,Average Regulars
11172,8,1,49.99,Average Regulars
31156,1163,1,49.99,At Risk (High Value)
75749,1954,1,49.99,At Risk (High Value)
57959,103,1,49.99,New Customers
29749,1280,1,49.98,Lost
20704,656,1,49.98,At Risk (High Value)
64598,221,1,49.98,New Customers
57672,408,1,49.98,Average Regulars
46934,2272,1,49.98,Lost
21476,168,2,49.98,Average Regulars
99091,187,1,49.98,New Customers
17190,1079,1,49.98,Average Regulars
64599,115,1,49.98,Average Regulars
22615,963,1,49.98,Average Regulars
31067,245,1,49.98,New Customers
49766,369,1,49.97,Average Regulars
86511,230,1,49.97,Average Regulars
40318,22,1,49.97,Average Regulars
67631,215,2,49.97,Average Regulars
9280,702,1,49.97,Lost
42764,649,1,49.97,Average Regulars
82700,457,1,49.97,Average Regulars
6082,96,2,49.97,Average Regulars
30201,783,2,49.96,At Risk (High Value)
40011,775,1,49.96,At Risk (High Value)
74754,1015,1,49.96,Lost
40864,2230,1,49.96,Lost
2132,232,2,49.95,Average Regulars
47835,1620,1,49.95,Lost
46976,261,1,49.95,Average Regulars
22199,2516,1,49.95,Average Regulars
61882,66,1,49.95,Average Regulars
64309,1006,1,49.95,Average Regulars
67129,73,1,49.95,Average Regulars
36486,179,1,49.95,New Customers
27178,429,1,49.95,Average Regulars
11058,1097,1,49.95,Average Regulars
95214,483,1,49.95,Average Regulars
16846,385,1,49.95,Average Regulars
70097,1220,1,49.95,At Risk (High Value)
13028,146,1,49.95,New Customers
19790,300,1,49.95,New Customers
17193,310,1,49.95,New Customers
85215,170,1,49.95,Average Regulars
85142,74,1,49.95,Average Regulars
18699,1490,1,49.95,At Risk (High Value)
73684,2583,1,49.95,At Risk (High Value)
54195,1586,1,49.95,At Risk (High Value)
24854,2353,1,49.95,Lost
58955,89,1,49.95,Average Regulars
41075,1515,1,49.95,Average Regulars
32964,221,1,49.95,New Customers
29687,607,1,49.95,Average Regulars
37167,322,1,49.95,New Customers
11081,140,1,49.95,Average Regulars
61291,116,1,49.95,Average Regulars
35597,559,1,49.95,Average Regulars
48951,852,1,49.95,Lost
15537,1674,1,49.95,At Risk (High Value)
6629,468,1,49.95,Average Regulars
46034,1428,1,49.95,Average Regulars
86172,15,1,49.95,New Customers
73567,1138,1,49.95,Lost
7784,719,1,49.95,At Risk (High Value)
49542,40,1,49.95,New Customers
39827,270,1,49.95,Average Regulars
36113,310,1,49.95,Average Regulars
4418,247,1,49.95,New Customers
62410,1406,1,49.95,Average Regulars
71700,150,1,49.95,New Customers
40295,480,1,49.95,Average Regulars
23598,329,1,49.95,Average Regulars
34801,901,1,49.95,Lost
5080,778,1,49.95,Lost
14173,1369,1,49.95,Average Regulars
47388,127,1,49.95,New Customers
64981,310,1,49.95,New Customers
90314,362,1,49.95,Average Regulars
95164,55,1,49.95,Average Regulars
68796,1650,1,49.95,At Risk (High Value)
53968,254,1,49.95,New Customers
66311,570,1,49.95,Average Regulars
9901,8,1,49.95,Average Regulars
82375,564,1,49.95,Average Regulars
23129,886,1,49.95,Lost
67528,5,1,49.95,Average Regulars
43413,267,1,49.95,Average Regulars
93004,381,1,49.95,Average Regulars
42060,1353,1,49.95,Lost
16962,63,1,49.95,Average Regulars
66410,1027,1,49.95,Average Regulars
34303,715,1,49.95,At Risk (High Value)
73073,505,1,49.95,Average Regulars
18965,480,1,49.95,Average Regulars
61635,318,1,49.95,Average Regulars
3235,219,1,49.95,New Customers
9379,756,1,49.95,Lost
55800,1853,1,49.95,Average Regulars
75242,52,1,49.95,New Customers
49468,603,1,49.95,Average Regulars
57500,254,1,49.95,New Customers
84028,394,1,49.95,Average Regulars
91821,1922,1,49.95,Lost
18850,716,1,49.95,At Risk (High Value)
85505,309,1,49.95,New Customers
36744,27,1,49.95,Average Regulars
35372,580,1,49.95,Average Regulars
89649,22,1,49.95,Average Regulars
87358,1830,1,49.95,At Risk (High Value)
90806,88,1,49.94,Average Regulars
98629,154,1,49.94,New Customers
35241,289,1,49.94,Average Regulars
39744,421,1,49.94,Average Regulars
62061,511,1,49.94,Average Regulars
98734,2363,1,49.94,At Risk (High Value)
75419,84,1,49.94,Average Regulars
39178,55,1,49.94,New Customers
81943,172,1,49.94,New Customers
1677,1492,1,49.94,Lost
32582,1886,1,49.94,Lost
29473,179,1,49.94,Average Regulars
58105,32,2,49.94,Average Regulars
99520,472,1,49.94,Average Regulars
46785,863,1,49.93,At Risk (High Value)
13242,254,2,49.93,Average Regulars
81652,1857,1,49.9,Average Regulars
65188,2160,1,49.9,Average Regulars
67022,1376,1,49.9,Lost
86051,1609,1,49.9,Lost
8461,131,1,49.9,Average Regulars
82428,188,1,49.9,New Customers
29639,179,1,49.9,Average Regulars
29886,60,1,49.9,Average Regulars
91611,547,1,49.9,Average Regulars
43620,1570,1,49.9,Lost
28386,350,1,49.89,Average Regulars
32594,2318,1,49.88,Lost
46284,507,1,49.88,Average Regulars
52404,1460,1,49.88,Average Regulars
69865,278,1,49.88,New Customers
66973,74,1,49.88,New Customers
49302,2142,1,49.88,At Risk (High Value)
77816,84,1,49.88,Average Regulars
19847,235,1,49.85,New Customers
44717,374,1,49.8,Average Regulars
33687,37,1,49.8,Average Regulars
81004,165,1,49.8,Average Regulars
78922,54,1,49.8,New Customers
52059,12,1,49.75,Average Regulars
14268,336,1,49.73,Average Regulars
98788,673,1,49.72,At Risk (High Value)
14696,342,2,49.71,Average Regulars
97236,1657,1,49.69,Lost
789,897,1,49.67,Average Regulars
89191,812,2,49.66,At Risk (High Value)
42098,1455,1,49.63,Average Regulars
79261,202,1,49.59,New Customers
84117,197,1,49.59,Average Regulars
45613,62,1,49.58,New Customers
34323,933,2,49.57,At Risk (High Value)
5822,2003,1,49.5,Lost
746,40,1,49.5,New Customers
81855,334,1,49.5,Average Regulars
47416,347,1,49.5,Average Regulars
22225,1635,1,49.5,Lost
58064,321,1,49.5,New Customers
80313,321,1,49.5,New Customers
73264,1224,1,49.5,Lost
66445,4,1,49.5,Average Regulars
50959,521,1,49.5,Average Regulars
31951,482,1,49.5,Average Regulars
38589,975,1,49.5,Average Regulars
19676,504,1,49.5,Average Regulars
13569,807,1,49.5,Lost
91351,1764,1,49.5,Lost
76494,1823,1,49.5,Average Regulars
47175,163,1,49.5,New Customers
67413,317,1,49.5,New Customers
27173,520,1,49.5,Average Regulars
71044,1847,1,49.5,At Risk (High Value)
51100,71,1,49.5,Average Regulars
51852,55,1,49.5,Average Regulars
31667,45,1,49.5,Average Regulars
5044,170,1,49.5,Average Regulars
41677,146,1,49.5,New Customers
23429,1092,1,49.5,Average Regulars
70717,202,1,49.5,Average Regulars
95523,1033,1,49.5,At Risk (High Value)
2823,8,1,49.5,Average Regulars
45389,715,1,49.5,Lost
8949,135,1,49.5,New Customers
1730,1584,1,49.5,Lost
25313,217,1,49.5,New Customers
43992,518,1,49.5,Average Regulars
8133,338,1,49.5,Average Regulars
37594,167,1,49.5,New Customers
87712,13,1,49.5,New Customers
65143,110,1,49.5,New Customers
8818,2572,1,49.5,Lost
53705,563,1,49.5,Average Regulars
69552,1175,1,49.5,Average Regulars
45438,4,1,49.5,New Customers
82802,404,1,49.5,Average Regulars
456,904,1,49.5,Average Regulars
91543,283,1,49.5,Average Regulars
15425,467,1,49.5,Average Regulars
98891,1662,1,49.5,At Risk (High Value)
7387,1019,1,49.5,Lost
13612,66,1,49.5,Average Regulars
88431,1984,1,49.5,Lost
89884,1354,1,49.5,At Risk (High Value)
58867,181,1,49.5,Average Regulars
95369,58,1,49.5,New Customers
43931,104,1,49.5,New Customers
48340,2245,1,49.5,Lost
15619,934,1,49.5,Average Regulars
86535,1212,1,49.5,Lost
40654,600,1,49.5,Average Regulars
62358,1673,1,49.5,At Risk (High Value)
80737,1602,1,49.5,Lost
1819,787,1,49.5,Lost
43411,455,1,49.5,Average Regulars
54628,1705,1,49.5,Lost
21323,229,1,49.5,Average Regulars
3202,227,1,49.5,Average Regulars
9513,752,1,49.5,Lost
36392,19,1,49.5,New Customers
40177,890,1,49.5,Average Regulars
17148,149,1,49.5,Average Regulars
45767,1364,1,49.5,Lost
59570,475,1,49.5,Average Regulars
21801,422,1,49.5,Average Regulars
88140,721,1,49.5,At Risk (High Value)
18005,205,1,49.5,New Customers
5253,754,1,49.5,Lost
71242,143,1,49.5,Average Regulars
58827,373,1,49.5,Average Regulars
78140,756,1,49.5,At Risk (High Value)
51208,722,1,49.5,At Risk (High Value)
92717,1262,1,49.5,Lost
48214,333,1,49.5,Average Regulars
70495,2301,1,49.5,Lost
30399,247,1,49.5,Average Regulars
92038,404,1,49.5,Average Regulars
2106,138,1,49.5,New Customers
14124,4,1,49.5,New Customers
88528,791,1,49.5,Lost
99268,78,1,49.5,New Customers
34942,1347,1,49.5,Lost
40589,2636,1,49.5,Lost
38031,370,1,49.5,Average Regulars
29061,4,1,49.5,Average Regulars
99026,351,1,49.5,Average Regulars
67813,155,1,49.5,Average Regulars
68454,851,1,49.5,At Risk (High Value)
21381,216,1,49.5,Average Regulars
19789,945,1,49.5,Lost
52409,841,1,49.5,Lost
25969,533,1,49.5,Average Regulars
52428,2116,1,49.5,Lost
5429,4,1,49.5,New Customers
60326,1188,1,49.5,Lost
82100,169,1,49.5,New Customers
14288,292,1,49.5,Average Regulars
32800,1421,1,49.5,Lost
10077,1132,1,49.5,At Risk (High Value)
10348,720,1,49.5,Lost
16269,217,1,49.5,Average Regulars
83527,17,1,49.5,New Customers
83720,1232,1,49.5,Lost
80669,588,2,49.5,Average Regulars
17430,1074,1,49.5,At Risk (High Value)
80342,874,1,49.5,At Risk (High Value)
41103,35,1,49.5,New Customers
42977,339,1,49.5,Average Regulars
84296,2405,1,49.5,Lost
59932,752,1,49.5,At Risk (High Value)
95326,142,1,49.5,New Customers
99922,2258,1,49.5,Average Regulars
86144,114,1,49.5,Average Regulars
22670,1219,1,49.5,Lost
92791,1416,1,49.5,Lost
5330,356,1,49.5,Average Regulars
60097,694,1,49.5,Lost
37203,303,1,49.5,New Customers
40123,205,1,49.5,Average Regulars
94671,1525,1,49.5,Lost
24742,107,1,49.5,Average Regulars
39526,571,1,49.5,Average Regulars
1448,27,1,49.5,Average Regulars
16529,566,1,49.5,Average Regulars
54240,1464,1,49.5,Average Regulars
37616,1130,1,49.5,At Risk (High Value)
70580,949,1,49.5,Lost
69196,1135,1,49.5,At Risk (High Value)
36075,522,1,49.5,Average Regulars
53805,942,1,49.5,Lost
27131,596,1,49.5,Average Regulars
24144,1001,1,49.5,Lost
7584,1578,1,49.5,At Risk (High Value)
50980,1054,1,49.5,Lost
36576,6,1,49.5,Average Regulars
10498,543,1,49.5,Average Regulars
56488,76,1,49.5,New Customers
85003,532,1,49.5,Average Regulars
17034,150,1,49.5,Average Regulars
35023,4,1,49.5,Average Regulars
35207,137,1,49.5,New Customers
55700,92,1,49.5,New Customers
36434,1226,1,49.5,Lost
19928,107,1,49.5,Average Regulars
55743,120,1,49.5,New Customers
77653,631,1,49.5,Average Regulars
46337,66,1,49.49,Average Regulars
72105,499,1,49.47,Average Regulars
41951,336,1,49.45,Average Regulars
3542,872,1,49.45,At Risk (High Value)
93978,183,1,49.45,New Customers
34142,1176,1,49.45,Average Regulars
40433,1077,1,49.45,Average Regulars
98722,545,1,49.45,Average Regulars
19732,696,1,49.45,At Risk (High Value)
45430,426,1,49.45,Average Regulars
77187,202,1,49.4,New Customers
43204,785,1,49.36,Lost
29640,733,2,49.33,At Risk (High Value)
91330,106,2,49.3,Average Regulars
50786,459,1,49.29,Average Regulars
35829,447,1,49.29,Average Regulars
77122,203,1,49.26,New Customers
55956,1112,1,49.25,At Risk (High Value)
11083,1497,1,49.25,Lost
29007,1767,1,49.17,Lost
31863,106,1,49.14,Average Regulars
67747,1645,1,49.09,Lost
58178,139,1,49.05,Average Regulars
38369,120,1,49.03,Average Regulars
21930,1624,1,49.03,At Risk (High Value)
80500,263,1,49.03,New Customers
2712,1287,1,49.03,Lost
28885,1001,1,49.0,Average Regulars
1053,743,1,49.0,Lost
23875,1290,1,49.0,Lost
28984,405,1,49.0,Average Regulars
46478,1523,1,49.0,Lost
42186,318,1,49.0,Average Regulars
19586,1900,1,49.0,Lost
74065,158,1,49.0,New Customers
47013,1846,1,49.0,Average Regulars
58452,380,1,49.0,Average Regulars
94564,1071,1,49.0,Lost
22756,67,1,49.0,Average Regulars
3648,1466,1,49.0,Lost
32504,10,1,49.0,New Customers
75932,787,1,49.0,Lost
33085,1484,1,49.0,Lost
29650,599,1,49.0,Average Regulars
19079,199,1,49.0,Average Regulars
39924,111,1,49.0,New Customers
64308,377,1,49.0,Average Regulars
82001,1439,1,49.0,Lost
89190,2289,1,49.0,Lost
81196,1006,1,49.0,Lost
49181,147,1,49.0,New Customers
72541,1264,1,49.0,Lost
56745,912,1,49.0,Average Regulars
90796,24,1,49.0,Average Regulars
91733,1250,1,49.0,Lost
53815,220,1,49.0,New Customers
47713,800,1,49.0,Lost
54898,98,1,49.0,Average Regulars
4171,39,1,49.0,Average Regulars
59816,1356,2,49.0,At Risk (High Value)
58330,1708,1,49.0,At Risk (High Value)
295,1312,1,49.0,At Risk (High Value)
68282,289,1,49.0,Average Regulars
99479,1275,1,49.0,At Risk (High Value)
85127,831,1,49.0,At Risk (High Value)
8777,84,1,49.0,Average Regulars
95826,485,1,49.0,Average Regulars
56022,46,1,49.0,Average Regulars
98968,1170,1,49.0,At Risk (High Value)
3748,1233,1,49.0,At Risk (High Value)
81675,786,1,49.0,Lost
69646,839,1,49.0,At Risk (High Value)
1699,2069,1,49.0,Average Regulars
72246,811,1,49.0,Lost
4920,540,1,49.0,Average Regulars
21375,555,1,49.0,Average Regulars
70088,1662,1,49.0,Lost
5400,1210,1,49.0,At Risk (High Value)
44002,389,1,49.0,Average Regulars
66733,391,1,49.0,Average Regulars
91032,1536,1,49.0,Lost
18190,1624,1,49.0,Lost
77391,704,1,48.99,At Risk (High Value)
27713,120,1,48.99,New Customers
56124,1024,1,48.99,At Risk (High Value)
96390,703,1,48.99,Lost
1352,978,1,48.99,Average Regulars
50358,127,1,48.99,Average Regulars
66338,771,1,48.99,At Risk (High Value)
78464,1925,1,48.99,At Risk (High Value)
35975,108,1,48.99,New Customers
45485,125,1,48.99,New Customers
19605,1333,1,48.99,At Risk (High Value)
54119,103,1,48.99,Average Regulars
19715,476,1,48.99,Average Regulars
36812,123,2,48.99,Average Regulars
40325,770,1,48.99,Lost
185,38,1,48.99,Average Regulars
54747,239,1,48.99,New Customers
63145,1476,1,48.98,At Risk (High Value)
75464,538,1,48.98,Average Regulars
93095,146,1,48.98,New Customers
62509,1087,1,48.98,Average Regulars
16692,863,1,48.98,Lost
18270,72,1,48.98,Average Regulars
76054,3,1,48.98,Average Regulars
52655,883,1,48.97,Lost
20654,193,1,48.97,Average Regulars
74300,263,1,48.97,Average Regulars
89521,10,1,48.97,Average Regulars
3144,1163,1,48.97,Lost
22829,117,1,48.96,New Customers
63071,980,1,48.96,Average Regulars
71955,98,1,48.96,Average Regulars
70863,309,1,48.95,New Customers
88508,1306,1,48.95,Lost
32796,2314,1,48.95,Average Regulars
72383,305,1,48.95,Average Regulars
80953,91,1,48.95,Average Regulars
20230,467,1,48.95,Average Regulars
45937,133,1,48.95,New Customers
31033,905,1,48.95,Lost
87996,1272,1,48.95,Lost
42895,1877,1,48.95,At Risk (High Value)
14722,534,1,48.95,Average Regulars
27340,74,1,48.95,Average Regulars
44662,508,1,48.95,Average Regulars
46404,45,2,48.95,Average Regulars
34660,2222,1,48.95,Lost
85522,243,1,48.94,Average Regulars
58822,486,1,48.93,Average Regulars
37824,309,2,48.93,Average Regulars
51291,1024,1,48.92,Lost
75523,599,2,48.91,Average Regulars
86605,224,1,48.89,New Customers
35018,2096,1,48.87,At Risk (High Value)
2147,1969,1,48.8,Lost
29546,360,1,48.75,Average Regulars
2095,1413,1,48.73,Average Regulars
84668,764,1,48.7,Lost
81321,987,1,48.69,Lost
76315,34,1,48.69,New Customers
97638,63,1,48.66,New Customers
86198,1651,1,48.65,Lost
11035,75,1,48.65,Average Regulars
22234,487,1,48.65,Average Regulars
63305,1048,1,48.65,At Risk (High Value)
50160,1785,1,48.65,Lost
76881,1895,1,48.65,At Risk (High Value)
97777,587,1,48.59,Average Regulars
84898,722,1,48.59,At Risk (High Value)
58181,18,2,48.59,Average Regulars
93450,557,2,48.58,Average Regulars
76072,1139,1,48.53,At Risk (High Value)
52094,2569,1,48.53,Lost
33193,232,1,48.5,Average Regulars
95064,1258,1,48.5,At Risk (High Value)
47321,1594,1,48.49,Lost
4299,937,1,48.48,Average Regulars
26430,819,1,48.4,At Risk (High Value)
91113,257,1,48.4,New Customers
93589,214,1,48.36,Average Regulars
75046,740,1,48.36,Lost
73842,842,1,48.3,Lost
85591,59,1,48.3,New Customers
75095,726,1,48.3,At Risk (High Value)
71584,36,1,48.3,Average Regulars
46651,14,2,48.19,Average Regulars
52924,191,1,48.11,New Customers
38860,1490,1,48.11,Lost
86086,4,1,48.1,Average Regulars
60992,104,1,48.06,Average Regulars
5265,1475,1,48.05,Lost
75314,288,1,48.05,Average Regulars
38211,34,1,48.05,Average Regulars
78476,95,1,48.05,New Customers
75867,1635,1,48.05,Lost
70251,479,1,48.0,Average Regulars
46814,544,1,48.0,Average Regulars
99961,751,1,48.0,At Risk (High Value)
88579,136,1,48.0,Average Regulars
45604,446,1,48.0,Average Regulars
80814,388,1,48.0,Average Regulars
28225,1264,1,48.0,Lost
83590,746,1,48.0,At Risk (High Value)
99281,801,2,48.0,At Risk (High Value)
19111,121,1,48.0,Average Regulars
86759,1626,1,48.0,Lost
83420,2080,1,48.0,Average Regulars
43869,440,1,48.0,Average Regulars
59737,73,1,48.0,Average Regulars
18263,436,1,48.0,Average Regulars
9043,1288,1,48.0,Lost
83698,166,1,48.0,New Customers
26350,1466,1,48.0,Average Regulars
43568,2219,1,48.0,Lost
91527,74,1,48.0,Average Regulars
63983,1601,1,48.0,Lost
24541,866,1,48.0,At Risk (High Value)
45993,803,1,48.0,Lost
31463,650,1,48.0,Average Regulars
20396,2282,1,48.0,Lost
71155,1215,2,48.0,At Risk (High Value)
5110,65,1,48.0,Average Regulars
77330,55,1,48.0,New Customers
72545,1879,1,48.0,At Risk (High Value)
28761,290,1,48.0,Average Regulars
75017,363,1,48.0,Average Regulars
71339,245,1,48.0,New Customers
54070,1700,1,48.0,Lost
92694,1448,1,48.0,Lost
13044,1486,1,48.0,At Risk (High Value)
11741,763,1,48.0,At Risk (High Value)
46139,1333,1,48.0,At Risk (High Value)
72433,624,1,48.0,Average Regulars
90409,413,1,48.0,Average Regulars
47842,552,1,48.0,Average Regulars
30629,735,1,48.0,Lost
27685,497,1,48.0,Average Regulars
94316,1271,1,48.0,Lost
3656,1351,1,48.0,At Risk (High Value)
88970,165,1,48.0,New Customers
36639,926,1,48.0,Lost
36949,8,1,48.0,Average Regulars
5238,72,1,48.0,Average Regulars
49908,594,1,48.0,Average Regulars
29911,210,1,48.0,New Customers
56062,1112,1,48.0,At Risk (High Value)
66129,82,1,48.0,New Customers
98739,2199,1,48.0,Lost
13767,1609,1,48.0,Lost
34389,1408,1,48.0,Lost
3004,270,1,48.0,Average Regulars
13809,58,1,48.0,New Customers
59804,61,1,48.0,New Customers
54726,966,1,48.0,Lost
99972,154,1,48.0,New Customers
98568,2160,1,48.0,At Risk (High Value)
25174,132,1,48.0,New Customers
22955,475,1,48.0,Average Regulars
25535,138,1,48.0,Average Regulars
53727,1154,1,48.0,At Risk (High Value)
10758,514,1,48.0,Average Regulars
26732,139,1,48.0,Average Regulars
46379,205,1,48.0,New Customers
7087,514,1,48.0,Average Regulars
79420,246,1,48.0,Average Regulars
25848,1314,1,48.0,At Risk (High Value)
71629,1075,1,48.0,At Risk (High Value)
61344,440,1,48.0,Average Regulars
15365,461,1,48.0,Average Regulars
9761,880,1,48.0,At Risk (High Value)
85742,2409,1,48.0,Lost
29067,119,1,48.0,Average Regulars
47531,489,1,48.0,Average Regulars
92768,690,1,48.0,At Risk (High Value)
56764,1122,1,48.0,At Risk (High Value)
14322,129,1,48.0,New Customers
72441,83,1,48.0,New Customers
55723,1108,1,48.0,Lost
32190,1185,1,48.0,Lost
90169,233,1,48.0,New Customers
62605,787,1,48.0,Lost
63224,273,1,48.0,New Customers
33095,569,1,48.0,Average Regulars
24217,352,1,48.0,Average Regulars
19491,391,1,48.0,Average Regulars
4497,205,1,48.0,Average Regulars
10189,1208,1,48.0,At Risk (High Value)
23074,155,1,48.0,New Customers
90450,6,1,48.0,New Customers
38358,757,1,48.0,Lost
65790,512,1,48.0,Average Regulars
48400,877,1,48.0,Lost
36124,799,1,48.0,Lost
5825,191,1,48.0,New Customers
44403,183,1,48.0,New Customers
73292,1671,1,48.0,Lost
91785,1042,1,48.0,Lost
67797,432,1,48.0,Average Regulars
55870,2133,1,48.0,Average Regulars
72976,10,1,48.0,Average Regulars
89810,413,1,47.99,Average Regulars
58016,367,1,47.99,Average Regulars
39817,628,1,47.99,Average Regulars
37835,66,1,47.99,Average Regulars
66333,137,1,47.99,New Customers
63372,36,1,47.99,Average Regulars
42608,2398,1,47.99,Lost
37726,846,1,47.99,Lost
64290,252,1,47.99,Average Regulars
72209,160,1,47.99,Average Regulars
76620,953,1,47.99,Average Regulars
7048,154,1,47.99,New Customers
53508,341,1,47.99,Average Regulars
13011,2147,1,47.99,At Risk (High Value)
71914,851,1,47.99,Lost
78101,930,1,47.99,Average Regulars
50953,1072,1,47.99,At Risk (High Value)
37736,510,1,47.99,Average Regulars
24961,1572,1,47.99,Average Regulars
94579,1960,1,47.99,At Risk (High Value)
44093,256,1,47.99,Average Regulars
61565,24,2,47.99,Average Regulars
3584,539,1,47.99,Average Regulars
59220,290,1,47.99,Average Regulars
22998,259,1,47.99,Average Regulars
69430,620,1,47.99,Average Regulars
9123,1893,1,47.99,At Risk (High Value)
7226,700,1,47.99,At Risk (High Value)
3792,1851,1,47.99,Lost
32356,140,1,47.99,New Customers
45142,59,1,47.99,Average Regulars
3342,216,1,47.99,New Customers
35416,1496,1,47.99,At Risk (High Value)
32100,634,1,47.99,Average Regulars
38997,1038,1,47.99,Lost
88498,218,1,47.99,Average Regulars
31332,1070,1,47.99,At Risk (High Value)
44266,332,1,47.99,Average Regulars
65047,1258,1,47.99,Lost
69823,348,2,47.99,Average Regulars
71072,114,1,47.99,Average Regulars
38851,401,1,47.99,Average Regulars
11525,223,2,47.99,Average Regulars
84862,1435,1,47.98,Lost
10608,28,1,47.98,Average Regulars
25468,56,1,47.98,New Customers
78743,626,1,47.98,Average Regulars
14500,2506,1,47.97,Lost
55002,1494,1,47.97,At Risk (High Value)
98036,907,1,47.96,Average Regulars
27147,993,1,47.96,Lost
31792,98,1,47.95,Average Regulars
84493,999,1,47.95,Lost
87482,854,1,47.95,At Risk (High Value)
65417,514,1,47.95,Average Regulars
22996,416,1,47.95,Average Regulars
85472,5,1,47.95,New Customers
41141,1526,1,47.95,Average Regulars
30987,542,1,47.95,Average Regulars
20658,281,1,47.95,New Customers
9156,958,1,47.95,Average Regulars
62525,296,1,47.95,New Customers
76828,161,1,47.95,Average Regulars
76148,851,1,47.95,At Risk (High Value)
64272,296,1,47.95,New Customers
20848,63,1,47.95,Average Regulars
26054,20,1,47.95,Average Regulars
72221,94,1,47.95,Average Regulars
18899,8,1,47.95,New Customers
44804,2457,1,47.95,At Risk (High Value)
80956,950,1,47.95,Average Regulars
74927,1730,1,47.95,Lost
1847,175,2,47.94,Average Regulars
75470,3,2,47.94,Average Regulars
3441,189,1,47.94,Average Regulars
73656,1506,1,47.93,Lost
35238,866,1,47.92,Lost
40811,314,1,47.92,Average Regulars
50860,46,1,47.88,New Customers
48911,340,1,47.88,Average Regulars
9342,13,2,47.82,Average Regulars
50491,1277,1,47.8,At Risk (High Value)
14534,533,1,47.79,Average Regulars
7819,1119,1,47.76,At Risk (High Value)
53459,664,1,47.75,At Risk (High Value)
36922,6,1,47.7,New Customers
55887,331,1,47.64,Average Regulars
42598,1388,1,47.63,Lost
10741,21,1,47.55,Average Regulars
29457,2083,1,47.5,Average Regulars
80680,2437,1,47.5,At Risk (High Value)
4063,245,1,47.5,New Customers
65756,2015,1,47.5,Lost
88652,52,1,47.49,New Customers
69312,768,1,47.49,Lost
82005,400,1,47.49,Average Regulars
21595,1647,1,47.47,Lost
62639,395,1,47.45,Average Regulars
75986,1513,1,47.43,Average Regulars
20571,2279,1,47.43,Lost
35312,1609,1,47.43,At Risk (High Value)
35590,221,1,47.43,Average Regulars
53204,1133,1,47.43,Lost
67432,11,1,47.42,Average Regulars
19214,1307,2,47.4,At Risk (High Value)
41954,317,1,47.31,New Customers
3484,592,1,47.29,Average Regulars
29115,983,1,47.27,Lost
80336,968,1,47.26,Lost
30283,229,1,47.23,Average Regulars
39438,1454,2,47.21,At Risk (High Value)
94647,906,1,47.2,Lost
55384,547,1,47.2,Average Regulars
19510,2162,1,47.19,At Risk (High Value)
23637,454,1,47.17,Average Regulars
7829,210,1,47.17,Average Regulars
70646,1545,1,47.17,Average Regulars
26998,1528,2,47.15,At Risk (High Value)
16879,1195,1,47.13,Lost
32859,338,1,47.1,Average Regulars
71776,885,1,47.1,Average Regulars
72414,815,1,47.1,Lost
40817,993,1,47.07,Average Regulars
7402,531,1,47.07,Average Regulars
61784,11,1,47.07,Average Regulars
19613,87,1,47.04,New Customers
823,54,1,47.02,Average Regulars
73035,115,1,47.0,Average Regulars
10284,180,2,47.0,Average Regulars
67627,1934,1,47.0,Lost
15212,210,1,47.0,New Customers
49309,227,1,47.0,Average Regulars
64197,60,1,47.0,Average Regulars
74512,731,1,47.0,Lost
84841,1212,1,47.0,At Risk (High Value)
13531,778,1,47.0,At Risk (High Value)
97899,155,1,47.0,New Customers
16054,350,1,47.0,Average Regulars
3773,1212,1,47.0,At Risk (High Value)
41355,371,1,47.0,Average Regulars
10312,108,1,47.0,Average Regulars
7689,1173,1,47.0,Lost
89626,697,1,46.99,Lost
55566,787,1,46.99,Lost
48631,15,1,46.99,New Customers
93786,993,1,46.99,Average Regulars
63429,6,1,46.99,Average Regulars
10749,65,1,46.99,Average Regulars
19212,198,2,46.99,Average Regulars
10523,1319,1,46.99,Lost
85470,1542,1,46.99,Lost
83206,1522,1,46.99,Average Regulars
26033,152,1,46.99,New Customers
66787,633,1,46.99,Average Regulars
59767,1177,1,46.99,Average Regulars
67079,88,1,46.99,Average Regulars
26544,46,1,46.99,New Customers
81886,5,1,46.99,Average Regulars
80005,95,1,46.99,Average Regulars
55545,427,1,46.99,Average Regulars
16671,948,1,46.99,Average Regulars
43279,578,1,46.99,Average Regulars
35883,173,1,46.99,New Customers
89672,1365,1,46.99,Average Regulars
63846,307,1,46.99,Average Regulars
18316,300,1,46.99,Average Regulars
11436,228,1,46.99,Average Regulars
51344,60,1,46.99,Average Regulars
69031,306,1,46.99,Average Regulars
82013,676,1,46.99,Lost
91941,79,1,46.99,Average Regulars
70196,1279,1,46.99,At Risk (High Value)
19892,166,1,46.98,Average Regulars
14471,354,2,46.98,Average Regulars
79612,234,1,46.98,New Customers
88068,645,1,46.98,Average Regulars
49531,1332,1,46.98,At Risk (High Value)
66807,1911,1,46.98,Lost
13376,2361,1,46.97,Lost
18815,80,1,46.97,Average Regulars
51999,186,1,46.96,Average Regulars
85093,844,1,46.95,Lost
86656,66,1,46.95,Average Regulars
4204,5,1,46.95,Average Regulars
31681,509,1,46.95,Average Regulars
76532,515,1,46.95,Average Regulars
81079,1119,2,46.95,At Risk (High Value)
35419,870,1,46.95,Lost
24911,43,1,46.95,New Customers
11900,55,1,46.95,New Customers
44719,86,1,46.95,Average Regulars
56014,278,1,46.95,Average Regulars
88835,40,1,46.94,Average Regulars
12409,433,1,46.9,Average Regulars
28994,19,1,46.89,Average Regulars
99958,49,1,46.89,Average Regulars
74019,365,1,46.88,Average Regulars
1171,412,1,46.87,Average Regulars
55014,436,1,46.84,Average Regulars
67167,544,1,46.79,Average Regulars
27519,552,1,46.76,Average Regulars
14473,711,1,46.76,At Risk (High Value)
86045,2062,1,46.73,Lost
68936,132,1,46.65,New Customers
8251,1696,1,46.62,Lost
88954,325,1,46.6,Average Regulars
34483,79,1,46.59,New Customers
34484,1931,1,46.57,At Risk (High Value)
92980,61,1,46.55,New Customers
66420,323,1,46.5,Average Regulars
71984,1056,1,46.5,At Risk (High Value)
70541,1365,1,46.5,Lost
33227,34,1,46.5,Average Regulars
19967,427,1,46.5,Average Regulars
11639,705,1,46.5,Lost
965,123,1,46.5,Average Regulars
59622,361,1,46.5,Average Regulars
94770,1280,1,46.5,At Risk (High Value)
53545,1691,1,46.5,At Risk (High Value)
52835,26,1,46.5,Average Regulars
65666,344,1,46.5,Average Regulars
56004,436,1,46.5,Average Regulars
39860,295,1,46.5,New Customers
19282,1466,1,46.5,Lost
32450,74,1,46.5,Average Regulars
94741,249,1,46.49,New Customers
47191,9,2,46.48,Average Regulars
43906,39,1,46.47,Average Regulars
84700,1964,1,46.45,At Risk (High Value)
18345,716,1,46.45,Lost
49559,15,1,46.44,New Customers
6009,1231,1,46.4,Lost
22733,491,1,46.39,Average Regulars
97865,22,1,46.39,Average Regulars
75538,350,1,46.39,Average Regulars
72582,83,1,46.31,New Customers
5557,591,1,46.29,Average Regulars
53298,142,1,46.29,Average Regulars
26541,1055,1,46.22,Lost
21092,985,1,46.22,Lost
23794,611,1,46.22,Average Regulars
92522,204,1,46.22,New Customers
13102,145,1,46.22,New Customers
13104,846,1,46.22,Lost
89382,804,1,46.2,Lost
14303,1246,1,46.07,Lost
28605,506,1,46.07,Average Regulars
83445,401,1,46.07,Average Regulars
60914,2,1,46.01,Average Regulars
83712,204,1,46.0,New Customers
68742,340,2,46.0,Average Regulars
17382,1752,1,46.0,Average Regulars
51498,195,1,46.0,Average Regulars
2283,1442,1,46.0,Lost
67015,858,1,46.0,At Risk (High Value)
83703,50,1,46.0,New Customers
75613,50,1,46.0,Average Regulars
13259,109,1,46.0,Average Regulars
48011,70,1,46.0,Average Regulars
54080,2720,1,46.0,Lost
58341,597,1,46.0,Average Regulars
26396,53,1,46.0,Average Regulars
65332,362,1,46.0,Average Regulars
78489,345,1,46.0,Average Regulars
54478,233,1,46.0,New Customers
80199,360,1,46.0,Average Regulars
35255,5,1,46.0,Average Regulars
31359,253,1,46.0,Average Regulars
95608,689,1,46.0,At Risk (High Value)
87617,1484,1,46.0,Lost
1005,1327,1,46.0,At Risk (High Value)
12036,2296,1,46.0,Lost
11137,1013,1,46.0,Lost
93854,740,1,46.0,Lost
40706,882,1,46.0,Average Regulars
32034,163,1,46.0,New Customers
37714,542,1,46.0,Average Regulars
14310,89,1,46.0,New Customers
51000,323,1,46.0,New Customers
4931,9,1,46.0,Average Regulars
40087,1576,1,46.0,At Risk (High Value)
75146,2108,1,46.0,Lost
77065,858,1,46.0,Lost
46491,18,1,46.0,Average Regulars
64411,224,1,46.0,New Customers
56020,60,1,46.0,New Customers
1655,1145,1,46.0,At Risk (High Value)
97439,1676,2,46.0,At Risk (High Value)
29675,749,1,46.0,At Risk (High Value)
55675,220,1,46.0,Average Regulars
58981,1151,1,46.0,At Risk (High Value)
8498,204,1,46.0,Average Regulars
59309,32,1,46.0,Average Regulars
57937,447,1,46.0,Average Regulars
91174,5,1,46.0,Average Regulars
57697,27,1,46.0,New Customers
86606,344,1,46.0,Average Regulars
24501,718,1,46.0,At Risk (High Value)
48448,781,1,46.0,At Risk (High Value)
23168,755,1,46.0,At Risk (High Value)
21766,59,1,46.0,New Customers
82265,6,1,46.0,New Customers
51325,631,1,46.0,Average Regulars
43335,239,1,46.0,Average Regulars
56515,41,1,46.0,Average Regulars
99872,491,1,46.0,Average Regulars
83113,836,1,46.0,Lost
88628,272,1,46.0,New Customers
72946,352,1,46.0,Average Regulars
36666,346,1,45.99,Average Regulars
20065,234,1,45.99,New Customers
32278,147,1,45.99,New Customers
10915,930,1,45.99,Average Regulars
81102,4,1,45.99,Average Regulars
68539,1568,1,45.99,Average Regulars
46200,42,1,45.99,New Customers
32066,254,1,45.99,Average Regulars
32952,134,1,45.99,Average Regulars
92733,589,1,45.99,Average Regulars
13313,1200,1,45.99,Lost
32183,614,2,45.99,Average Regulars
75946,36,1,45.99,New Customers
74694,726,1,45.99,Lost
316,442,1,45.99,Average Regulars
16491,586,1,45.99,Average Regulars
56799,468,1,45.99,Average Regulars
76622,109,1,45.99,New Customers
13129,127,1,45.99,Average Regulars
91154,57,1,45.99,Average Regulars
63440,1619,1,45.99,At Risk (High Value)
48020,481,1,45.99,Average Regulars
46564,6,1,45.99,New Customers
2561,321,1,45.99,Average Regulars
81457,1589,1,45.99,Lost
41621,373,1,45.99,Average Regulars
4186,999,1,45.99,Average Regulars
55095,1281,1,45.99,Lost
14095,110,1,45.99,Average Regulars
48183,66,1,45.99,Average Regulars
96866,1270,1,45.99,At Risk (High Value)
63479,5,1,45.99,New Customers
76039,157,1,45.99,Average Regulars
37475,151,1,45.98,New Customers
62146,727,1,45.98,Lost
30066,989,1,45.98,Average Regulars
11237,480,1,45.95,Average Regulars
37856,260,1,45.95,Average Regulars
75741,217,1,45.95,Average Regulars
53802,2483,1,45.95,Lost
63902,179,1,45.95,New Customers
5617,2177,1,45.95,At Risk (High Value)
33553,85,1,45.95,Average Regulars
9311,1470,1,45.95,Lost
6876,156,1,45.95,New Customers
39920,79,1,45.95,New Customers
49030,1033,1,45.95,Lost
39903,260,1,45.95,Average Regulars
17293,687,1,45.94,Lost
39597,509,1,45.94,Average Regulars
53916,946,1,45.92,Lost
23286,307,1,45.9,New Customers
56929,103,2,45.9,Average Regulars
52232,1460,2,45.87,At Risk (High Value)
12204,375,1,45.87,Average Regulars
60128,374,1,45.86,Average Regulars
49022,130,1,45.86,New Customers
4603,253,1,45.83,New Customers
45073,282,1,45.83,New Customers
88661,161,1,45.82,New Customers
17337,302,1,45.82,Average Regulars
77212,1153,1,45.79,Lost
76260,651,1,45.75,Average Regulars
76819,82,1,45.65,New Customers
23278,211,1,45.65,Average Regulars
87165,281,2,45.64,Average Regulars
40275,2607,1,45.61,At Risk (High Value)
67231,204,1,45.61,New Customers
96147,49,1,45.61,Average Regulars
14165,1267,1,45.61,Lost
31481,225,1,45.56,New Customers
81244,61,2,45.56,Average Regulars
44997,162,1,45.5,New Customers
31017,355,1,45.5,Average Regulars
77496,390,1,45.5,Average Regulars
79913,576,1,45.5,Average Regulars
13442,881,1,45.5,Lost
31536,213,1,45.5,Average Regulars
83115,50,1,45.5,New Customers
95285,1156,1,45.5,At Risk (High Value)
17042,838,1,45.49,At Risk (High Value)
47605,1472,1,45.49,Lost
23545,496,1,45.49,Average Regulars
24148,1338,1,45.45,Lost
38917,9,1,45.45,New Customers
19240,9,2,45.44,Average Regulars
18746,225,1,45.39,Average Regulars
33861,368,1,45.36,Average Regulars
47068,2236,1,45.35,Lost
85047,1479,1,45.27,Lost
7385,113,2,45.27,Average Regulars
6045,1072,2,45.27,At Risk (High Value)
74054,1266,1,45.25,At Risk (High Value)
52223,534,1,45.23,Average Regulars
84423,0,1,45.23,Average Regulars
62567,300,1,45.22,Average Regulars
61473,808,1,45.22,Lost
33777,1509,1,45.12,Lost
81604,18,1,45.11,New Customers
25333,746,1,45.1,At Risk (High Value)
92830,238,1,45.1,Average Regulars
60435,688,1,45.1,At Risk (High Value)
79026,146,1,45.08,Average Regulars
81565,90,1,45.08,Average Regulars
47096,1395,1,45.08,Lost
97029,16,1,45.08,New Customers
17910,167,1,45.08,New Customers
13475,11,1,45.03,Average Regulars
24838,747,1,45.02,Lost
75391,1320,1,45.02,Lost
88922,461,1,45.0,Average Regulars
82647,251,1,45.0,Average Regulars
80955,4,1,45.0,Average Regulars
11438,32,1,45.0,New Customers
52967,417,1,45.0,Average Regulars
7639,2029,1,45.0,Lost
22188,167,1,45.0,New Customers
74867,900,1,45.0,Average Regulars
80809,636,1,45.0,Average Regulars
12513,328,1,45.0,Average Regulars
74020,0,1,45.0,Average Regulars
61468,403,1,45.0,Average Regulars
71382,1410,1,45.0,Lost
65859,159,1,45.0,New Customers
47250,1193,1,45.0,Lost
86666,88,1,45.0,Average Regulars
94569,582,1,45.0,Average Regulars
21913,344,1,45.0,Average Regulars
2692,693,1,45.0,Lost
61823,887,1,45.0,Lost
49428,1426,1,45.0,Average Regulars
30028,1845,1,45.0,At Risk (High Value)
32854,1217,1,45.0,At Risk (High Value)
41037,166,1,45.0,New Customers
77620,78,1,45.0,Average Regulars
92499,1616,1,45.0,At Risk (High Value)
5730,632,1,45.0,Average Regulars
48793,4,1,45.0,New Customers
19418,144,1,45.0,Average Regulars
97984,318,1,45.0,Average Regulars
72190,2600,1,45.0,Lost
87670,926,1,45.0,Average Regulars
72622,774,1,45.0,Lost
75100,680,1,45.0,Lost
38747,1422,1,45.0,Lost
38321,229,2,45.0,Average Regulars
4625,1779,1,45.0,Lost
87123,1141,1,45.0,Lost
30019,227,1,45.0,New Customers
25505,122,1,45.0,Average Regulars
67722,136,1,45.0,Average Regulars
6761,1695,1,45.0,At Risk (High Value)
26449,118,1,45.0,Average Regulars
85866,1378,1,45.0,Average Regulars
51112,843,1,45.0,At Risk (High Value)
70907,33,1,45.0,Average Regulars
63840,1227,1,45.0,Lost
70071,170,1,45.0,Average Regulars
9438,1005,1,45.0,Lost
1718,1353,1,45.0,At Risk (High Value)
30946,1480,1,45.0,Lost
35000,1932,1,45.0,At Risk (High Value)
88690,155,1,45.0,New Customers
58624,426,1,45.0,Average Regulars
88502,433,1,45.0,Average Regulars
62229,127,1,45.0,New Customers
46443,1124,1,45.0,At Risk (High Value)
2057,229,1,45.0,Average Regulars
99226,566,1,45.0,Average Regulars
52881,10,1,45.0,New Customers
3385,296,1,45.0,Average Regulars
48452,1857,1,45.0,Lost
87602,803,1,45.0,Lost
85579,270,1,45.0,Average Regulars
42599,87,1,45.0,Average Regulars
79233,1191,1,45.0,Lost
32165,656,1,45.0,At Risk (High Value)
32240,692,1,45.0,At Risk (High Value)
49476,71,1,45.0,New Customers
10002,842,1,45.0,At Risk (High Value)
40473,135,1,45.0,Average Regulars
55896,795,2,45.0,At Risk (High Value)
38526,991,1,45.0,Average Regulars
16858,1131,1,45.0,Average Regulars
9420,115,1,45.0,Average Regulars
63070,851,1,45.0,At Risk (High Value)
17370,561,1,45.0,Average Regulars
1542,1739,1,45.0,Average Regulars
53621,1263,1,45.0,Lost
91456,67,1,45.0,Average Regulars
72498,1520,1,45.0,Lost
2013,98,2,45.0,Average Regulars
3600,538,1,45.0,Average Regulars
12169,137,1,45.0,Average Regulars
34459,278,1,45.0,Average Regulars
94547,1565,1,45.0,Lost
38598,212,1,45.0,Average Regulars
35407,19,1,45.0,Average Regulars
39255,1066,1,45.0,Lost
72593,661,1,45.0,Lost
72534,847,1,45.0,Lost
88219,63,1,45.0,Average Regulars
66285,722,1,45.0,At Risk (High Value)
61641,212,1,45.0,Average Regulars
49091,4,1,45.0,Average Regulars
83929,67,1,45.0,New Customers
63155,1030,1,45.0,Average Regulars
23239,63,1,45.0,Average Regulars
95923,284,1,45.0,New Customers
26415,283,1,45.0,Average Regulars
36757,1507,1,45.0,At Risk (High Value)
36638,1295,1,45.0,Lost
88089,1650,1,45.0,Lost
91286,1573,1,45.0,Average Regulars
99032,1208,1,45.0,Lost
64396,1747,1,45.0,Average Regulars
45348,28,1,45.0,Average Regulars
82829,216,1,45.0,Average Regulars
78526,857,1,45.0,Lost
71410,678,1,45.0,At Risk (High Value)
72895,882,1,45.0,Lost
28588,1700,1,45.0,Lost
60495,543,1,45.0,Average Regulars
50724,1321,1,45.0,At Risk (High Value)
68502,789,1,45.0,At Risk (High Value)
63502,195,1,45.0,New Customers
18747,1918,1,45.0,At Risk (High Value)
50533,941,1,45.0,Lost
14202,865,1,45.0,Lost
90980,388,1,45.0,Average Regulars
11562,211,1,45.0,New Customers
51800,621,1,45.0,Average Regulars
16406,1010,1,45.0,Lost
39680,205,1,44.99,Average Regulars
35668,1200,1,44.99,Lost
93354,508,1,44.99,Average Regulars
57439,278,1,44.99,Average Regulars
53055,24,1,44.99,New Customers
58630,683,1,44.99,Lost
70356,2168,1,44.99,At Risk (High Value)
8557,469,1,44.99,Average Regulars
33399,587,1,44.99,Average Regulars
16153,531,1,44.99,Average Regulars
76482,717,1,44.99,At Risk (High Value)
68135,1352,1,44.99,At Risk (High Value)
19744,1418,1,44.99,Lost
11956,763,1,44.99,At Risk (High Value)
44081,2227,1,44.99,Lost
13346,2707,1,44.99,Lost
42733,797,1,44.99,At Risk (High Value)
69171,149,1,44.99,New Customers
41974,2048,1,44.99,Lost
98946,1594,1,44.99,At Risk (High Value)
59395,533,1,44.99,Average Regulars
76229,599,1,44.99,Average Regulars
99756,351,1,44.99,Average Regulars
77063,1147,1,44.99,At Risk (High Value)
14630,74,1,44.99,Average Regulars
785,658,1,44.99,At Risk (High Value)
77440,135,1,44.99,Average Regulars
2073,27,1,44.99,Average Regulars
39941,5,1,44.99,Average Regulars
30052,551,1,44.99,Average Regulars
18238,170,1,44.99,New Customers
93116,581,1,44.99,Average Regulars
78728,1077,1,44.99,Lost
90469,311,1,44.99,New Customers
7817,587,1,44.99,Average Regulars
38195,878,1,44.99,Lost
5130,15,1,44.99,Average Regulars
26554,312,1,44.99,New Customers
59113,1581,1,44.99,At Risk (High Value)
90896,1468,1,44.99,Lost
35098,48,1,44.99,Average Regulars
96152,208,1,44.99,Average Regulars
77322,1122,1,44.99,Lost
71387,1584,1,44.99,Lost
83801,36,1,44.99,New Customers
13106,228,1,44.99,New Customers
52168,412,1,44.99,Average Regulars
98336,605,1,44.99,Average Regulars
65915,434,1,44.99,Average Regulars
14516,837,1,44.99,Lost
79694,8,2,44.99,Average Regulars
64234,29,1,44.99,New Customers
99526,1465,1,44.99,Lost
65645,2054,1,44.99,Lost
87746,211,1,44.99,Average Regulars
89524,1111,1,44.99,Average Regulars
69033,83,1,44.99,Average Regulars
75399,911,1,44.99,Average Regulars
3768,5,1,44.99,New Customers
54211,931,1,44.99,Average Regulars
57766,438,1,44.99,Average Regulars
81177,1891,1,44.99,Average Regulars
42501,404,1,44.99,Average Regulars
12438,567,1,44.99,Average Regulars
10782,850,1,44.99,Lost
41902,2087,1,44.99,At Risk (High Value)
87611,841,1,44.99,Lost
11316,5,1,44.99,Average Regulars
85460,1422,1,44.99,Lost
74318,14,1,44.99,Average Regulars
57828,193,1,44.99,Average Regulars
63276,306,1,44.99,New Customers
60711,2487,1,44.99,Lost
82788,4,1,44.99,Average Regulars
36521,563,1,44.99,Average Regulars
68716,62,1,44.99,Average Regulars
20387,341,1,44.99,Average Regulars
32447,667,2,44.99,At Risk (High Value)
1862,8,1,44.99,New Customers
66702,379,1,44.99,Average Regulars
31057,391,1,44.99,Average Regulars
47522,1199,1,44.99,Lost
30595,1850,1,44.99,Lost
23116,506,1,44.99,Average Regulars
33297,666,1,44.99,Lost
36896,1290,1,44.99,At Risk (High Value)
53897,364,1,44.99,Average Regulars
80718,1890,1,44.99,At Risk (High Value)
52733,209,1,44.99,Average Regulars
35404,135,1,44.99,New Customers
2800,1169,1,44.99,Average Regulars
72775,118,1,44.99,New Customers
12582,2057,1,44.99,Lost
68687,348,1,44.99,Average Regulars
8329,140,1,44.99,Average Regulars
84935,153,1,44.99,New Customers
35398,9,1,44.99,New Customers
69243,1660,1,44.99,Lost
69761,1575,1,44.99,Lost
14407,390,1,44.99,Average Regulars
30040,297,1,44.99,New Customers
22212,1140,1,44.99,Lost
39295,15,1,44.99,Average Regulars
29030,1425,1,44.99,Lost
76396,437,1,44.99,Average Regulars
45161,767,1,44.99,Lost
32004,282,1,44.99,Average Regulars
44896,32,1,44.99,Average Regulars
12099,1582,1,44.99,At Risk (High Value)
49823,1717,1,44.99,Lost
45618,1960,1,44.99,Lost
62615,900,1,44.99,Average Regulars
32352,1532,1,44.99,Lost
68349,2642,1,44.99,Average Regulars
22780,288,1,44.99,New Customers
93149,107,1,44.99,Average Regulars
2722,76,1,44.99,New Customers
43009,115,1,44.99,New Customers
9921,392,1,44.99,Average Regulars
68049,195,1,44.99,Average Regulars
91905,176,1,44.99,New Customers
94307,1473,1,44.99,Average Regulars
93973,295,1,44.99,Average Regulars
58501,1353,1,44.99,Lost
65596,159,1,44.99,New Customers
99293,2436,1,44.99,At Risk (High Value)
1367,152,1,44.99,Average Regulars
73329,260,1,44.99,Average Regulars
43247,944,1,44.99,Lost
352,1403,1,44.98,Average Regulars
91720,433,1,44.98,Average Regulars
61534,310,1,44.98,Average Regulars
45549,111,1,44.98,New Customers
65446,1428,1,44.98,Average Regulars
1842,558,1,44.98,Average Regulars
18981,422,1,44.97,Average Regulars
14263,4,1,44.97,Average Regulars
23662,1834,1,44.97,Lost
86735,75,1,44.97,Average Regulars
70092,544,2,44.97,Average Regulars
64674,10,1,44.97,New Customers
60913,671,1,44.97,Lost
30793,183,1,44.97,New Customers
39413,147,1,44.97,New Customers
98917,717,1,44.97,Lost
99437,1263,1,44.97,At Risk (High Value)
28124,578,1,44.96,Average Regulars
2439,17,1,44.96,New Customers
64401,908,1,44.96,Lost
19457,1250,1,44.95,Lost
58529,1992,1,44.95,At Risk (High Value)
12714,181,1,44.95,New Customers
45238,708,1,44.95,Lost
39228,2198,1,44.95,At Risk (High Value)
58291,727,1,44.95,At Risk (High Value)
15401,682,1,44.95,Lost
42380,34,1,44.95,Average Regulars
58219,579,1,44.95,Average Regulars
96825,1302,1,44.95,At Risk (High Value)
88058,1373,1,44.95,Average Regulars
86487,228,1,44.95,New Customers
95810,284,1,44.95,New Customers
46584,1414,1,44.95,Average Regulars
15171,1949,1,44.95,Lost
81699,1513,1,44.95,Average Regulars
48104,16,2,44.95,Average Regulars
18044,952,1,44.95,Average Regulars
24832,1051,1,44.95,Lost
89329,22,1,44.95,New Customers
30435,907,2,44.95,At Risk (High Value)
74736,1368,1,44.95,Average Regulars
62439,405,1,44.95,Average Regulars
85319,564,1,44.95,Average Regulars
82796,115,1,44.95,Average Regulars
60258,167,1,44.95,New Customers
18599,1564,1,44.95,Lost
24603,1111,1,44.95,Average Regulars
883,24,1,44.95,Average Regulars
68941,232,1,44.95,Average Regulars
9779,480,2,44.94,Average Regulars
23956,1373,2,44.94,At Risk (High Value)
40285,1011,1,44.94,Average Regulars
14695,22,1,44.94,New Customers
95019,885,1,44.93,Average Regulars
6274,255,1,44.92,Average Regulars
2814,2067,1,44.91,Average Regulars
95771,1020,1,44.9,Lost
10929,35,2,44.9,Average Regulars
91500,81,1,44.9,New Customers
49680,666,1,44.9,At Risk (High Value)
21994,989,1,44.9,Lost
56237,562,1,44.9,Average Regulars
24064,1966,1,44.9,Lost
69689,508,2,44.89,Average Regulars
66395,2285,1,44.89,Lost
93662,1121,1,44.88,At Risk (High Value)
20787,20,1,44.86,New Customers
3568,450,1,44.84,Average Regulars
72127,327,1,44.83,Average Regulars
67379,36,1,44.8,New Customers
49929,55,1,44.8,Average Regulars
13857,193,1,44.8,Average Regulars
98625,990,1,44.79,Lost
16734,1194,2,44.79,At Risk (High Value)
10133,1224,1,44.79,Lost
35009,1152,1,44.78,At Risk (High Value)
21726,1349,1,44.78,At Risk (High Value)
3908,666,1,44.78,Lost
95788,643,1,44.78,Average Regulars
37116,235,1,44.78,Average Regulars
35858,60,1,44.78,New Customers
6200,665,1,44.78,Lost
49874,568,1,44.78,Average Regulars
48966,275,1,44.78,New Customers
98281,762,2,44.74,At Risk (High Value)
25808,122,2,44.7,Average Regulars
56445,1564,1,44.69,At Risk (High Value)
5655,340,1,44.63,Average Regulars
58771,65,1,44.63,Average Regulars
73662,358,1,44.63,Average Regulars
60947,77,1,44.63,Average Regulars
81833,1719,1,44.62,At Risk (High Value)
54666,2090,1,44.6,At Risk (High Value)
73092,41,2,44.59,Average Regulars
45570,81,1,44.58,New Customers
28512,162,1,44.56,New Customers
9366,351,1,44.56,Average Regulars
2450,319,1,44.55,Average Regulars
61880,750,1,44.51,At Risk (High Value)
14872,971,1,44.5,Lost
85131,42,1,44.5,New Customers
13792,1152,1,44.5,Average Regulars
95785,264,1,44.5,Average Regulars
71998,238,1,44.5,Average Regulars
57534,38,1,44.5,New Customers
91715,543,1,44.5,Average Regulars
70825,229,1,44.5,New Customers
1442,48,1,44.5,Average Regulars
77246,543,1,44.5,Average Regulars
74936,303,1,44.5,Average Regulars
49820,893,1,44.5,Average Regulars
51315,418,1,44.5,Average Regulars
11637,69,1,44.5,Average Regulars
9231,375,1,44.5,Average Regulars
36776,161,1,44.5,New Customers
99371,699,1,44.5,At Risk (High Value)
48277,995,1,44.5,Average Regulars
69257,24,1,44.5,Average Regulars
2947,700,1,44.5,Lost
79222,471,1,44.5,Average Regulars
75322,8,1,44.5,Average Regulars
65852,1149,1,44.5,Average Regulars
31087,55,1,44.5,Average Regulars
97033,77,1,44.48,Average Regulars
91327,465,1,44.48,Average Regulars
1512,206,1,44.48,Average Regulars
55485,662,1,44.47,Lost
55971,1178,2,44.46,At Risk (High Value)
37053,107,1,44.45,Average Regulars
508,297,1,44.45,New Customers
84101,1889,1,44.45,Average Regulars
13270,562,1,44.45,Average Regulars
1177,104,1,44.45,Average Regulars
41743,638,1,44.41,Average Regulars
89851,73,1,44.41,New Customers
39765,459,2,44.4,Average Regulars
82524,1019,1,44.4,Lost
64644,2173,1,44.39,At Risk (High Value)
44659,311,1,44.39,Average Regulars
45116,12,2,44.38,Average Regulars
17253,6,2,44.36,Average Regulars
27206,235,1,44.32,Average Regulars
74392,844,1,44.27,Lost
33023,112,1,44.25,Average Regulars
69948,866,1,44.21,At Risk (High Value)
97290,1490,1,44.21,Lost
7594,571,1,44.21,Average Regulars
52204,2653,1,44.16,Lost
369,848,1,44.15,At Risk (High Value)
68421,293,1,44.13,Average Regulars
77795,1040,1,44.12,Average Regulars
71960,2452,1,44.12,At Risk (High Value)
17578,17,1,44.12,Average Regulars
3170,221,1,44.12,Average Regulars
86634,31,1,44.12,New Customers
84566,372,1,44.12,Average Regulars
42540,419,1,44.09,Average Regulars
56527,615,1,44.01,Average Regulars
99432,631,1,44.0,Average Regulars
81320,5,1,44.0,Average Regulars
61433,1363,1,44.0,Lost
15194,670,1,44.0,Lost
77826,202,1,44.0,New Customers
83934,1253,1,44.0,At Risk (High Value)
56203,496,1,44.0,Average Regulars
5608,233,1,44.0,Average Regulars
20237,49,1,44.0,Average Regulars
93677,1415,1,44.0,Lost
20074,239,1,44.0,Average Regulars
92632,815,1,44.0,At Risk (High Value)
84567,34,1,44.0,New Customers
67907,156,1,44.0,Average Regulars
16886,62,1,44.0,Average Regulars
72843,857,1,44.0,Lost
17452,1260,1,44.0,At Risk (High Value)
61600,1421,1,44.0,Lost
28335,103,1,44.0,Average Regulars
20254,295,1,44.0,Average Regulars
53426,17,1,44.0,New Customers
17201,1106,1,44.0,Lost
60666,1555,1,44.0,Lost
53297,1923,1,44.0,Lost
4669,1074,1,44.0,At Risk (High Value)
41077,534,1,44.0,Average Regulars
29492,169,1,44.0,New Customers
83499,257,1,44.0,Average Regulars
17548,278,1,44.0,New Customers
16880,164,1,44.0,Average Regulars
15067,346,1,44.0,Average Regulars
35852,177,1,44.0,New Customers
76685,30,1,44.0,New Customers
86536,457,1,44.0,Average Regulars
55922,823,1,44.0,At Risk (High Value)
73938,841,1,44.0,Lost
91466,312,1,44.0,Average Regulars
40065,929,1,44.0,Lost
13146,856,1,44.0,Lost
77493,1194,1,44.0,Lost
70634,944,1,44.0,Lost
9017,1319,1,44.0,At Risk (High Value)
60889,1134,1,44.0,Lost
67564,142,1,44.0,New Customers
97395,261,1,44.0,New Customers
20325,491,1,44.0,Average Regulars
81005,1068,1,44.0,Average Regulars
99117,869,1,44.0,At Risk (High Value)
65360,748,1,44.0,Lost
86343,857,1,44.0,At Risk (High Value)
51067,474,1,44.0,Average Regulars
38232,2472,1,44.0,Lost
57361,27,1,44.0,Average Regulars
51668,308,1,44.0,Average Regulars
54137,1014,1,44.0,Lost
66307,943,1,44.0,Average Regulars
91489,4,1,44.0,New Customers
17532,81,1,44.0,Average Regulars
40469,1311,1,44.0,At Risk (High Value)
83108,307,1,44.0,New Customers
94368,1801,1,44.0,Lost
19953,894,1,44.0,Lost
8520,818,1,44.0,At Risk (High Value)
69817,54,1,44.0,Average Regulars
99280,490,1,44.0,Average Regulars
50885,1728,1,44.0,Lost
34241,539,1,44.0,Average Regulars
7699,501,1,44.0,Average Regulars
84513,308,1,44.0,New Customers
70960,1516,1,44.0,Lost
55803,146,1,44.0,New Customers
98763,300,1,44.0,Average Regulars
14153,792,1,43.99,Lost
96409,123,1,43.99,Average Regulars
88832,42,1,43.99,New Customers
633,68,1,43.99,New Customers
16336,734,1,43.99,Lost
50322,197,1,43.99,Average Regulars
97271,171,1,43.99,Average Regulars
9649,55,1,43.99,Average Regulars
76600,3,1,43.99,Average Regulars
82852,526,1,43.99,Average Regulars
49524,48,1,43.99,Average Regulars
8025,424,1,43.99,Average Regulars
86626,365,1,43.99,Average Regulars
40145,284,1,43.99,Average Regulars
84433,1664,1,43.99,Lost
92871,978,1,43.99,Average Regulars
48917,1133,1,43.99,At Risk (High Value)
26409,1525,2,43.99,At Risk (High Value)
60930,709,1,43.99,At Risk (High Value)
6038,1409,1,43.98,Lost
38544,27,2,43.98,Average Regulars
69545,861,1,43.98,At Risk (High Value)
83447,1533,1,43.98,Lost
5663,1109,1,43.98,Lost
69850,218,1,43.98,Average Regulars
97353,5,1,43.98,Average Regulars
82978,333,1,43.98,Average Regulars
59425,1027,2,43.97,At Risk (High Value)
66357,23,1,43.97,Average Regulars
68928,2304,2,43.97,At Risk (High Value)
81717,1513,1,43.97,Average Regulars
16210,359,1,43.95,Average Regulars
5843,1321,1,43.95,Lost
15412,976,1,43.95,Lost
19102,179,1,43.95,Average Regulars
73667,530,1,43.95,Average Regulars
44629,992,1,43.95,Lost
70474,407,1,43.95,Average Regulars
16308,8,1,43.95,Average Regulars
85704,542,1,43.95,Average Regulars
13200,320,1,43.95,Average Regulars
90946,774,1,43.95,Lost
40746,1016,1,43.95,Average Regulars
49372,169,1,43.95,Average Regulars
87614,474,1,43.95,Average Regulars
78182,2429,1,43.95,Average Regulars
49266,427,1,43.95,Average Regulars
59499,2546,1,43.95,At Risk (High Value)
83331,5,1,43.94,Average Regulars
31766,22,1,43.94,Average Regulars
88791,109,1,43.94,Average Regulars
28558,362,1,43.94,Average Regulars
31810,23,1,43.93,Average Regulars
28194,1373,1,43.9,Average Regulars
55594,1211,1,43.9,At Risk (High Value)
68291,1,1,43.88,New Customers
51203,851,1,43.88,Lost
27718,2521,1,43.8,Lost
48794,684,1,43.79,Lost
65888,193,1,43.79,Average Regulars
32446,592,1,43.79,Average Regulars
70477,147,1,43.79,New Customers
75971,2268,1,43.79,Lost
9747,286,1,43.76,Average Regulars
16889,677,1,43.76,At Risk (High Value)
32360,814,1,43.75,At Risk (High Value)
12869,282,1,43.71,New Customers
21452,392,2,43.7,Average Regulars
30774,807,1,43.69,Lost
7542,1231,1,43.69,At Risk (High Value)
86745,7,2,43.68,Average Regulars
45216,65,1,43.66,New Customers
40998,38,1,43.66,New Customers
34089,402,1,43.66,Average Regulars
6918,588,1,43.66,Average Regulars
92592,145,2,43.59,Average Regulars
52042,1188,1,43.56,Lost
34254,890,1,43.55,Average Regulars
72189,62,1,43.55,New Customers
6739,157,1,43.53,Average Regulars
2129,113,1,43.53,New Customers
759,1517,1,43.53,Lost
51108,1518,1,43.5,Average Regulars
45367,134,1,43.5,Average Regulars
95338,37,1,43.5,New Customers
2787,541,1,43.5,Average Regulars
35659,1013,1,43.5,Average Regulars
40176,160,1,43.49,New Customers
34997,59,1,43.48,New Customers
16977,2164,1,43.48,At Risk (High Value)
58892,650,2,43.47,Average Regulars
22235,877,1,43.45,Lost
44547,33,1,43.45,Average Regulars
34802,1029,1,43.45,Average Regulars
22637,1020,1,43.44,Lost
63762,1385,1,43.44,Average Regulars
1764,282,1,43.4,Average Regulars
23852,71,2,43.31,Average Regulars
58811,249,1,43.31,Average Regulars
70282,793,1,43.29,At Risk (High Value)
98272,192,1,43.23,Average Regulars
61595,261,1,43.23,New Customers
17251,363,1,43.2,Average Regulars
28951,64,2,43.2,Average Regulars
76375,552,1,43.18,Average Regulars
812,724,1,43.16,Lost
65255,1813,1,43.15,Average Regulars
42999,262,1,43.15,New Customers
33517,686,1,43.14,At Risk (High Value)
13002,220,1,43.11,Average Regulars
97726,442,1,43.09,Average Regulars
8613,1069,1,43.08,Lost
53058,526,2,43.08,Average Regulars
19543,1344,1,43.08,At Risk (High Value)
7488,2371,1,43.07,Lost
70401,1362,1,43.0,Lost
56979,166,1,43.0,New Customers
66885,1020,1,43.0,Lost
78095,1476,1,43.0,Lost
98065,461,1,43.0,Average Regulars
37395,1399,1,43.0,Lost
21442,188,1,43.0,Average Regulars
84279,795,1,42.99,Lost
34195,608,1,42.99,Average Regulars
96841,663,1,42.99,At Risk (High Value)
20905,435,1,42.99,Average Regulars
86611,189,1,42.99,New Customers
87253,136,1,42.99,Average Regulars
99550,1738,1,42.99,Average Regulars
56234,1178,1,42.99,Lost
68820,610,1,42.99,Average Regulars
57742,908,1,42.99,Lost
49776,397,1,42.99,Average Regulars
49598,5,1,42.99,Average Regulars
97847,545,1,42.99,Average Regulars
60129,445,1,42.99,Average Regulars
42730,290,1,42.99,New Customers
87230,1940,1,42.99,Lost
54679,1946,1,42.99,Lost
78179,1929,1,42.99,At Risk (High Value)
599,27,1,42.99,Average Regulars
820,414,1,42.99,Average Regulars
52712,763,1,42.99,Lost
70354,79,1,42.99,Average Regulars
46081,33,1,42.99,Average Regulars
98964,1448,1,42.99,Lost
51574,911,1,42.99,Average Regulars
10828,161,1,42.99,Average Regulars
14882,1419,1,42.99,Lost
32468,270,1,42.99,Average Regulars
21553,2105,1,42.99,At Risk (High Value)
73908,348,1,42.99,Average Regulars
44336,883,1,42.99,Average Regulars
4258,918,1,42.99,Average Regulars
26968,450,1,42.99,Average Regulars
39686,151,1,42.99,Average Regulars
53244,496,1,42.99,Average Regulars
94335,979,1,42.99,Average Regulars
38021,196,1,42.99,New Customers
70715,177,1,42.99,Average Regulars
94053,1688,1,42.99,Lost
3486,729,1,42.99,At Risk (High Value)
4368,866,1,42.99,At Risk (High Value)
53466,777,1,42.99,At Risk (High Value)
37555,158,1,42.99,Average Regulars
2768,1611,1,42.99,Lost
95794,135,2,42.99,Average Regulars
6968,4,1,42.99,New Customers
45483,88,1,42.99,Average Regulars
10177,44,1,42.99,Average Regulars
40828,1203,1,42.99,Lost
37442,183,1,42.99,New Customers
28874,114,1,42.99,New Customers
16985,169,1,42.99,New Customers
80486,367,1,42.98,Average Regulars
67130,522,2,42.98,Average Regulars
30930,1358,1,42.98,Lost
10680,485,1,42.98,Average Regulars
49657,2723,1,42.98,Lost
8143,543,1,42.98,Average Regulars
90508,36,1,42.98,Average Regulars
53741,1104,1,42.98,Lost
91410,1798,1,42.98,Lost
78415,1383,1,42.95,Lost
35598,173,1,42.95,New Customers
85695,400,1,42.95,Average Regulars
18972,65,1,42.95,Average Regulars
84027,103,1,42.95,Average Regulars
17150,23,1,42.95,New Customers
52133,722,1,42.95,At Risk (High Value)
2116,113,1,42.95,Average Regulars
13292,18,1,42.95,New Customers
35559,1031,1,42.95,Average Regulars
31159,29,1,42.95,New Customers
78148,626,1,42.95,Average Regulars
48223,245,1,42.95,New Customers
33427,937,1,42.95,Average Regulars
92627,2246,1,42.95,At Risk (High Value)
71829,790,1,42.94,Lost
90648,67,1,42.94,New Customers
42247,4,2,42.94,Average Regulars
62150,1361,1,42.93,Lost
87493,1470,2,42.93,At Risk (High Value)
66527,1408,1,42.9,Lost
35954,1583,1,42.9,At Risk (High Value)
87308,1465,1,42.89,Lost
77789,102,1,42.88,Average Regulars
45021,398,2,42.88,Average Regulars
71785,1895,1,42.85,Lost
63858,1707,1,42.78,Lost
68307,92,1,42.72,Average Regulars
40729,769,1,42.72,At Risk (High Value)
55553,436,1,42.67,Average Regulars
43948,23,1,42.66,Average Regulars
25288,524,2,42.65,Average Regulars
65323,476,2,42.65,Average Regulars
13506,136,1,42.59,New Customers
93128,1185,1,42.5,Lost
26866,1656,1,42.5,At Risk (High Value)
57406,24,2,42.5,Average Regulars
85163,50,1,42.5,Average Regulars
89914,316,1,42.5,New Customers
8055,1000,1,42.5,Lost
72889,1059,1,42.5,Average Regulars
18078,1089,1,42.5,Lost
65926,61,1,42.5,New Customers
37542,1294,1,42.5,At Risk (High Value)
82882,366,1,42.5,Average Regulars
7177,15,1,42.49,New Customers
46530,36,1,42.48,Average Regulars
25689,16,1,42.4,Average Regulars
50598,1148,1,42.38,Lost
89533,661,2,42.36,At Risk (High Value)
74702,45,1,42.36,Average Regulars
87708,683,1,42.34,Lost
46147,87,1,42.34,New Customers
5361,92,2,42.27,Average Regulars
54360,174,1,42.24,New Customers
61993,680,1,42.22,At Risk (High Value)
26905,358,1,42.16,Average Regulars
63343,169,1,42.16,Average Regulars
42188,407,1,42.16,Average Regulars
73419,562,1,42.16,Average Regulars
89214,1945,1,42.16,Lost
38520,138,1,42.12,New Customers
72008,158,1,42.12,Average Regulars
79741,160,1,42.1,New Customers
17175,1383,1,42.08,Lost
85305,519,1,42.08,Average Regulars
94749,1158,1,42.01,At Risk (High Value)
74184,57,1,42.01,Average Regulars
55035,29,1,42.01,Average Regulars
63727,1042,1,42.0,Lost
56407,2178,1,42.0,Lost
37353,477,1,42.0,Average Regulars
32552,509,1,42.0,Average Regulars
74678,674,1,42.0,At Risk (High Value)
87204,1403,1,42.0,Lost
62516,483,1,42.0,Average Regulars
19006,613,1,42.0,Average Regulars
34524,1426,1,42.0,Average Regulars
13710,777,1,42.0,Lost
52815,72,1,42.0,New Customers
61305,1900,1,42.0,Average Regulars
75668,7,1,42.0,Average Regulars
70143,1080,1,42.0,Lost
17388,283,1,42.0,New Customers
76950,944,1,42.0,Average Regulars
78085,311,1,42.0,New Customers
37323,92,1,42.0,Average Regulars
76475,131,1,42.0,New Customers
78325,146,1,42.0,New Customers
89071,97,1,42.0,Average Regulars
95811,2204,1,42.0,Lost
24607,457,1,42.0,Average Regulars
86326,255,1,42.0,Average Regulars
13262,482,1,42.0,Average Regulars
53094,843,1,42.0,At Risk (High Value)
78314,889,1,42.0,Lost
75247,6,1,42.0,New Customers
92474,891,1,42.0,Average Regulars
47510,1916,1,42.0,At Risk (High Value)
29342,25,1,42.0,New Customers
85308,529,1,42.0,Average Regulars
28101,97,1,42.0,Average Regulars
34821,1857,1,42.0,Lost
37143,45,1,42.0,Average Regulars
41165,674,1,42.0,Lost
26952,2216,1,42.0,At Risk (High Value)
89620,1255,1,42.0,At Risk (High Value)
3875,1789,1,42.0,Average Regulars
80440,866,1,42.0,At Risk (High Value)
71523,211,1,42.0,New Customers
69479,603,1,42.0,Average Regulars
87475,240,1,42.0,Average Regulars
98273,8,1,42.0,Average Regulars
84432,119,1,42.0,Average Regulars
77939,1406,1,42.0,Lost
82699,1291,1,42.0,Lost
37145,595,1,42.0,Average Regulars
9778,402,1,42.0,Average Regulars
6798,28,1,42.0,Average Regulars
68333,393,1,42.0,Average Regulars
10446,245,1,42.0,New Customers
54704,716,1,42.0,Lost
58185,42,1,42.0,Average Regulars
59815,151,1,42.0,New Customers
14097,412,1,42.0,Average Regulars
24347,77,1,42.0,Average Regulars
47670,504,1,42.0,Average Regulars
87810,461,1,42.0,Average Regulars
38869,242,1,42.0,Average Regulars
58385,1739,1,42.0,Average Regulars
84046,68,1,42.0,Average Regulars
96801,145,1,42.0,New Customers
20691,1144,1,42.0,Lost
93718,1111,1,42.0,Average Regulars
86454,191,1,42.0,New Customers
9854,693,1,42.0,Lost
56535,304,2,42.0,Average Regulars
41901,2225,1,42.0,At Risk (High Value)
15780,2480,1,42.0,Lost
86482,1510,1,42.0,Average Regulars
22287,308,1,42.0,Average Regulars
67207,1384,1,42.0,Average Regulars
52862,5,1,42.0,New Customers
20087,581,1,42.0,Average Regulars
39499,4,1,42.0,Average Regulars
22891,7,1,42.0,New Customers
42132,434,1,42.0,Average Regulars
9988,170,1,42.0,New Customers
4006,346,1,42.0,Average Regulars
54426,365,1,42.0,Average Regulars
7218,568,1,42.0,Average Regulars
40571,392,1,42.0,Average Regulars
88366,683,1,42.0,At Risk (High Value)
54625,860,1,42.0,Lost
76792,432,1,42.0,Average Regulars
13667,48,1,42.0,New Customers
34076,1130,1,42.0,At Risk (High Value)
38241,101,1,42.0,Average Regulars
95450,5,1,42.0,New Customers
94140,1292,1,42.0,At Risk (High Value)
38357,690,1,42.0,Lost
59431,515,1,42.0,Average Regulars
8372,903,1,42.0,Average Regulars
15669,73,1,42.0,Average Regulars
12372,412,1,42.0,Average Regulars
52181,440,1,42.0,Average Regulars
81348,27,1,42.0,New Customers
98354,392,1,42.0,Average Regulars
84040,700,1,42.0,Lost
25888,25,1,42.0,Average Regulars
79155,51,1,42.0,New Customers
69604,794,1,41.99,Lost
93890,296,1,41.99,New Customers
43401,435,1,41.99,Average Regulars
84519,86,1,41.99,Average Regulars
91200,422,1,41.99,Average Regulars
37265,377,1,41.99,Average Regulars
77921,665,1,41.99,Lost
88524,22,1,41.99,Average Regulars
79927,14,1,41.99,Average Regulars
5346,194,2,41.99,Average Regulars
57896,1238,1,41.99,Lost
86815,35,1,41.99,Average Regulars
8645,78,2,41.99,Average Regulars
71362,770,1,41.99,Lost
77518,155,1,41.99,Average Regulars
61074,4,1,41.99,Average Regulars
75379,887,1,41.99,Average Regulars
4503,1901,1,41.99,Average Regulars
64338,1385,2,41.99,At Risk (High Value)
75530,151,1,41.99,New Customers
63531,1434,1,41.99,Average Regulars
36822,959,1,41.99,Lost
11533,426,1,41.99,Average Regulars
57243,1429,1,41.99,Lost
32015,215,1,41.99,New Customers
38662,131,1,41.99,New Customers
80089,757,1,41.99,At Risk (High Value)
62197,481,1,41.99,Average Regulars
44644,2080,1,41.99,Average Regulars
96628,899,1,41.99,Lost
51147,495,1,41.99,Average Regulars
83023,971,1,41.99,Average Regulars
58683,104,2,41.99,Average Regulars
58972,265,1,41.99,New Customers
91382,1677,1,41.99,At Risk (High Value)
43075,1318,1,41.99,Lost
73975,1006,1,41.99,Average Regulars
34024,638,1,41.99,Average Regulars
23579,826,1,41.99,Lost
10265,2308,1,41.99,Lost
63039,209,1,41.99,Average Regulars
26296,1501,1,41.99,Lost
41347,272,1,41.99,New Customers
82325,1252,1,41.99,Lost
21033,1292,1,41.99,Lost
43299,1699,1,41.99,Lost
50304,983,1,41.99,Average Regulars
37247,283,1,41.99,New Customers
81003,488,1,41.99,Average Regulars
37670,446,1,41.99,Average Regulars
39340,671,1,41.99,At Risk (High Value)
62399,13,1,41.99,New Customers
87865,46,1,41.98,Average Regulars
20932,414,1,41.98,Average Regulars
76329,1184,2,41.98,At Risk (High Value)
31385,907,1,41.98,Lost
25640,1021,1,41.98,Average Regulars
17208,603,1,41.97,Average Regulars
75482,1743,1,41.97,Lost
2985,395,1,41.96,Average Regulars
79648,30,1,41.96,Average Regulars
11567,818,1,41.96,Lost
30423,59,1,41.96,Average Regulars
59153,6,1,41.96,New Customers
85631,164,1,41.96,Average Regulars
96734,605,1,41.96,Average Regulars
71531,1588,1,41.96,Lost
32676,636,1,41.96,Average Regulars
1715,127,1,41.95,New Customers
61804,125,1,41.95,New Customers
69035,397,1,41.95,Average Regulars
44192,1377,1,41.95,Lost
42031,413,1,41.95,Average Regulars
67576,263,1,41.95,New Customers
91310,2299,1,41.95,Average Regulars
30807,1844,1,41.95,Average Regulars
46106,14,1,41.95,New Customers
10027,70,1,41.95,Average Regulars
84420,508,1,41.95,Average Regulars
26107,1969,1,41.94,Lost
82969,919,2,41.94,At Risk (High Value)
1537,28,2,41.89,Average Regulars
99067,505,1,41.88,Average Regulars
80736,671,1,41.88,Lost
61212,151,1,41.88,New Customers
82691,1040,1,41.84,Lost
54523,255,2,41.82,Average Regulars
88891,268,1,41.82,Average Regulars
32322,968,1,41.8,Lost
553,210,1,41.8,Average Regulars
65010,1176,1,41.74,At Risk (High Value)
18144,758,1,41.73,Lost
28418,159,1,41.73,Average Regulars
8806,86,1,41.7,New Customers
60572,310,1,41.65,Average Regulars
24239,1994,1,41.64,Lost
62263,55,1,41.64,Average Regulars
44132,1109,1,41.63,Lost
57329,911,1,41.56,Lost
51732,239,1,41.56,Average Regulars
85382,1153,1,41.5,Average Regulars
29788,527,1,41.5,Average Regulars
21172,1448,1,41.49,Lost
94475,27,2,41.48,Average Regulars
94716,307,2,41.48,Average Regulars
11171,21,1,41.45,New Customers
32247,1509,1,41.45,Lost
78337,1821,1,41.45,At Risk (High Value)
91650,98,1,41.42,Average Regulars
50351,34,1,41.42,New Customers
33461,1703,1,41.42,Lost
47131,2525,1,41.42,Average Regulars
56554,113,1,41.42,Average Regulars
26939,1775,1,41.41,Lost
58820,6,1,41.4,Average Regulars
48128,760,1,41.39,At Risk (High Value)
23626,3,1,41.37,Average Regulars
61697,698,2,41.35,At Risk (High Value)
42232,344,1,41.33,Average Regulars
77045,1715,1,41.3,Lost
49746,2017,1,41.3,At Risk (High Value)
54014,319,1,41.3,New Customers
87926,555,1,41.29,Average Regulars
80616,35,1,41.29,New Customers
80121,1324,1,41.29,Lost
86228,6,1,41.29,Average Regulars
89962,207,1,41.29,Average Regulars
82315,334,1,41.25,Average Regulars
73592,139,1,41.25,New Customers
20592,302,1,41.25,Average Regulars
7925,239,1,41.23,New Customers
51155,116,1,41.23,Average Regulars
98981,2114,1,41.21,Average Regulars
42179,2525,1,41.18,Average Regulars
97724,260,2,41.17,Average Regulars
6047,738,2,41.14,At Risk (High Value)
89010,229,1,41.08,Average Regulars
41022,456,1,41.0,Average Regulars
94788,2038,1,41.0,Lost
3734,1159,1,41.0,Lost
24342,76,1,41.0,Average Regulars
83360,554,1,41.0,Average Regulars
60026,1222,1,41.0,At Risk (High Value)
73503,270,1,41.0,Average Regulars
36531,506,1,41.0,Average Regulars
93195,1727,1,41.0,At Risk (High Value)
30654,422,1,40.99,Average Regulars
28058,104,1,40.99,Average Regulars
20534,253,1,40.99,New Customers
13237,321,2,40.99,Average Regulars
96983,1091,1,40.99,Average Regulars
38671,18,1,40.99,Average Regulars
91384,358,1,40.99,Average Regulars
26539,667,1,40.99,At Risk (High Value)
21313,6,1,40.99,New Customers
56054,2109,1,40.99,At Risk (High Value)
91081,1274,1,40.99,Lost
54974,1121,1,40.98,Lost
81846,96,2,40.97,Average Regulars
46340,3,1,40.96,Average Regulars
48694,374,1,40.96,Average Regulars
32433,600,3,40.96,Average Regulars
67081,240,1,40.95,New Customers
6333,1166,1,40.95,At Risk (High Value)
70952,49,2,40.95,Average Regulars
68699,431,1,40.95,Average Regulars
97094,801,1,40.95,Lost
95468,1747,1,40.95,Lost
57459,750,1,40.95,Lost
68314,690,1,40.94,At Risk (High Value)
35569,468,1,40.94,Average Regulars
61034,589,1,40.91,Average Regulars
88159,682,1,40.91,At Risk (High Value)
82424,1422,1,40.91,Lost
70423,1157,1,40.91,Average Regulars
39183,931,1,40.9,Average Regulars
35938,1107,1,40.9,Lost
26712,520,2,40.89,Average Regulars
49685,1094,1,40.89,Lost
755,58,1,40.89,Average Regulars
73360,647,1,40.88,Average Regulars
49742,1546,1,40.88,Average Regulars
26109,1199,1,40.88,At Risk (High Value)
88107,1000,1,40.83,Lost
12094,375,2,40.79,Average Regulars
17827,309,2,40.77,Average Regulars
6558,694,1,40.75,At Risk (High Value)
99593,584,1,40.75,Average Regulars
63200,560,1,40.75,Average Regulars
97405,854,1,40.75,Lost
78316,494,1,40.75,Average Regulars
89228,474,1,40.73,Average Regulars
59665,415,1,40.73,Average Regulars
78321,477,1,40.72,Average Regulars
62788,297,1,40.69,Average Regulars
97461,1,1,40.67,New Customers
15353,26,1,40.63,Average Regulars
70891,1767,1,40.61,Lost
43526,844,1,40.6,Lost
46071,123,1,40.6,New Customers
59012,51,1,40.6,Average Regulars
69780,907,1,40.6,Average Regulars
580,2546,1,40.6,At Risk (High Value)
67040,640,1,40.6,Average Regulars
85755,181,2,40.59,Average Regulars
20172,214,1,40.57,New Customers
65970,945,2,40.56,At Risk (High Value)
54460,492,1,40.54,Average Regulars
38675,196,1,40.52,Average Regulars
71491,860,1,40.52,Lost
52558,615,1,40.5,Average Regulars
61070,253,1,40.49,Average Regulars
71805,1385,1,40.49,Average Regulars
89312,1492,1,40.49,Lost
63797,225,1,40.49,New Customers
39845,593,1,40.49,Average Regulars
90983,581,1,40.48,Average Regulars
72348,746,2,40.47,At Risk (High Value)
53751,109,1,40.4,Average Regulars
40056,278,1,40.4,New Customers
37586,987,1,40.4,Average Regulars
55443,69,1,40.4,Average Regulars
30334,1891,1,40.4,Average Regulars
17528,1578,1,40.37,At Risk (High Value)
57140,194,1,40.37,Average Regulars
49143,338,1,40.35,Average Regulars
23017,346,1,40.35,Average Regulars
30769,316,2,40.34,Average Regulars
8928,126,1,40.3,Average Regulars
42480,2332,1,40.3,Average Regulars
37367,609,1,40.28,Average Regulars
908,842,1,40.23,Lost
92693,926,1,40.22,Lost
91966,98,1,40.18,Average Regulars
9715,223,1,40.13,New Customers
72406,945,1,40.08,Average Regulars
38893,1625,2,40.06,At Risk (High Value)
30772,1440,1,40.02,Average Regulars
15716,739,1,40.02,Lost
26709,394,1,40.01,Average Regulars
53511,20,1,40.01,Average Regulars
50283,1653,1,40.0,Lost
83561,1966,1,40.0,Lost
54176,240,1,40.0,Average Regulars
25057,103,1,40.0,Average Regulars
4285,1916,1,40.0,At Risk (High Value)
90570,7,1,40.0,New Customers
49217,67,1,40.0,New Customers
89083,1184,1,40.0,At Risk (High Value)
15809,625,1,40.0,Average Regulars
66789,2104,1,40.0,Average Regulars
82646,350,1,40.0,Average Regulars
32109,722,1,40.0,Lost
94480,1720,1,40.0,Lost
74881,531,1,40.0,Average Regulars
55239,136,1,40.0,Average Regulars
75387,173,1,40.0,New Customers
93672,78,1,40.0,Average Regulars
69588,1060,1,40.0,Lost
94589,160,1,40.0,Average Regulars
29949,1540,1,40.0,Lost
7538,175,1,40.0,New Customers
12881,776,1,40.0,At Risk (High Value)
67931,121,1,40.0,New Customers
44443,332,1,40.0,Average Regulars
30222,92,1,40.0,Average Regulars
81456,1308,1,40.0,Lost
75576,1044,1,40.0,Average Regulars
10618,315,1,40.0,Average Regulars
31032,567,1,40.0,Average Regulars
68572,398,1,40.0,Average Regulars
92541,872,1,40.0,Lost
56173,5,1,40.0,New Customers
73383,245,1,40.0,Average Regulars
21317,400,1,40.0,Average Regulars
73206,165,1,40.0,Average Regulars
78149,2315,1,40.0,Lost
75796,474,1,40.0,Average Regulars
21415,51,1,40.0,New Customers
41178,449,1,40.0,Average Regulars
77577,23,1,40.0,Average Regulars
93062,1,1,40.0,Average Regulars
57051,85,1,40.0,Average Regulars
29120,37,1,40.0,Average Regulars
46125,762,1,40.0,Lost
44924,32,1,40.0,Average Regulars
14606,220,1,40.0,New Customers
57066,320,1,40.0,Average Regulars
29036,6,1,40.0,Average Regulars
70496,597,1,40.0,Average Regulars
53381,2145,1,40.0,Average Regulars
21944,1401,1,40.0,Average Regulars
10399,497,1,40.0,Average Regulars
55731,272,1,40.0,New Customers
33757,1671,1,40.0,Lost
40700,500,1,40.0,Average Regulars
93779,600,1,40.0,Average Regulars
64324,686,1,40.0,At Risk (High Value)
98106,4,1,40.0,New Customers
76832,193,1,40.0,Average Regulars
84699,1664,1,40.0,Lost
95970,485,1,40.0,Average Regulars
42140,70,1,40.0,Average Regulars
40982,50,1,40.0,New Customers
31865,460,1,40.0,Average Regulars
85771,414,1,40.0,Average Regulars
73624,308,1,40.0,Average Regulars
78855,1342,1,40.0,At Risk (High Value)
91906,1798,1,40.0,Lost
77080,1758,1,40.0,Average Regulars
88741,179,1,40.0,New Customers
28368,431,1,40.0,Average Regulars
68856,327,1,40.0,Average Regulars
40655,362,1,40.0,Average Regulars
39164,99,2,40.0,Average Regulars
24107,149,1,40.0,Average Regulars
88918,103,1,40.0,Average Regulars
96002,1092,1,40.0,Lost
90043,162,1,40.0,New Customers
24080,68,1,40.0,Average Regulars
98267,36,1,40.0,New Customers
68152,1200,1,40.0,Lost
62877,1295,1,40.0,Lost
82979,1595,1,40.0,At Risk (High Value)
12499,2373,1,40.0,At Risk (High Value)
36086,1017,1,40.0,Lost
87150,246,1,40.0,New Customers
18935,441,1,40.0,Average Regulars
26813,596,1,40.0,Average Regulars
34935,2641,1,40.0,Average Regulars
65534,322,1,40.0,New Customers
10254,657,1,40.0,At Risk (High Value)
78014,1743,1,40.0,Average Regulars
54843,1416,1,40.0,Average Regulars
33156,1389,1,40.0,Lost
15685,979,1,40.0,Lost
19219,1188,1,40.0,At Risk (High Value)
17549,40,1,40.0,Average Regulars
63046,217,1,40.0,Average Regulars
42724,790,1,40.0,At Risk (High Value)
14710,127,1,40.0,Average Regulars
92408,30,1,40.0,New Customers
65522,360,1,40.0,Average Regulars
12016,1949,1,40.0,Lost
10590,1918,1,40.0,Lost
16569,317,1,40.0,Average Regulars
75797,283,1,40.0,Average Regulars
24909,471,1,40.0,Average Regulars
7730,659,1,40.0,Lost
92743,595,1,40.0,Average Regulars
55904,247,1,39.99,New Customers
26468,1115,1,39.99,Lost
22593,635,1,39.99,Average Regulars
37751,529,1,39.99,Average Regulars
52837,1311,1,39.99,Lost
6150,394,1,39.99,Average Regulars
95828,260,1,39.99,New Customers
87247,142,1,39.99,New Customers
34622,12,1,39.99,Average Regulars
93040,33,1,39.99,New Customers
51217,2093,1,39.99,At Risk (High Value)
32375,395,1,39.99,Average Regulars
15307,271,1,39.99,New Customers
73243,297,1,39.99,Average Regulars
50499,319,1,39.99,Average Regulars
40833,8,2,39.99,Average Regulars
29678,35,1,39.99,Average Regulars
68379,5,1,39.99,Average Regulars
88306,49,1,39.99,Average Regulars
14340,560,1,39.99,Average Regulars
85001,113,1,39.99,New Customers
79742,126,1,39.99,Average Regulars
30113,1473,1,39.99,Lost
77414,397,1,39.99,Average Regulars
41809,431,1,39.99,Average Regulars
17205,1753,1,39.99,Lost
80345,1625,1,39.99,Lost
41918,2673,1,39.99,Lost
35184,1832,1,39.99,At Risk (High Value)
9983,818,1,39.99,Lost
26625,844,1,39.99,At Risk (High Value)
11953,726,1,39.99,Lost
15298,7,1,39.99,Average Regulars
9442,252,1,39.99,Average Regulars
44151,1054,1,39.99,At Risk (High Value)
54275,1959,1,39.99,At Risk (High Value)
46262,1339,1,39.99,At Risk (High Value)
26059,552,1,39.99,Average Regulars
4674,1182,1,39.99,At Risk (High Value)
77791,150,1,39.99,New Customers
10868,92,1,39.99,Average Regulars
74189,797,1,39.99,At Risk (High Value)
89786,207,1,39.99,New Customers
3841,179,1,39.99,Average Regulars
66007,27,1,39.99,New Customers
75542,268,1,39.99,New Customers
55774,1058,1,39.99,Lost
10614,161,1,39.99,New Customers
40861,738,1,39.99,At Risk (High Value)
64161,297,1,39.99,Average Regulars
98915,824,1,39.99,Lost
74540,1037,1,39.99,At Risk (High Value)
829,2087,1,39.99,Lost
87610,236,1,39.99,Average Regulars
74666,756,1,39.99,Lost
10411,109,1,39.99,Average Regulars
77538,59,1,39.99,Average Regulars
80466,21,1,39.99,Average Regulars
18150,11,1,39.99,Average Regulars
27349,944,1,39.99,Average Regulars
84976,1607,1,39.99,Lost
81107,147,1,39.99,New Customers
5159,37,1,39.99,Average Regulars
30857,433,1,39.99,Average Regulars
82707,583,1,39.99,Average Regulars
74273,481,1,39.99,Average Regulars
40547,666,1,39.99,At Risk (High Value)
3127,33,1,39.99,Average Regulars
23541,181,1,39.99,New Customers
36833,799,1,39.99,Lost
70916,1171,1,39.99,At Risk (High Value)
27252,379,1,39.99,Average Regulars
288,5,1,39.99,New Customers
53718,334,1,39.99,Average Regulars
82938,38,1,39.99,Average Regulars
45414,654,1,39.99,Average Regulars
79512,219,1,39.99,New Customers
84316,951,1,39.99,Lost
7791,592,1,39.99,Average Regulars
30427,218,1,39.99,Average Regulars
22252,667,1,39.99,Lost
41503,1466,1,39.99,Average Regulars
49532,128,1,39.99,Average Regulars
33144,76,1,39.99,Average Regulars
51707,1695,1,39.99,At Risk (High Value)
42027,271,1,39.99,New Customers
88831,53,1,39.99,New Customers
48135,111,1,39.99,Average Regulars
41164,30,1,39.99,New Customers
37900,228,1,39.99,New Customers
9205,507,1,39.99,Average Regulars
79948,161,1,39.99,New Customers
45858,358,1,39.99,Average Regulars
44480,167,1,39.99,New Customers
70858,9,1,39.99,Average Regulars
6180,27,1,39.99,Average Regulars
66493,92,1,39.99,Average Regulars
41625,259,1,39.99,New Customers
84156,133,1,39.99,Average Regulars
24819,625,1,39.99,Average Regulars
89242,1627,1,39.99,At Risk (High Value)
25981,1589,2,39.99,At Risk (High Value)
9401,415,1,39.99,Average Regulars
37849,1577,1,39.99,Average Regulars
63974,1034,1,39.99,At Risk (High Value)
13951,490,1,39.99,Average Regulars
66704,300,1,39.99,New Customers
34850,258,1,39.99,New Customers
21603,729,1,39.99,At Risk (High Value)
40085,578,1,39.99,Average Regulars
77846,43,1,39.99,New Customers
87448,191,1,39.99,New Customers
4076,1756,1,39.99,Average Regulars
34379,582,2,39.99,Average Regulars
62533,1809,1,39.99,Lost
91284,2555,1,39.99,Average Regulars
93386,2496,1,39.99,At Risk (High Value)
88426,279,1,39.99,Average Regulars
96555,1354,1,39.99,At Risk (High Value)
66060,900,1,39.99,Average Regulars
15483,1477,1,39.99,Lost
18050,329,1,39.99,Average Regulars
76348,169,1,39.99,Average Regulars
53401,286,1,39.99,Average Regulars
91578,18,1,39.99,Average Regulars
54488,114,1,39.99,New Customers
80526,749,1,39.99,At Risk (High Value)
55614,620,1,39.99,Average Regulars
17409,74,1,39.99,Average Regulars
70837,388,1,39.99,Average Regulars
72128,655,1,39.99,Lost
9273,1838,1,39.99,At Risk (High Value)
62,1896,1,39.99,At Risk (High Value)
49437,167,1,39.99,New Customers
77345,1848,1,39.99,Lost
41315,1842,1,39.99,At Risk (High Value)
2699,515,1,39.99,Average Regulars
80744,2022,1,39.99,Average Regulars
10568,173,1,39.99,New Customers
55899,1337,1,39.99,Lost
55544,940,1,39.99,Average Regulars
40203,422,1,39.99,Average Regulars
6986,609,1,39.99,Average Regulars
40642,2021,1,39.99,Lost
87797,256,1,39.99,New Customers
19123,24,1,39.99,New Customers
41487,626,1,39.99,Average Regulars
83010,913,1,39.99,Average Regulars
2724,96,1,39.99,Average Regulars
14810,1988,1,39.99,Lost
33108,1499,1,39.99,Lost
28041,940,1,39.99,Average Regulars
40078,1856,1,39.99,Average Regulars
90647,1636,1,39.99,Lost
60325,79,1,39.99,Average Regulars
57299,1528,1,39.99,Lost
50422,427,1,39.99,Average Regulars
37805,594,1,39.99,Average Regulars
86404,1071,1,39.99,At Risk (High Value)
89411,5,1,39.99,New Customers
88907,50,1,39.99,New Customers
15916,701,1,39.99,Lost
93658,15,1,39.99,Average Regulars
39717,334,1,39.99,Average Regulars
19733,21,1,39.99,Average Regulars
4504,1419,1,39.99,Average Regulars
34395,585,1,39.99,Average Regulars
48693,484,1,39.99,Average Regulars
25573,1106,1,39.99,Lost
14144,554,1,39.99,Average Regulars
6359,1684,1,39.99,Lost
80060,784,1,39.99,Lost
44501,764,1,39.99,At Risk (High Value)
4240,101,1,39.99,New Customers
6859,924,1,39.99,Lost
55292,293,1,39.99,Average Regulars
10634,1958,1,39.99,At Risk (High Value)
29526,235,1,39.99,New Customers
47637,939,1,39.99,Average Regulars
52778,357,1,39.99,Average Regulars
31608,1363,1,39.99,Lost
69799,12,1,39.99,Average Regulars
95766,1348,1,39.99,Lost
43302,1845,1,39.99,At Risk (High Value)
90733,2176,1,39.99,At Risk (High Value)
29590,2274,1,39.99,Lost
35908,95,1,39.99,Average Regulars
99583,987,1,39.99,Average Regulars
26545,4,1,39.99,New Customers
36743,345,1,39.99,Average Regulars
81172,2137,1,39.99,Average Regulars
44269,841,1,39.99,At Risk (High Value)
93120,451,1,39.99,Average Regulars
28913,13,1,39.99,Average Regulars
63431,1879,1,39.99,At Risk (High Value)
90756,303,1,39.99,Average Regulars
37725,119,1,39.99,New Customers
27864,907,1,39.99,Lost
14112,1238,1,39.99,Lost
76473,296,1,39.99,Average Regulars
39456,1145,1,39.99,At Risk (High Value)
94718,63,1,39.99,Average Regulars
14077,659,1,39.99,Lost
62218,227,1,39.99,Average Regulars
48186,915,1,39.99,Lost
42147,458,1,39.99,Average Regulars
62528,446,1,39.99,Average Regulars
43391,1126,1,39.99,Lost
17945,224,1,39.99,Average Regulars
58834,277,1,39.99,Average Regulars
2796,238,1,39.99,New Customers
85118,503,1,39.99,Average Regulars
39054,207,1,39.99,Average Regulars
45158,448,1,39.99,Average Regulars
95297,80,1,39.99,Average Regulars
25517,73,1,39.99,Average Regulars
2435,420,1,39.99,Average Regulars
16820,6,1,39.99,Average Regulars
62555,437,1,39.99,Average Regulars
99450,404,1,39.99,Average Regulars
14603,143,1,39.99,New Customers
8378,283,1,39.99,New Customers
80250,138,1,39.99,New Customers
16924,1927,1,39.99,At Risk (High Value)
57393,46,1,39.99,Average Regulars
56349,64,1,39.99,Average Regulars
68733,1008,1,39.99,Lost
4505,1503,1,39.99,At Risk (High Value)
72729,506,1,39.99,Average Regulars
69869,83,1,39.99,Average Regulars
28421,1473,1,39.99,Lost
5812,198,1,39.99,Average Regulars
91954,45,1,39.99,New Customers
84083,184,1,39.99,New Customers
82838,309,1,39.99,Average Regulars
41527,1039,1,39.99,Lost
77619,86,1,39.99,Average Regulars
96332,1835,1,39.99,At Risk (High Value)
45574,422,1,39.99,Average Regulars
15576,400,1,39.99,Average Regulars
65501,619,1,39.99,Average Regulars
17299,50,1,39.99,Average Regulars
31747,86,1,39.99,Average Regulars
4568,499,1,39.99,Average Regulars
92332,448,1,39.99,Average Regulars
84963,173,1,39.99,Average Regulars
37730,26,1,39.99,New Customers
76358,2492,1,39.99,At Risk (High Value)
20965,6,1,39.98,Average Regulars
6773,850,1,39.98,Lost
75110,590,1,39.98,Average Regulars
99679,286,2,39.98,Average Regulars
13940,197,1,39.98,New Customers
11482,1186,2,39.98,At Risk (High Value)
42161,985,1,39.98,Lost
81591,915,1,39.98,Average Regulars
49629,694,1,39.98,Lost
14796,1062,1,39.98,At Risk (High Value)
70576,547,1,39.98,Average Regulars
75644,271,1,39.98,New Customers
93860,127,1,39.98,New Customers
25375,969,1,39.98,Lost
40484,385,1,39.98,Average Regulars
66616,19,1,39.98,Average Regulars
16553,1770,1,39.98,Lost
27679,38,1,39.98,New Customers
38082,157,1,39.98,New Customers
76126,1115,1,39.98,Lost
30262,200,1,39.98,Average Regulars
29730,878,1,39.98,Lost
8376,234,1,39.98,Average Regulars
41979,141,1,39.98,Average Regulars
61703,176,1,39.98,Average Regulars
47469,1636,1,39.98,At Risk (High Value)
65520,1396,1,39.97,Lost
27278,131,1,39.97,Average Regulars
54328,93,2,39.97,Average Regulars
32517,773,1,39.97,At Risk (High Value)
42203,5,1,39.96,New Customers
99522,1707,1,39.96,At Risk (High Value)
41739,411,1,39.96,Average Regulars
77738,1256,1,39.95,At Risk (High Value)
61670,640,1,39.95,Average Regulars
8494,492,1,39.95,Average Regulars
88596,890,1,39.95,Average Regulars
91926,31,1,39.95,New Customers
58677,477,1,39.95,Average Regulars
45523,1885,1,39.95,At Risk (High Value)
17046,1868,1,39.95,Lost
80536,908,1,39.95,Average Regulars
80895,230,1,39.95,New Customers
46264,49,1,39.95,New Customers
9374,2134,1,39.95,At Risk (High Value)
49249,943,1,39.95,Lost
73313,336,1,39.95,Average Regulars
36289,167,1,39.95,Average Regulars
92061,5,1,39.95,New Customers
80745,241,1,39.95,Average Regulars
73880,118,1,39.95,Average Regulars
5581,2150,1,39.95,Lost
29485,710,1,39.95,At Risk (High Value)
58497,379,1,39.95,Average Regulars
76899,1091,1,39.95,Average Regulars
88647,1510,1,39.95,Average Regulars
22110,611,1,39.95,Average Regulars
74459,189,1,39.95,Average Regulars
22668,478,1,39.95,Average Regulars
377,85,1,39.95,Average Regulars
64084,311,1,39.95,New Customers
83480,61,1,39.95,Average Regulars
53777,625,1,39.95,Average Regulars
50910,840,1,39.95,Lost
10764,1917,1,39.95,Lost
77499,643,1,39.95,Average Regulars
98619,98,1,39.95,New Customers
84060,510,1,39.95,Average Regulars
5553,822,1,39.95,At Risk (High Value)
75192,37,1,39.95,New Customers
57008,717,1,39.95,At Risk (High Value)
69272,54,1,39.95,Average Regulars
51859,1506,1,39.95,Lost
2007,125,1,39.95,Average Regulars
92128,631,1,39.95,Average Regulars
58559,827,1,39.95,Lost
71277,210,1,39.95,Average Regulars
68342,685,1,39.95,At Risk (High Value)
18563,119,1,39.95,Average Regulars
94928,1356,1,39.95,At Risk (High Value)
1708,2223,1,39.95,Lost
82030,173,1,39.95,New Customers
53304,775,1,39.95,Lost
79965,578,1,39.95,Average Regulars
3843,997,1,39.95,Lost
1133,480,1,39.95,Average Regulars
3169,160,1,39.95,Average Regulars
46448,1099,1,39.95,Average Regulars
63628,117,1,39.95,New Customers
18535,632,1,39.95,Average Regulars
33707,414,1,39.95,Average Regulars
43828,248,1,39.95,New Customers
98452,2034,1,39.95,Average Regulars
74950,148,1,39.95,New Customers
27863,433,1,39.95,Average Regulars
31515,1010,1,39.95,Average Regulars
67291,316,1,39.95,New Customers
70214,66,1,39.95,Average Regulars
63344,1245,1,39.95,At Risk (High Value)
10661,262,1,39.95,New Customers
96263,638,1,39.95,Average Regulars
42172,246,1,39.95,New Customers
40156,545,1,39.95,Average Regulars
97030,624,1,39.95,Average Regulars
73406,1115,1,39.95,At Risk (High Value)
66591,513,1,39.95,Average Regulars
60423,96,1,39.95,Average Regulars
73209,396,1,39.95,Average Regulars
38143,27,1,39.94,New Customers
94266,677,1,39.94,Lost
75044,944,1,39.94,Lost
66746,1097,1,39.94,Lost
78713,50,2,39.94,Average Regulars
34048,913,1,39.9,Average Regulars
77647,58,1,39.9,Average Regulars
49440,156,1,39.9,New Customers
59125,245,1,39.9,Average Regulars
55009,245,1,39.9,New Customers
54983,1301,1,39.9,Lost
53942,59,1,39.9,Average Regulars
35850,1089,1,39.9,Average Regulars
80036,689,1,39.9,At Risk (High Value)
82644,1076,1,39.89,At Risk (High Value)
89015,113,1,39.88,Average Regulars
24610,749,1,39.88,At Risk (High Value)
5769,226,1,39.88,Average Regulars
60869,8,1,39.88,New Customers
54200,572,1,39.88,Average Regulars
49538,20,1,39.88,Average Regulars
79390,1608,1,39.88,Lost
8912,319,1,39.88,New Customers
16580,311,1,39.82,New Customers
65753,52,1,39.78,Average Regulars
27750,24,2,39.72,Average Regulars
52515,2079,1,39.69,Lost
54354,356,2,39.65,Average Regulars
10937,179,2,39.65,Average Regulars
91387,844,1,39.61,At Risk (High Value)
18508,257,1,39.6,New Customers
38636,50,1,39.58,Average Regulars
84651,120,2,39.57,Average Regulars
72945,1430,1,39.54,Average Regulars
67262,143,1,39.54,New Customers
65659,51,1,39.54,Average Regulars
6878,1309,2,39.51,At Risk (High Value)
31023,119,1,39.5,New Customers
18115,622,1,39.5,Average Regulars
41452,209,1,39.5,Average Regulars
76078,1287,1,39.5,Lost
95131,4,1,39.5,Average Regulars
72464,2689,1,39.5,Lost
47811,1065,1,39.5,At Risk (High Value)
69201,793,1,39.5,At Risk (High Value)
95760,58,1,39.5,New Customers
28191,26,1,39.5,Average Regulars
3934,116,1,39.5,New Customers
82128,17,1,39.5,Average Regulars
62160,273,1,39.5,New Customers
29772,1485,1,39.5,Lost
64669,207,1,39.5,Average Regulars
79872,616,1,39.5,Average Regulars
91023,417,1,39.5,Average Regulars
75209,457,1,39.5,Average Regulars
46238,796,1,39.5,At Risk (High Value)
82571,311,1,39.5,Average Regulars
69852,1083,1,39.5,Average Regulars
32491,7,1,39.5,Average Regulars
5276,140,1,39.5,New Customers
87210,1111,1,39.5,Lost
22633,952,1,39.5,Average Regulars
20549,45,1,39.5,New Customers
67391,73,1,39.5,Average Regulars
60799,1380,1,39.5,Average Regulars
27571,1135,1,39.5,Average Regulars
24005,1095,1,39.5,Average Regulars
6341,598,1,39.5,Average Regulars
21495,238,1,39.5,Average Regulars
55565,80,1,39.5,New Customers
66735,1907,1,39.5,Lost
34847,27,1,39.5,Average Regulars
63150,1124,1,39.5,At Risk (High Value)
72269,521,1,39.5,Average Regulars
70925,527,1,39.5,Average Regulars
26620,1200,1,39.5,Lost
89410,45,1,39.5,Average Regulars
70627,470,1,39.5,Average Regulars
86527,76,1,39.5,Average Regulars
48839,97,1,39.5,Average Regulars
69810,331,1,39.5,Average Regulars
51056,1192,1,39.5,At Risk (High Value)
90161,4,1,39.5,Average Regulars
24910,935,1,39.5,Average Regulars
98548,1856,1,39.5,Lost
7667,301,2,39.5,Average Regulars
14858,1772,1,39.5,Lost
74227,114,1,39.5,Average Regulars
80907,92,1,39.5,Average Regulars
34383,2191,1,39.5,Lost
73805,270,1,39.5,Average Regulars
16050,1381,1,39.5,Lost
54253,211,1,39.5,Average Regulars
36098,753,1,39.5,Lost
14767,1345,1,39.5,Lost
63845,945,1,39.5,Lost
13997,526,1,39.5,Average Regulars
87923,1309,1,39.5,Lost
37887,294,1,39.5,New Customers
5550,482,1,39.5,Average Regulars
72983,1123,1,39.5,Lost
83630,151,1,39.5,New Customers
20863,694,1,39.5,Lost
38703,269,1,39.5,Average Regulars
94746,1133,1,39.5,At Risk (High Value)
12070,504,1,39.5,Average Regulars
74205,451,1,39.5,Average Regulars
12677,1175,1,39.5,Lost
76309,738,1,39.5,At Risk (High Value)
36620,602,1,39.5,Average Regulars
45900,55,1,39.5,Average Regulars
5014,692,1,39.5,Lost
57280,307,1,39.5,New Customers
78839,23,1,39.5,Average Regulars
4517,584,1,39.5,Average Regulars
59849,466,1,39.48,Average Regulars
25433,92,3,39.46,Average Regulars
53648,11,1,39.45,Average Regulars
33053,1016,1,39.45,Average Regulars
96546,653,1,39.45,Average Regulars
99766,1409,1,39.45,Lost
43037,1678,1,39.45,Lost
7732,4,1,39.45,Average Regulars
75603,392,1,39.45,Average Regulars
55780,176,1,39.45,Average Regulars
73084,180,1,39.45,Average Regulars
47098,6,1,39.45,New Customers
89060,77,1,39.45,New Customers
2292,1225,1,39.44,Lost
64591,171,1,39.44,New Customers
62563,899,1,39.41,Average Regulars
27506,460,1,39.41,Average Regulars
88908,203,1,39.41,Average Regulars
61191,536,1,39.41,Average Regulars
96588,1309,1,39.4,At Risk (High Value)
93833,73,1,39.38,Average Regulars
73782,1426,1,39.38,Average Regulars
96972,1233,1,39.33,Lost
4759,395,2,39.26,Average Regulars
65432,321,1,39.22,Average Regulars
36970,24,1,39.14,Average Regulars
6576,114,2,39.12,Average Regulars
85698,728,1,39.1,Lost
76293,417,1,39.09,Average Regulars
22840,1109,1,39.07,Average Regulars
3921,121,1,39.05,New Customers
96060,692,1,39.04,Lost
51330,38,1,39.0,New Customers
25399,401,1,39.0,Average Regulars
78340,219,1,39.0,Average Regulars
76130,1018,1,39.0,Lost
77479,1474,1,39.0,Average Regulars
82995,2370,1,39.0,At Risk (High Value)
18675,267,1,39.0,Average Regulars
90795,1233,1,39.0,Lost
38104,15,1,39.0,Average Regulars
31341,412,1,39.0,Average Regulars
88393,998,1,39.0,Lost
66543,139,1,39.0,Average Regulars
76654,111,1,39.0,Average Regulars
17103,1059,1,39.0,At Risk (High Value)
87186,7,1,39.0,New Customers
973,120,1,39.0,New Customers
62255,188,1,39.0,New Customers
14294,171,1,39.0,Average Regulars
4410,1317,1,39.0,Lost
66301,123,1,39.0,New Customers
22688,177,1,39.0,Average Regulars
61505,4,1,39.0,Average Regulars
88530,738,1,39.0,Lost
30755,1427,1,39.0,Average Regulars
67921,4,1,39.0,Average Regulars
78716,160,1,39.0,Average Regulars
84860,455,1,39.0,Average Regulars
74777,1579,1,39.0,Average Regulars
93647,216,1,39.0,New Customers
11540,1467,1,39.0,At Risk (High Value)
93132,996,1,39.0,Average Regulars
53642,102,1,39.0,Average Regulars
43969,953,1,39.0,Average Regulars
3240,15,1,39.0,Average Regulars
26010,501,1,39.0,Average Regulars
81423,9,1,39.0,New Customers
13256,61,1,39.0,Average Regulars
33234,1004,1,39.0,Average Regulars
41719,1115,1,39.0,At Risk (High Value)
17765,757,1,39.0,At Risk (High Value)
27905,1378,1,39.0,Average Regulars
52524,319,1,39.0,Average Regulars
92416,564,1,39.0,Average Regulars
1878,1118,1,39.0,At Risk (High Value)
21364,1202,1,39.0,Lost
26938,1566,1,39.0,At Risk (High Value)
29411,767,1,39.0,At Risk (High Value)
15698,39,1,39.0,Average Regulars
27354,1028,1,39.0,Average Regulars
1441,201,1,39.0,Average Regulars
70913,1374,1,39.0,Lost
46812,1228,1,39.0,At Risk (High Value)
96401,187,1,39.0,New Customers
15677,652,1,39.0,Average Regulars
36006,2596,1,38.99,Average Regulars
3850,707,1,38.99,At Risk (High Value)
10851,2709,1,38.99,Lost
36838,924,1,38.99,Average Regulars
29588,264,1,38.99,New Customers
9997,1143,1,38.99,Lost
96872,549,1,38.99,Average Regulars
49900,180,1,38.99,New Customers
59653,167,1,38.99,Average Regulars
80695,217,1,38.99,Average Regulars
15649,2207,1,38.99,At Risk (High Value)
94245,104,1,38.99,Average Regulars
37224,695,1,38.99,At Risk (High Value)
4262,76,1,38.99,New Customers
10459,496,1,38.99,Average Regulars
32310,108,1,38.99,Average Regulars
11509,1775,1,38.99,Average Regulars
64757,1068,1,38.99,Lost
67701,170,1,38.99,Average Regulars
29572,1633,1,38.99,At Risk (High Value)
79217,1712,1,38.99,At Risk (High Value)
45783,145,1,38.99,Average Regulars
73604,215,1,38.99,Average Regulars
53605,1284,1,38.99,At Risk (High Value)
8952,925,1,38.99,Lost
2887,68,1,38.99,Average Regulars
31689,913,1,38.99,Lost
91349,2032,1,38.99,Lost
25941,369,1,38.99,Average Regulars
80425,1550,1,38.99,Average Regulars
26005,161,1,38.99,Average Regulars
1750,1693,1,38.99,Lost
14425,114,1,38.99,Average Regulars
58830,1626,1,38.99,Lost
30111,866,1,38.99,Lost
96322,218,2,38.98,Average Regulars
57461,1321,1,38.98,Lost
48565,1353,1,38.98,At Risk (High Value)
63589,228,1,38.98,New Customers
12661,225,1,38.98,Average Regulars
78418,1156,1,38.98,Lost
41454,560,1,38.97,Average Regulars
81505,375,1,38.97,Average Regulars
28213,313,1,38.97,New Customers
67744,1424,1,38.96,Lost
95159,39,1,38.96,Average Regulars
67626,842,1,38.96,Lost
59034,49,1,38.95,Average Regulars
5098,317,1,38.95,Average Regulars
47155,259,1,38.95,New Customers
75673,808,1,38.95,At Risk (High Value)
68765,927,1,38.95,Lost
99016,1151,1,38.95,Lost
23091,1094,1,38.95,Lost
25616,301,1,38.95,New Customers
27217,49,1,38.94,Average Regulars
24232,264,1,38.94,Average Regulars
66169,648,1,38.94,Average Regulars
36372,63,1,38.93,Average Regulars
94836,510,1,38.92,Average Regulars
70816,964,1,38.9,Lost
61964,1428,1,38.9,Average Regulars
92928,15,1,38.88,New Customers
41651,389,2,38.88,Average Regulars
80,1157,1,38.84,At Risk (High Value)
64337,2,1,38.84,New Customers
58903,98,1,38.84,Average Regulars
97686,2352,1,38.84,At Risk (High Value)
3556,173,1,38.84,Average Regulars
51104,431,1,38.82,Average Regulars
91670,151,1,38.82,New Customers
59997,306,1,38.82,New Customers
94651,160,1,38.75,New Customers
96786,2433,1,38.74,At Risk (High Value)
73149,1299,1,38.74,At Risk (High Value)
60830,15,1,38.74,Average Regulars
94226,152,1,38.7,New Customers
73228,205,1,38.7,New Customers
32402,275,1,38.68,New Customers
2071,589,1,38.68,Average Regulars
13036,257,1,38.66,New Customers
41562,41,1,38.62,Average Regulars
28203,39,1,38.61,Average Regulars
85390,1416,1,38.59,Lost
60159,514,1,38.59,Average Regulars
99993,27,1,38.56,New Customers
54227,1171,1,38.56,Average Regulars
2817,299,1,38.56,Average Regulars
77637,393,1,38.53,Average Regulars
34670,737,1,38.53,Lost
69019,194,1,38.5,New Customers
75938,636,1,38.5,Average Regulars
52130,297,1,38.5,Average Regulars
87782,769,1,38.5,Lost
66620,856,1,38.5,Lost
28873,747,1,38.5,Lost
72511,2197,1,38.5,At Risk (High Value)
54284,335,1,38.5,Average Regulars
20502,113,1,38.5,New Customers
98944,1177,1,38.5,At Risk (High Value)
17023,635,1,38.49,Average Regulars
4645,266,1,38.49,Average Regulars
20360,907,1,38.48,Average Regulars
69947,1131,1,38.48,Average Regulars
32580,137,1,38.48,New Customers
6950,595,1,38.48,Average Regulars
54915,1227,1,38.47,Lost
78281,87,1,38.46,Average Regulars
95999,82,1,38.45,Average Regulars
16841,1431,1,38.45,Average Regulars
79116,863,1,38.44,At Risk (High Value)
76929,222,1,38.43,Average Regulars
98593,149,1,38.43,New Customers
33462,716,1,38.4,At Risk (High Value)
56002,88,1,38.4,Average Regulars
41161,1114,1,38.4,At Risk (High Value)
75473,489,1,38.37,Average Regulars
30313,573,2,38.34,Average Regulars
40136,388,1,38.3,Average Regulars
39631,816,1,38.3,Lost
93082,117,1,38.3,Average Regulars
93135,513,1,38.3,Average Regulars
96039,43,1,38.25,Average Regulars
55742,313,1,38.25,New Customers
13056,73,1,38.24,Average Regulars
56340,2083,1,38.23,Lost
34257,656,1,38.23,Lost
38092,116,2,38.21,Average Regulars
95482,27,1,38.2,Average Regulars
18977,706,1,38.19,At Risk (High Value)
99903,4,2,38.17,Average Regulars
81978,1689,1,38.12,Lost
24333,885,1,38.12,Average Regulars
21311,150,1,38.1,New Customers
23183,559,1,38.04,Average Regulars
51473,738,1,38.0,At Risk (High Value)
68108,116,1,38.0,New Customers
29468,158,1,38.0,Average Regulars
8876,471,1,38.0,Average Regulars
84886,695,1,38.0,Lost
90715,616,1,38.0,Average Regulars
11753,253,1,38.0,New Customers
93967,4,1,38.0,New Customers
51204,580,1,38.0,Average Regulars
58110,749,1,38.0,Lost
66972,207,1,38.0,New Customers
66456,33,1,38.0,Average Regulars
89745,913,1,38.0,Lost
81638,653,1,38.0,Average Regulars
78860,642,1,38.0,Average Regulars
90208,1816,1,38.0,Average Regulars
10796,165,1,38.0,Average Regulars
13363,119,1,38.0,New Customers
8672,8,1,38.0,Average Regulars
62872,100,1,38.0,Average Regulars
82417,279,1,38.0,New Customers
69417,199,1,38.0,New Customers
10597,549,1,38.0,Average Regulars
29011,284,1,38.0,Average Regulars
24658,570,1,38.0,Average Regulars
25890,1708,1,38.0,At Risk (High Value)
9163,128,1,38.0,New Customers
95899,244,1,38.0,Average Regulars
50266,349,1,38.0,Average Regulars
45669,82,1,38.0,Average Regulars
70903,121,1,38.0,Average Regulars
53364,869,1,38.0,Lost
28460,463,1,38.0,Average Regulars
64419,1168,1,38.0,Lost
14251,46,1,38.0,New Customers
99505,686,1,38.0,Lost
1700,1621,1,38.0,At Risk (High Value)
13068,168,1,38.0,New Customers
66709,16,1,38.0,New Customers
14558,31,1,38.0,New Customers
8499,357,1,38.0,Average Regulars
1402,222,1,38.0,New Customers
2371,1453,1,38.0,Average Regulars
74367,849,1,38.0,Lost
70343,612,1,38.0,Average Regulars
82061,981,1,38.0,Lost
86214,229,1,38.0,Average Regulars
65223,1321,1,38.0,At Risk (High Value)
4301,418,1,38.0,Average Regulars
21279,48,2,38.0,Average Regulars
18637,854,1,38.0,Lost
96898,519,1,38.0,Average Regulars
18049,38,1,38.0,Average Regulars
27074,73,1,38.0,Average Regulars
33822,305,1,38.0,New Customers
62235,1891,1,38.0,Average Regulars
14765,730,1,38.0,At Risk (High Value)
6796,253,1,38.0,New Customers
27958,733,1,38.0,Lost
75981,223,1,38.0,New Customers
84251,1756,1,38.0,Lost
41404,545,1,38.0,Average Regulars
1238,686,1,38.0,At Risk (High Value)
14280,356,1,38.0,Average Regulars
97688,125,1,38.0,New Customers
22334,597,1,38.0,Average Regulars
96616,74,1,38.0,Average Regulars
21035,39,1,38.0,Average Regulars
26882,232,1,38.0,New Customers
46194,398,1,38.0,Average Regulars
62658,417,1,37.99,Average Regulars
78074,321,1,37.99,Average Regulars
49333,156,1,37.99,New Customers
49897,454,1,37.99,Average Regulars
99238,237,1,37.99,New Customers
55941,1318,1,37.99,At Risk (High Value)
46227,758,1,37.99,Lost
65307,825,1,37.99,At Risk (High Value)
75162,75,1,37.99,Average Regulars
80406,104,1,37.99,Average Regulars
75937,2100,1,37.99,At Risk (High Value)
89038,331,1,37.99,Average Regulars
67827,38,1,37.99,New Customers
54877,626,1,37.99,Average Regulars
91495,720,1,37.99,At Risk (High Value)
29290,325,1,37.99,Average Regulars
33736,61,1,37.99,Average Regulars
3063,386,1,37.99,Average Regulars
16220,559,1,37.99,Average Regulars
55854,149,1,37.99,New Customers
19444,504,1,37.99,Average Regulars
75142,48,1,37.99,New Customers
40887,665,1,37.99,At Risk (High Value)
15207,759,1,37.99,Lost
69475,1422,1,37.99,Average Regulars
97394,1487,1,37.99,Lost
46440,103,1,37.99,Average Regulars
16602,55,1,37.99,Average Regulars
93874,166,1,37.98,New Customers
18331,233,1,37.98,New Customers
64705,650,1,37.98,Average Regulars
79469,177,1,37.98,Average Regulars
97645,521,1,37.98,Average Regulars
19398,1009,1,37.98,Lost
3632,242,1,37.98,New Customers
18480,20,2,37.98,Average Regulars
68664,1700,1,37.98,Lost
81970,254,2,37.97,Average Regulars
76770,316,1,37.97,New Customers
44498,322,1,37.95,Average Regulars
79856,1089,1,37.95,Average Regulars
37310,816,1,37.95,At Risk (High Value)
32712,1112,1,37.95,Lost
6361,174,1,37.95,New Customers
6423,673,1,37.95,At Risk (High Value)
33920,1483,1,37.95,At Risk (High Value)
10730,394,1,37.95,Average Regulars
26335,304,1,37.95,Average Regulars
8038,332,1,37.95,Average Regulars
36881,1288,1,37.95,Lost
60934,165,1,37.95,Average Regulars
75527,362,1,37.95,Average Regulars
82383,230,1,37.95,New Customers
75887,1065,1,37.95,Lost
87718,876,2,37.94,At Risk (High Value)
75167,149,1,37.94,Average Regulars
16143,1815,1,37.93,Lost
61078,2299,1,37.93,Average Regulars
27272,257,1,37.91,New Customers
82205,221,1,37.9,New Customers
267,610,1,37.9,Average Regulars
21307,20,1,37.9,Average Regulars
54940,480,1,37.88,Average Regulars
19286,563,1,37.87,Average Regulars
89875,434,1,37.86,Average Regulars
20984,706,1,37.85,At Risk (High Value)
72503,1646,1,37.84,At Risk (High Value)
34344,245,1,37.84,New Customers
70481,70,2,37.84,Average Regulars
78957,1476,1,37.84,Lost
68064,21,2,37.82,Average Regulars
71509,1471,1,37.81,At Risk (High Value)
99114,6,1,37.8,Average Regulars
80789,290,1,37.8,New Customers
97836,1073,1,37.8,Lost
18781,1331,1,37.8,At Risk (High Value)
83911,420,1,37.79,Average Regulars
54949,98,1,37.76,Average Regulars
17359,1231,1,37.76,At Risk (High Value)
66107,785,1,37.75,Lost
70032,1836,1,37.74,Lost
78376,116,1,37.74,Average Regulars
83576,235,1,37.74,New Customers
77870,250,1,37.72,New Customers
34626,233,1,37.72,Average Regulars
67597,957,2,37.7,At Risk (High Value)
59335,1368,2,37.66,At Risk (High Value)
64509,324,1,37.63,New Customers
90444,162,1,37.63,Average Regulars
7985,2307,1,37.61,Lost
44162,120,1,37.59,Average Regulars
66337,1767,2,37.59,At Risk (High Value)
32826,1877,1,37.53,Lost
56346,330,1,37.52,Average Regulars
58109,126,1,37.5,New Customers
44294,623,1,37.5,Average Regulars
56630,1034,1,37.5,Lost
42678,265,1,37.5,Average Regulars
82690,435,1,37.5,Average Regulars
30473,831,1,37.5,Lost
40069,95,1,37.5,New Customers
18363,176,1,37.5,New Customers
96049,424,1,37.5,Average Regulars
6839,578,2,37.5,Average Regulars
76643,52,1,37.5,Average Regulars
486,408,1,37.5,Average Regulars
26084,381,1,37.5,Average Regulars
50580,199,1,37.5,Average Regulars
459,693,1,37.5,Lost
26262,1431,1,37.5,Lost
29915,44,1,37.5,Average Regulars
70967,29,2,37.49,Average Regulars
7227,13,1,37.48,Average Regulars
79969,479,1,37.46,Average Regulars
40534,1489,1,37.45,At Risk (High Value)
18834,1017,1,37.45,Average Regulars
54393,486,1,37.41,Average Regulars
20198,312,1,37.4,New Customers
28010,206,2,37.4,Average Regulars
52167,1686,1,37.4,At Risk (High Value)
10747,384,1,37.37,Average Regulars
16059,1877,1,37.36,Lost
87405,898,1,37.36,Lost
5414,26,1,37.26,Average Regulars
35442,1702,1,37.21,At Risk (High Value)
62940,18,1,37.2,New Customers
24868,590,1,37.2,Average Regulars
9545,297,1,37.13,New Customers
74175,4,1,37.13,New Customers
9927,220,1,37.13,Average Regulars
22938,1615,1,37.13,At Risk (High Value)
52809,438,1,37.13,Average Regulars
46532,1627,1,37.13,At Risk (High Value)
81872,1260,1,37.12,At Risk (High Value)
18849,37,1,37.08,Average Regulars
74811,2213,1,37.04,Lost
57941,362,1,37.03,Average Regulars
66147,2319,1,37.02,Average Regulars
9369,171,1,37.02,New Customers
3770,509,1,37.0,Average Regulars
22716,750,1,37.0,At Risk (High Value)
26416,1345,1,37.0,Lost
74681,1095,1,37.0,Lost
29682,1237,1,37.0,At Risk (High Value)
89049,1833,1,37.0,Lost
41104,19,1,37.0,Average Regulars
58448,1439,1,37.0,Lost
16957,34,1,37.0,New Customers
38716,2241,1,37.0,Lost
69509,552,1,37.0,Average Regulars
10210,54,2,37.0,Average Regulars
52230,1155,1,37.0,At Risk (High Value)
42878,1104,1,36.99,Average Regulars
88083,417,1,36.99,Average Regulars
20597,178,1,36.99,New Customers
84263,756,1,36.99,At Risk (High Value)
73216,585,1,36.99,Average Regulars
52480,99,1,36.99,Average Regulars
84641,2697,1,36.99,Lost
63745,45,1,36.99,New Customers
18066,70,1,36.99,New Customers
38646,338,1,36.99,Average Regulars
34414,92,1,36.99,New Customers
70850,608,1,36.99,Average Regulars
21443,683,1,36.99,Lost
79557,1273,1,36.99,At Risk (High Value)
63601,557,2,36.99,Average Regulars
97784,737,1,36.99,At Risk (High Value)
43725,669,1,36.99,At Risk (High Value)
28122,811,1,36.99,Lost
85762,1691,1,36.99,At Risk (High Value)
82313,216,1,36.99,Average Regulars
56640,812,1,36.99,Lost
64083,716,1,36.99,At Risk (High Value)
98900,61,1,36.99,New Customers
94217,107,1,36.99,Average Regulars
79058,15,1,36.99,New Customers
80003,917,1,36.99,Lost
82065,885,1,36.99,Lost
51248,230,1,36.99,New Customers
81418,1323,1,36.99,Lost
5624,616,1,36.99,Average Regulars
37467,966,1,36.99,Lost
90500,1626,1,36.99,At Risk (High Value)
71746,455,1,36.99,Average Regulars
90448,1853,1,36.99,Lost
16197,627,1,36.99,Average Regulars
65728,467,1,36.99,Average Regulars
29963,317,1,36.99,Average Regulars
35394,473,1,36.99,Average Regulars
40497,198,1,36.99,Average Regulars
28835,1820,1,36.99,At Risk (High Value)
93594,100,1,36.99,New Customers
15767,749,1,36.99,At Risk (High Value)
2445,1124,1,36.99,Average Regulars
30775,297,1,36.99,New Customers
3594,640,1,36.99,Average Regulars
96956,1349,1,36.99,At Risk (High Value)
82755,198,1,36.99,Average Regulars
10478,1461,1,36.99,Lost
70289,53,1,36.99,Average Regulars
70518,1253,1,36.99,At Risk (High Value)
66711,821,1,36.99,Lost
43742,772,1,36.99,Lost
38275,102,1,36.99,Average Regulars
88582,711,1,36.99,Lost
57255,252,1,36.99,Average Regulars
30949,308,1,36.99,New Customers
53604,1630,1,36.99,At Risk (High Value)
86915,1646,1,36.99,Lost
55083,1037,1,36.99,Average Regulars
98132,265,1,36.99,Average Regulars
21066,496,1,36.98,Average Regulars
82062,19,2,36.98,Average Regulars
19621,74,1,36.98,New Customers
76763,151,1,36.98,Average Regulars
85354,1,1,36.98,New Customers
16349,480,2,36.98,Average Regulars
11907,331,1,36.98,Average Regulars
19357,126,1,36.97,New Customers
29273,172,1,36.97,New Customers
85149,32,1,36.97,Average Regulars
90792,158,1,36.96,Average Regulars
19331,1072,1,36.95,At Risk (High Value)
75640,257,1,36.95,Average Regulars
27268,1124,1,36.95,Average Regulars
75221,1338,1,36.95,Lost
34233,344,1,36.95,Average Regulars
42343,79,1,36.95,Average Regulars
28749,1042,1,36.95,Lost
37433,1,1,36.95,Average Regulars
72149,274,1,36.95,Average Regulars
43922,1172,1,36.95,Lost
99605,152,1,36.95,Average Regulars
53623,935,1,36.95,Lost
48527,378,1,36.95,Average Regulars
54451,1062,1,36.95,Lost
59567,1322,1,36.95,Lost
35458,546,1,36.95,Average Regulars
45135,1562,1,36.95,At Risk (High Value)
50323,190,1,36.95,Average Regulars
94132,640,1,36.95,Average Regulars
18879,242,1,36.95,Average Regulars
89684,1094,1,36.95,Average Regulars
39591,1840,1,36.95,Lost
77292,990,1,36.95,Lost
10187,537,1,36.95,Average Regulars
81128,621,1,36.95,Average Regulars
607,337,1,36.95,Average Regulars
26279,816,1,36.95,At Risk (High Value)
20548,809,1,36.95,Lost
23367,1789,1,36.93,Lost
87006,302,2,36.9,Average Regulars
47369,207,1,36.88,New Customers
63461,984,1,36.88,Lost
25260,857,1,36.88,At Risk (High Value)
26365,511,1,36.88,Average Regulars
89412,1098,1,36.88,Average Regulars
5837,6,1,36.88,Average Regulars
94882,1449,1,36.88,Lost
53985,1646,1,36.88,Lost
59119,1743,1,36.86,Lost
67585,1043,1,36.84,At Risk (High Value)
48401,496,1,36.84,Average Regulars
45395,104,1,36.82,New Customers
70592,1898,1,36.8,Lost
72482,525,1,36.76,Average Regulars
26761,5,1,36.76,New Customers
43461,76,1,36.76,Average Regulars
92611,1268,1,36.76,Lost
40623,34,1,36.75,New Customers
7353,702,1,36.75,At Risk (High Value)
2523,149,1,36.75,Average Regulars
65911,682,1,36.75,At Risk (High Value)
94841,555,1,36.75,Average Regulars
88286,752,1,36.75,Lost
97356,689,1,36.75,Lost
97931,1386,1,36.75,Average Regulars
41271,341,1,36.74,Average Regulars
50903,465,1,36.74,Average Regulars
49718,28,1,36.73,Average Regulars
48657,163,1,36.7,Average Regulars
3072,86,2,36.7,Average Regulars
61107,1310,1,36.68,At Risk (High Value)
5612,453,1,36.67,Average Regulars
17379,21,1,36.65,Average Regulars
17157,275,1,36.64,Average Regulars
86107,452,1,36.64,Average Regulars
79550,479,1,36.6,Average Regulars
3774,1068,1,36.58,At Risk (High Value)
42758,1559,1,36.58,Lost
10522,540,1,36.53,Average Regulars
52772,579,1,36.53,Average Regulars
24288,182,1,36.51,Average Regulars
56134,1043,1,36.5,Average Regulars
4386,644,1,36.5,Average Regulars
5497,4,1,36.5,Average Regulars
60868,1508,1,36.5,Lost
48124,4,1,36.5,New Customers
45517,572,1,36.5,Average Regulars
63900,1252,1,36.5,At Risk (High Value)
49844,37,1,36.5,Average Regulars
46534,638,2,36.49,Average Regulars
77675,626,1,36.45,Average Regulars
26309,21,2,36.45,Average Regulars
39003,436,1,36.45,Average Regulars
84489,279,1,36.45,New Customers
45855,1046,1,36.45,Lost
39925,126,1,36.43,Average Regulars
20103,160,1,36.43,New Customers
71813,44,1,36.4,New Customers
57271,810,1,36.4,Lost
158,271,1,36.4,Average Regulars
30140,32,1,36.4,Average Regulars
27476,185,1,36.39,Average Regulars
9912,571,1,36.38,Average Regulars
14440,1717,1,36.38,Lost
18283,1641,1,36.38,At Risk (High Value)
17859,90,1,36.38,New Customers
12698,596,1,36.38,Average Regulars
82807,345,1,36.34,Average Regulars
63181,91,1,36.34,New Customers
49787,1077,1,36.34,Lost
71812,823,1,36.33,Lost
73951,270,1,36.31,New Customers
37876,1782,1,36.31,Average Regulars
85801,1159,1,36.3,At Risk (High Value)
85740,264,1,36.28,Average Regulars
20485,256,1,36.28,New Customers
71943,981,1,36.28,Average Regulars
33581,160,1,36.28,New Customers
56438,196,1,36.25,Average Regulars
7336,410,1,36.24,Average Regulars
97483,870,1,36.24,At Risk (High Value)
27325,595,1,36.24,Average Regulars
77468,189,1,36.24,Average Regulars
47347,1297,1,36.24,Lost
26148,168,1,36.19,Average Regulars
25852,5,1,36.17,New Customers
78450,1216,1,36.07,Lost
40588,21,1,36.03,Average Regulars
65902,518,1,36.01,Average Regulars
10957,135,1,36.0,Average Regulars
16875,366,1,36.0,Average Regulars
25970,2263,1,36.0,Average Regulars
29988,949,1,36.0,Average Regulars
23908,976,1,36.0,Average Regulars
81058,577,1,36.0,Average Regulars
47555,290,1,36.0,Average Regulars
88091,545,1,36.0,Average Regulars
38269,746,1,36.0,At Risk (High Value)
59482,25,1,36.0,New Customers
87269,181,1,36.0,New Customers
78993,416,1,36.0,Average Regulars
43632,1185,1,36.0,Lost
59660,705,1,36.0,Lost
52965,253,1,36.0,Average Regulars
27971,1241,1,36.0,Lost
45647,222,1,36.0,New Customers
56356,64,1,36.0,New Customers
6759,1080,1,36.0,Average Regulars
20602,963,1,36.0,Lost
54817,115,1,36.0,Average Regulars
24180,1693,1,36.0,At Risk (High Value)
85720,4,1,36.0,New Customers
97163,1913,1,36.0,Lost
63715,483,1,36.0,Average Regulars
46136,185,1,36.0,New Customers
76846,270,1,36.0,New Customers
96662,848,1,36.0,At Risk (High Value)
96663,951,1,36.0,Average Regulars
54673,56,1,36.0,Average Regulars
92751,1070,1,36.0,Average Regulars
20697,8,1,36.0,New Customers
96754,568,1,36.0,Average Regulars
55525,321,1,36.0,Average Regulars
63175,46,1,36.0,New Customers
43935,1044,1,36.0,Lost
38117,384,1,36.0,Average Regulars
20639,591,1,36.0,Average Regulars
52599,677,1,36.0,Lost
88843,2478,1,36.0,Lost
9050,94,1,36.0,Average Regulars
49160,4,1,36.0,Average Regulars
53417,269,1,36.0,Average Regulars
50978,1009,1,36.0,Lost
23002,1821,1,36.0,At Risk (High Value)
32039,232,1,36.0,New Customers
78131,104,1,36.0,New Customers
42440,83,1,36.0,New Customers
3698,392,1,36.0,Average Regulars
24336,156,1,36.0,New Customers
67932,1190,1,36.0,Lost
22902,327,1,36.0,Average Regulars
70127,1066,1,36.0,Average Regulars
37539,758,1,36.0,At Risk (High Value)
55033,48,1,36.0,New Customers
79144,298,1,36.0,New Customers
8757,1862,1,36.0,Average Regulars
21582,45,1,36.0,Average Regulars
57045,959,1,36.0,Lost
85122,269,1,36.0,Average Regulars
43880,872,1,36.0,Lost
65002,1515,1,36.0,Average Regulars
43921,1386,1,36.0,Lost
14804,1358,1,36.0,At Risk (High Value)
47805,374,1,36.0,Average Regulars
40582,968,1,36.0,Average Regulars
86238,80,1,36.0,Average Regulars
4519,880,1,36.0,Lost
37882,1342,1,36.0,Lost
33825,284,1,36.0,Average Regulars
49190,131,1,36.0,New Customers
48869,80,1,36.0,Average Regulars
77274,1727,1,36.0,At Risk (High Value)
53278,889,1,36.0,Average Regulars
23487,7,1,36.0,Average Regulars
24321,681,1,36.0,At Risk (High Value)
56328,369,1,36.0,Average Regulars
40965,353,1,36.0,Average Regulars
37863,1234,1,36.0,At Risk (High Value)
2255,1214,1,36.0,At Risk (High Value)
36257,144,1,36.0,Average Regulars
39452,375,1,36.0,Average Regulars
51938,1538,1,36.0,Average Regulars
47145,289,1,36.0,New Customers
72084,10,1,36.0,Average Regulars
59059,732,1,36.0,At Risk (High Value)
89522,2610,1,36.0,At Risk (High Value)
24499,291,1,36.0,New Customers
34266,457,1,36.0,Average Regulars
75402,1130,1,36.0,Lost
82273,2493,1,36.0,At Risk (High Value)
7761,1357,1,36.0,At Risk (High Value)
11242,406,1,36.0,Average Regulars
14481,112,1,36.0,Average Regulars
90567,798,1,36.0,Lost
88950,709,1,36.0,At Risk (High Value)
83345,1512,1,36.0,Average Regulars
42452,934,1,36.0,Average Regulars
81483,222,1,36.0,Average Regulars
75138,990,1,36.0,Lost
48742,548,1,36.0,Average Regulars
38123,611,1,36.0,Average Regulars
79655,127,1,36.0,Average Regulars
59502,26,1,36.0,Average Regulars
71968,37,1,36.0,Average Regulars
47526,609,1,36.0,Average Regulars
32971,1498,1,36.0,Average Regulars
8466,582,1,36.0,Average Regulars
70189,604,1,36.0,Average Regulars
12455,475,1,36.0,Average Regulars
21756,627,1,36.0,Average Regulars
91920,199,1,36.0,New Customers
64711,73,1,36.0,Average Regulars
51005,269,1,36.0,New Customers
21758,717,1,36.0,At Risk (High Value)
48669,814,1,36.0,Lost
41686,1367,1,36.0,Lost
27948,90,1,36.0,New Customers
22253,938,1,36.0,Lost
62543,938,1,36.0,Average Regulars
40784,9,1,36.0,Average Regulars
4121,62,1,36.0,Average Regulars
52301,834,1,36.0,At Risk (High Value)
82398,897,1,36.0,Average Regulars
73542,536,1,36.0,Average Regulars
46215,1147,1,36.0,At Risk (High Value)
91485,612,1,36.0,Average Regulars
65583,163,1,36.0,New Customers
87565,204,1,36.0,Average Regulars
19372,1124,1,36.0,At Risk (High Value)
53567,1117,1,36.0,Lost
74912,560,1,36.0,Average Regulars
9922,1701,1,35.99,Lost
42847,965,1,35.99,Lost
88449,846,1,35.99,At Risk (High Value)
7673,2429,1,35.99,Lost
28326,169,1,35.99,New Customers
3985,124,1,35.99,Average Regulars
53496,338,1,35.99,Average Regulars
88993,397,1,35.99,Average Regulars
55059,185,1,35.99,New Customers
70305,2067,1,35.99,Average Regulars
38732,5,1,35.99,New Customers
98362,156,1,35.99,Average Regulars
82883,435,1,35.99,Average Regulars
7321,497,1,35.99,Average Regulars
79695,639,1,35.99,Average Regulars
25558,96,1,35.99,New Customers
925,968,1,35.99,Lost
52129,552,1,35.99,Average Regulars
82354,880,1,35.99,Lost
31203,594,1,35.99,Average Regulars
67072,120,1,35.98,New Customers
14987,78,2,35.98,Average Regulars
9279,1145,1,35.98,Lost
5568,26,1,35.98,New Customers
82027,171,1,35.97,New Customers
23096,588,1,35.97,Average Regulars
67028,66,1,35.96,New Customers
86726,1353,1,35.96,Lost
9969,900,1,35.96,Lost
4134,560,1,35.96,Average Regulars
9432,483,1,35.96,Average Regulars
95080,713,1,35.96,Lost
40550,1561,1,35.95,Lost
98808,325,1,35.95,Average Regulars
44340,1023,1,35.95,Lost
27645,1109,1,35.95,Average Regulars
49029,410,1,35.95,Average Regulars
59137,1312,1,35.95,Lost
3054,1158,2,35.95,At Risk (High Value)
42521,2244,1,35.95,Lost
3473,1601,1,35.95,Lost
24528,821,1,35.95,Lost
18181,16,1,35.95,Average Regulars
47650,1006,1,35.95,Average Regulars
30942,363,1,35.95,Average Regulars
38765,156,1,35.95,New Customers
24322,1361,1,35.95,At Risk (High Value)
51657,1008,1,35.95,Average Regulars
41691,1021,2,35.94,At Risk (High Value)
35740,1463,1,35.94,Average Regulars
73722,259,1,35.94,New Customers
29190,1045,1,35.94,Average Regulars
38983,145,2,35.9,Average Regulars
88935,211,1,35.9,Average Regulars
36043,167,1,35.9,Average Regulars
23679,1978,1,35.9,Lost
93755,562,1,35.78,Average Regulars
14928,700,1,35.78,At Risk (High Value)
37885,767,1,35.77,Lost
64506,168,2,35.76,Average Regulars
71999,1428,1,35.75,Average Regulars
32523,1420,1,35.75,Lost
13272,80,1,35.74,Average Regulars
73189,401,1,35.74,Average Regulars
18449,957,1,35.73,Lost
36523,323,1,35.73,New Customers
39574,1951,1,35.72,Lost
91597,679,1,35.72,At Risk (High Value)
27816,90,1,35.72,Average Regulars
77698,842,2,35.72,At Risk (High Value)
8907,168,1,35.67,New Customers
42853,240,1,35.58,New Customers
7259,550,1,35.58,Average Regulars
2574,761,1,35.53,At Risk (High Value)
54769,97,1,35.5,New Customers
80862,1292,1,35.5,Lost
23897,630,1,35.49,Average Regulars
93727,250,1,35.49,Average Regulars
55802,1036,1,35.49,At Risk (High Value)
96913,373,1,35.49,Average Regulars
2299,175,1,35.49,New Customers
96084,311,1,35.49,Average Regulars
7964,178,2,35.48,Average Regulars
35836,1900,1,35.47,Average Regulars
81080,347,2,35.44,Average Regulars
34157,2300,1,35.42,Average Regulars
193,299,1,35.42,New Customers
93289,538,2,35.36,Average Regulars
15723,959,1,35.34,Average Regulars
21521,543,1,35.34,Average Regulars
71508,98,1,35.27,Average Regulars
98410,364,1,35.27,Average Regulars
16912,76,1,35.27,Average Regulars
79203,103,1,35.26,Average Regulars
17341,126,1,35.26,New Customers
61354,939,1,35.26,Lost
45191,1027,1,35.26,At Risk (High Value)
74013,1353,1,35.24,Lost
99477,727,1,35.19,At Risk (High Value)
50745,1713,1,35.19,At Risk (High Value)
60467,691,1,35.19,Lost
70277,551,1,35.19,Average Regulars
93096,2185,1,35.19,Lost
60222,354,1,35.19,Average Regulars
38776,703,1,35.17,Lost
66447,237,1,35.1,New Customers
15266,1062,1,35.09,Average Regulars
38205,1419,1,35.09,Lost
65431,890,1,35.09,Average Regulars
65003,2320,1,35.04,Average Regulars
20311,175,1,35.04,Average Regulars
26530,1285,1,35.04,At Risk (High Value)
35012,6,1,35.04,New Customers
90955,331,1,35.02,Average Regulars
1670,1194,1,35.01,Lost
53036,306,1,35.0,New Customers
8514,287,1,35.0,New Customers
74508,339,1,35.0,Average Regulars
72928,63,1,35.0,New Customers
19075,503,1,35.0,Average Regulars
25982,611,1,35.0,Average Regulars
44866,395,1,35.0,Average Regulars
5800,292,1,35.0,Average Regulars
44828,17,1,35.0,Average Regulars
36401,37,1,35.0,Average Regulars
95634,4,1,35.0,New Customers
51368,37,1,35.0,New Customers
66753,317,1,35.0,New Customers
23515,5,1,35.0,Average Regulars
82362,696,1,35.0,Lost
54749,35,1,35.0,New Customers
8916,5,1,35.0,New Customers
87609,550,1,35.0,Average Regulars
58316,38,1,35.0,New Customers
2923,455,1,35.0,Average Regulars
55530,1399,1,35.0,Average Regulars
14373,359,1,35.0,Average Regulars
19950,452,1,35.0,Average Regulars
43497,1845,1,35.0,At Risk (High Value)
21051,535,1,35.0,Average Regulars
22595,161,1,35.0,New Customers
22560,897,1,35.0,Average Regulars
36293,1294,1,35.0,At Risk (High Value)
537,493,1,35.0,Average Regulars
96989,652,1,35.0,Average Regulars
47214,718,1,35.0,At Risk (High Value)
21205,50,1,35.0,New Customers
58386,344,1,35.0,Average Regulars
41284,23,1,35.0,New Customers
45553,765,1,35.0,Lost
85659,213,1,35.0,New Customers
60836,1052,1,35.0,At Risk (High Value)
62397,1483,1,35.0,Lost
20910,108,1,35.0,Average Regulars
1852,85,1,35.0,Average Regulars
3098,898,1,35.0,Average Regulars
65879,706,1,35.0,Lost
75101,1433,1,35.0,Average Regulars
81302,1335,1,35.0,At Risk (High Value)
59053,2228,1,35.0,At Risk (High Value)
74302,1509,1,35.0,Average Regulars
47860,747,1,35.0,Lost
14900,933,1,35.0,Lost
63719,92,1,35.0,Average Regulars
27917,830,1,35.0,Lost
48366,760,1,35.0,Lost
43360,1312,1,35.0,Lost
67504,1496,1,35.0,Lost
74109,2206,1,35.0,Lost
92889,70,1,35.0,Average Regulars
93184,401,1,35.0,Average Regulars
23752,747,1,35.0,Lost
52818,839,1,35.0,Lost
6675,441,1,35.0,Average Regulars
30485,745,1,35.0,Lost
15516,132,1,35.0,New Customers
66905,1011,1,35.0,Average Regulars
47305,210,1,35.0,New Customers
12532,4,1,35.0,New Customers
43479,538,1,35.0,Average Regulars
11787,2323,1,35.0,Average Regulars
16012,276,1,35.0,New Customers
33218,405,1,35.0,Average Regulars
54908,497,1,35.0,Average Regulars
17475,1930,1,35.0,Lost
23293,60,1,35.0,Average Regulars
1159,635,1,35.0,Average Regulars
13841,121,1,35.0,New Customers
25113,503,1,35.0,Average Regulars
95063,765,1,35.0,At Risk (High Value)
64975,753,1,35.0,At Risk (High Value)
66249,8,1,35.0,Average Regulars
42175,374,1,35.0,Average Regulars
11450,1530,1,35.0,Average Regulars
85316,801,1,35.0,Lost
18843,1009,1,35.0,Lost
43465,937,1,35.0,Lost
18415,433,1,35.0,Average Regulars
88385,16,1,35.0,New Customers
52550,5,1,35.0,Average Regulars
40701,1138,1,35.0,Lost
56008,676,1,35.0,At Risk (High Value)
57330,69,1,35.0,Average Regulars
88433,1730,1,35.0,Lost
67261,161,1,35.0,New Customers
98369,739,1,35.0,Lost
52535,466,1,34.99,Average Regulars
49111,25,1,34.99,New Customers
86721,353,1,34.99,Average Regulars
58005,143,1,34.99,New Customers
82486,4,1,34.99,New Customers
41636,1530,1,34.99,Lost
46472,79,1,34.99,New Customers
68179,120,1,34.99,New Customers
36753,10,1,34.99,New Customers
13288,2103,1,34.99,Average Regulars
37281,885,1,34.99,Lost
19474,218,1,34.99,New Customers
69909,1127,1,34.99,Average Regulars
49443,1987,1,34.99,At Risk (High Value)
92678,225,1,34.99,New Customers
42916,7,1,34.99,New Customers
64514,137,1,34.99,Average Regulars
60668,176,1,34.99,Average Regulars
55352,632,1,34.99,Average Regulars
79510,346,1,34.99,Average Regulars
97215,1110,1,34.99,Average Regulars
33555,296,1,34.99,New Customers
99046,641,1,34.99,Average Regulars
50478,1083,1,34.99,Average Regulars
9272,460,1,34.99,Average Regulars
62733,658,1,34.99,At Risk (High Value)
20713,404,1,34.99,Average Regulars
15350,473,1,34.99,Average Regulars
1876,109,1,34.99,Average Regulars
97678,564,1,34.99,Average Regulars
92906,874,1,34.99,At Risk (High Value)
87589,300,1,34.99,New Customers
38504,743,1,34.99,Lost
32632,234,1,34.99,New Customers
75415,1657,1,34.99,Lost
9283,436,1,34.99,Average Regulars
5826,222,1,34.99,Average Regulars
60225,205,1,34.99,Average Regulars
14041,1951,1,34.99,At Risk (High Value)
97401,233,1,34.99,New Customers
47738,89,1,34.99,Average Regulars
55547,1019,1,34.99,Lost
86276,305,1,34.99,Average Regulars
77668,34,1,34.99,Average Regulars
50398,707,1,34.99,Lost
75545,279,1,34.99,Average Regulars
75338,601,1,34.99,Average Regulars
10693,617,1,34.99,Average Regulars
96459,670,1,34.99,At Risk (High Value)
25746,798,1,34.99,At Risk (High Value)
60692,1252,1,34.99,At Risk (High Value)
59407,1139,1,34.99,At Risk (High Value)
34902,428,1,34.99,Average Regulars
99943,122,1,34.99,New Customers
49987,32,1,34.99,Average Regulars
49710,329,1,34.99,Average Regulars
73032,42,1,34.99,New Customers
45607,194,1,34.99,Average Regulars
61400,1426,1,34.99,Average Regulars
27213,930,1,34.99,Average Regulars
22947,694,1,34.99,Lost
19560,177,1,34.99,Average Regulars
41198,4,1,34.99,Average Regulars
50539,163,1,34.99,Average Regulars
12601,1646,1,34.99,Lost
46626,248,1,34.99,Average Regulars
63625,38,1,34.99,Average Regulars
98735,102,1,34.99,Average Regulars
48739,304,1,34.99,Average Regulars
88554,250,1,34.99,New Customers
59473,20,1,34.99,New Customers
8496,119,1,34.99,Average Regulars
57607,176,1,34.99,New Customers
53596,353,1,34.99,Average Regulars
41323,87,1,34.99,Average Regulars
5834,289,1,34.99,New Customers
30931,269,1,34.99,Average Regulars
56246,26,1,34.99,Average Regulars
72123,72,1,34.99,Average Regulars
75722,297,1,34.99,New Customers
99692,597,1,34.99,Average Regulars
89710,613,1,34.99,Average Regulars
88645,673,1,34.99,Lost
7418,647,1,34.99,Average Regulars
98174,2246,1,34.99,Lost
21519,29,1,34.99,Average Regulars
37243,896,1,34.99,At Risk (High Value)
21004,1847,1,34.99,Lost
66690,152,1,34.99,New Customers
42451,1988,1,34.99,Lost
85768,1947,1,34.99,Lost
93928,998,1,34.99,Average Regulars
46850,862,1,34.99,At Risk (High Value)
91311,1008,1,34.99,Average Regulars
58857,370,1,34.99,Average Regulars
11384,68,1,34.99,Average Regulars
53418,368,1,34.99,Average Regulars
29724,1423,1,34.99,Average Regulars
57549,125,1,34.99,Average Regulars
61202,181,1,34.99,New Customers
10930,2128,1,34.99,Lost
36071,145,1,34.99,Average Regulars
33146,241,1,34.99,New Customers
96583,1564,1,34.99,Lost
36568,42,1,34.99,New Customers
85787,584,1,34.99,Average Regulars
33596,350,1,34.99,Average Regulars
70405,243,1,34.99,Average Regulars
33618,527,1,34.99,Average Regulars
14520,1001,1,34.99,Average Regulars
15210,152,1,34.99,Average Regulars
43005,1424,1,34.99,Lost
31425,22,1,34.99,New Customers
48803,192,1,34.99,New Customers
6176,106,1,34.99,New Customers
26159,164,1,34.99,Average Regulars
48044,261,1,34.99,New Customers
56893,218,1,34.99,Average Regulars
85994,815,1,34.99,Lost
25235,1239,1,34.99,At Risk (High Value)
61898,292,2,34.99,Average Regulars
98563,626,1,34.99,Average Regulars
74087,1536,1,34.99,Average Regulars
25328,150,1,34.99,New Customers
30937,10,1,34.99,Average Regulars
41038,511,1,34.99,Average Regulars
77547,815,1,34.99,Lost
46705,814,1,34.99,At Risk (High Value)
74033,109,1,34.99,New Customers
4696,924,1,34.99,Average Regulars
40685,1095,1,34.99,Lost
98610,921,1,34.99,Average Regulars
80213,588,1,34.99,Average Regulars
60079,9,1,34.99,Average Regulars
64542,414,1,34.99,Average Regulars
39048,2657,1,34.99,Average Regulars
37006,1567,1,34.99,Average Regulars
76213,104,1,34.99,Average Regulars
45771,484,1,34.99,Average Regulars
77435,606,1,34.98,Average Regulars
36690,851,1,34.98,At Risk (High Value)
2704,1282,1,34.98,Lost
20402,392,1,34.98,Average Regulars
25285,1920,1,34.98,At Risk (High Value)
71923,272,1,34.98,Average Regulars
78672,647,1,34.98,Average Regulars
79234,1675,1,34.98,At Risk (High Value)
34117,222,1,34.98,Average Regulars
87209,20,1,34.98,Average Regulars
34804,813,1,34.98,At Risk (High Value)
14641,927,1,34.98,Average Regulars
13621,7,1,34.98,Average Regulars
88153,2069,1,34.98,Lost
48496,1292,2,34.98,At Risk (High Value)
62499,1530,1,34.98,Lost
92325,429,1,34.98,Average Regulars
15178,1654,1,34.98,Lost
60725,460,1,34.98,Average Regulars
67945,787,1,34.98,At Risk (High Value)
74944,551,1,34.98,Average Regulars
32596,141,1,34.98,Average Regulars
37085,1420,1,34.98,Average Regulars
85981,1307,1,34.98,Lost
98349,315,1,34.98,New Customers
80677,1646,1,34.98,At Risk (High Value)
55859,8,1,34.98,Average Regulars
10898,273,1,34.98,Average Regulars
76909,72,1,34.98,Average Regulars
36980,1058,1,34.98,Lost
65836,505,1,34.98,Average Regulars
66705,252,1,34.97,Average Regulars
14714,736,1,34.97,Lost
31726,68,1,34.97,Average Regulars
55018,68,1,34.97,Average Regulars
28278,8,1,34.97,Average Regulars
47478,1787,1,34.97,Lost
40647,159,1,34.97,New Customers
16750,1635,2,34.97,At Risk (High Value)
81291,147,1,34.97,New Customers
11339,325,1,34.95,Average Regulars
45278,1718,1,34.95,Lost
26067,318,1,34.95,New Customers
17435,706,1,34.95,At Risk (High Value)
3935,1927,1,34.95,Lost
67056,571,1,34.95,Average Regulars
26706,206,1,34.95,New Customers
10591,142,1,34.95,New Customers
26100,264,1,34.95,New Customers
14010,1558,1,34.95,At Risk (High Value)
80079,1466,1,34.95,Lost
5112,652,1,34.95,Average Regulars
81380,1591,1,34.95,At Risk (High Value)
32852,1515,1,34.95,Average Regulars
274,49,1,34.95,Average Regulars
6382,135,1,34.95,Average Regulars
65405,198,2,34.95,Average Regulars
70132,318,1,34.95,New Customers
91224,180,1,34.95,New Customers
26024,262,1,34.95,Average Regulars
87971,901,1,34.95,Average Regulars
67027,6,1,34.95,Average Regulars
89430,262,1,34.95,Average Regulars
18311,111,1,34.95,Average Regulars
72194,122,1,34.95,Average Regulars
18142,295,1,34.95,New Customers
43265,2302,1,34.95,Lost
82612,514,1,34.95,Average Regulars
98520,230,1,34.95,Average Regulars
42252,75,1,34.95,New Customers
62696,940,1,34.95,Average Regulars
3803,674,1,34.95,Lost
49001,1420,1,34.95,Lost
55288,1341,1,34.95,Lost
69015,1821,1,34.95,Average Regulars
97974,1137,1,34.95,At Risk (High Value)
69295,2352,1,34.95,Lost
34318,924,1,34.94,Average Regulars
80160,303,1,34.94,New Customers
512,19,1,34.93,Average Regulars
98687,1031,1,34.93,At Risk (High Value)
81700,1072,1,34.93,Average Regulars
34188,100,1,34.9,Average Regulars
21697,220,1,34.9,Average Regulars
82886,1150,1,34.9,At Risk (High Value)
95042,1026,1,34.9,Average Regulars
19069,894,1,34.9,Average Regulars
8341,2049,1,34.9,Average Regulars
33889,698,1,34.9,Lost
15911,884,1,34.9,Lost
73179,261,1,34.9,Average Regulars
39608,282,1,34.9,New Customers
89205,847,1,34.9,At Risk (High Value)
77283,511,1,34.89,Average Regulars
52444,721,1,34.88,Lost
88720,287,1,34.88,Average Regulars
2126,82,1,34.88,Average Regulars
16376,5,1,34.88,New Customers
2024,308,1,34.88,New Customers
62945,1137,1,34.88,At Risk (High Value)
42212,757,1,34.88,Lost
62878,1131,1,34.88,At Risk (High Value)
56756,40,1,34.88,Average Regulars
11731,12,1,34.85,Average Regulars
35934,207,1,34.84,Average Regulars
6297,1107,1,34.84,Lost
92741,1373,1,34.84,Lost
23341,23,1,34.82,Average Regulars
81773,266,1,34.82,New Customers
58131,4,1,34.81,Average Regulars
30320,332,2,34.78,Average Regulars
72926,730,1,34.75,At Risk (High Value)
96717,216,1,34.75,Average Regulars
7108,913,1,34.75,Average Regulars
38939,372,1,34.75,Average Regulars
75325,76,1,34.75,Average Regulars
82768,146,2,34.66,Average Regulars
83444,344,1,34.65,Average Regulars
92459,369,1,34.65,Average Regulars
35181,1089,1,34.65,Lost
76658,370,1,34.6,Average Regulars
49126,86,1,34.6,Average Regulars
37282,1542,1,34.6,At Risk (High Value)
34656,539,1,34.6,Average Regulars
5523,21,1,34.55,Average Regulars
56321,1729,1,34.53,Lost
47343,896,1,34.5,Average Regulars
10324,863,1,34.5,At Risk (High Value)
53363,1758,1,34.5,Lost
7255,1083,1,34.5,Average Regulars
33313,1328,1,34.5,Lost
9042,1064,1,34.5,Lost
96436,834,1,34.5,Lost
65153,1625,1,34.5,Lost
43191,870,1,34.5,At Risk (High Value)
20889,911,1,34.5,Lost
50648,332,1,34.5,Average Regulars
92656,111,1,34.5,Average Regulars
49888,1419,1,34.5,Lost
50896,688,1,34.49,At Risk (High Value)
73942,1050,1,34.49,Lost
59128,113,1,34.49,New Customers
88144,564,1,34.48,Average Regulars
58290,308,1,34.48,Average Regulars
25999,1122,2,34.48,At Risk (High Value)
86988,667,1,34.48,At Risk (High Value)
39854,984,1,34.45,Lost
29885,405,1,34.45,Average Regulars
97539,2082,1,34.41,Lost
60066,39,1,34.39,Average Regulars
9263,87,1,34.31,Average Regulars
73347,721,1,34.31,Lost
73093,2333,1,34.31,Lost
6174,1080,1,34.31,Average Regulars
8459,757,1,34.3,At Risk (High Value)
20258,1157,1,34.3,At Risk (High Value)
56146,455,1,34.3,Average Regulars
81992,1560,1,34.3,At Risk (High Value)
10869,579,1,34.28,Average Regulars
6906,737,1,34.26,Lost
54198,1651,1,34.25,Lost
53701,650,1,34.23,Average Regulars
88909,610,1,34.21,Average Regulars
30764,358,1,34.21,Average Regulars
80180,138,1,34.21,New Customers
6919,1928,1,34.21,At Risk (High Value)
11141,152,1,34.18,Average Regulars
21581,3,1,34.16,Average Regulars
88311,34,1,34.15,Average Regulars
11468,393,1,34.13,Average Regulars
59828,319,1,34.07,New Customers
76807,235,1,34.07,New Customers
70763,1879,1,34.04,At Risk (High Value)
54015,214,1,34.04,Average Regulars
89774,881,1,34.04,At Risk (High Value)
73546,640,1,34.02,Average Regulars
33307,1688,1,34.02,Lost
51002,42,1,34.01,Average Regulars
69877,229,2,34.0,Average Regulars
11762,705,1,34.0,Lost
47480,1481,1,34.0,Lost
8778,227,1,34.0,Average Regulars
90012,28,1,34.0,Average Regulars
51833,947,1,34.0,Lost
79366,50,1,34.0,New Customers
65170,344,1,34.0,Average Regulars
13595,6,1,34.0,New Customers
69499,709,1,34.0,At Risk (High Value)
92944,427,1,34.0,Average Regulars
91135,89,1,34.0,New Customers
42819,100,1,34.0,New Customers
17677,1022,1,34.0,Average Regulars
65503,2237,1,34.0,Lost
39059,237,1,34.0,Average Regulars
78995,283,1,34.0,Average Regulars
6751,1982,1,34.0,Lost
89624,1318,1,34.0,At Risk (High Value)
68517,603,1,34.0,Average Regulars
70039,6,1,34.0,Average Regulars
94648,328,1,34.0,Average Regulars
47314,1231,1,34.0,At Risk (High Value)
20173,44,1,34.0,Average Regulars
41646,147,1,34.0,New Customers
23537,575,1,34.0,Average Regulars
83270,827,1,34.0,At Risk (High Value)
45252,1092,1,34.0,Lost
67833,205,1,34.0,New Customers
26196,251,1,34.0,Average Regulars
75064,1510,1,34.0,Average Regulars
2394,199,1,34.0,Average Regulars
94253,530,1,34.0,Average Regulars
77258,15,1,34.0,Average Regulars
9388,1164,1,34.0,At Risk (High Value)
54914,1079,1,34.0,Average Regulars
68474,43,1,34.0,Average Regulars
68976,67,1,34.0,Average Regulars
5106,268,1,34.0,New Customers
84821,45,1,34.0,Average Regulars
82104,6,1,34.0,New Customers
22267,129,1,34.0,New Customers
6441,677,1,34.0,At Risk (High Value)
34151,446,1,34.0,Average Regulars
58805,262,1,34.0,Average Regulars
9085,77,1,34.0,Average Regulars
88485,746,1,34.0,Lost
92603,4,1,34.0,Average Regulars
4595,58,1,34.0,Average Regulars
64317,1571,1,34.0,Lost
74361,47,1,34.0,Average Regulars
35217,318,1,34.0,Average Regulars
77482,568,1,34.0,Average Regulars
34276,955,1,34.0,Average Regulars
30211,1475,1,34.0,Lost
27762,573,1,34.0,Average Regulars
62913,63,1,34.0,Average Regulars
91354,95,1,34.0,Average Regulars
24669,976,1,34.0,Lost
13813,1555,1,34.0,At Risk (High Value)
94325,503,1,34.0,Average Regulars
86004,1319,1,34.0,At Risk (High Value)
59313,1559,1,34.0,At Risk (High Value)
18063,290,1,34.0,Average Regulars
3407,5,1,34.0,Average Regulars
9749,25,1,34.0,Average Regulars
66170,181,1,34.0,Average Regulars
51940,1958,1,34.0,At Risk (High Value)
26781,855,1,33.99,Lost
13878,1712,1,33.99,Lost
6275,29,1,33.99,Average Regulars
15471,2450,1,33.99,Average Regulars
50988,920,1,33.99,Lost
44413,22,1,33.99,New Customers
44284,40,1,33.99,New Customers
1612,335,1,33.99,Average Regulars
73036,145,1,33.99,Average Regulars
7335,615,1,33.99,Average Regulars
74235,907,1,33.99,Average Regulars
94049,393,1,33.99,Average Regulars
66073,1238,1,33.99,Lost
82136,447,1,33.99,Average Regulars
85473,479,2,33.99,Average Regulars
26204,1465,1,33.99,Lost
28925,96,1,33.99,Average Regulars
60177,1367,1,33.99,Average Regulars
7614,137,1,33.99,Average Regulars
83641,15,1,33.99,Average Regulars
92258,989,1,33.99,Average Regulars
21080,1488,1,33.99,At Risk (High Value)
50081,28,1,33.99,New Customers
85096,1577,1,33.99,Average Regulars
13359,971,1,33.99,Lost
36617,1122,1,33.99,Lost
97343,289,1,33.99,New Customers
13296,21,1,33.99,Average Regulars
54943,94,1,33.99,Average Regulars
34367,4,1,33.99,Average Regulars
69366,4,1,33.99,Average Regulars
94334,1863,1,33.99,Lost
19348,207,1,33.99,New Customers
3480,47,1,33.99,New Customers
2428,1263,1,33.99,Lost
16492,1367,1,33.99,Average Regulars
10690,89,1,33.98,Average Regulars
85162,1289,1,33.98,At Risk (High Value)
15488,310,1,33.98,New Customers
65036,719,1,33.98,Lost
22906,844,1,33.98,At Risk (High Value)
5528,94,1,33.98,Average Regulars
67694,438,1,33.98,Average Regulars
96311,1119,1,33.98,Lost
12056,216,1,33.98,New Customers
82449,9,1,33.98,Average Regulars
94995,157,1,33.98,Average Regulars
3150,808,1,33.98,Lost
52839,1553,1,33.98,At Risk (High Value)
58503,202,1,33.97,Average Regulars
12747,523,1,33.97,Average Regulars
14253,743,1,33.97,Lost
24932,76,1,33.97,Average Regulars
52186,478,1,33.96,Average Regulars
21890,1126,2,33.95,At Risk (High Value)
92174,209,1,33.95,Average Regulars
29507,949,1,33.95,Average Regulars
35845,2438,1,33.95,At Risk (High Value)
54646,222,1,33.95,Average Regulars
55753,330,1,33.95,Average Regulars
21746,199,1,33.95,Average Regulars
38455,921,1,33.95,Lost
38456,380,1,33.95,Average Regulars
906,10,1,33.95,Average Regulars
36710,983,1,33.95,Lost
87483,732,1,33.95,Lost
46044,463,1,33.95,Average Regulars
10244,63,1,33.95,Average Regulars
67068,132,1,33.95,Average Regulars
76962,396,1,33.95,Average Regulars
16438,5,1,33.95,New Customers
86124,1252,1,33.95,At Risk (High Value)
39963,1352,1,33.94,Lost
79219,114,1,33.94,Average Regulars
27845,373,1,33.92,Average Regulars
72453,762,1,33.92,At Risk (High Value)
33020,1493,1,33.9,At Risk (High Value)
24706,2328,1,33.9,At Risk (High Value)
45123,161,1,33.89,Average Regulars
57623,45,1,33.89,New Customers
15724,4,1,33.88,New Customers
27638,113,1,33.88,Average Regulars
35292,885,1,33.88,Average Regulars
39377,681,1,33.86,Lost
39819,1028,1,33.86,At Risk (High Value)
63416,1741,1,33.86,Average Regulars
37519,126,1,33.86,New Customers
3498,710,1,33.85,Lost
44282,286,2,33.8,Average Regulars
14678,33,1,33.77,Average Regulars
64069,359,1,33.75,Average Regulars
43581,918,1,33.75,Average Regulars
46796,715,1,33.75,At Risk (High Value)
50298,397,1,33.75,Average Regulars
20214,128,1,33.75,New Customers
26476,558,1,33.75,Average Regulars
76713,747,1,33.75,At Risk (High Value)
17743,407,1,33.75,Average Regulars
77820,1418,1,33.75,Average Regulars
36583,2473,1,33.75,Lost
82132,327,1,33.75,Average Regulars
33131,52,1,33.68,Average Regulars
84248,838,1,33.66,At Risk (High Value)
11307,511,1,33.65,Average Regulars
31205,355,1,33.63,Average Regulars
40710,66,1,33.6,New Customers
47043,883,1,33.59,Lost
83293,449,1,33.59,Average Regulars
40023,272,1,33.59,Average Regulars
49521,469,1,33.56,Average Regulars
13619,880,1,33.5,At Risk (High Value)
1544,1673,1,33.5,At Risk (High Value)
7260,390,2,33.5,Average Regulars
32044,931,1,33.49,Average Regulars
49,303,1,33.49,Average Regulars
713,658,1,33.49,At Risk (High Value)
40620,619,2,33.49,Average Regulars
80116,304,1,33.48,New Customers
43895,963,1,33.48,Average Regulars
63956,209,1,33.48,New Customers
52052,1638,1,33.46,Lost
78033,14,1,33.34,Average Regulars
87421,152,1,33.33,Average Regulars
93503,13,1,33.33,Average Regulars
77954,586,1,33.32,Average Regulars
85157,127,1,33.32,New Customers
4555,833,1,33.27,Lost
14910,608,1,33.22,Average Regulars
86245,56,1,33.22,New Customers
88496,809,1,33.21,Lost
60233,611,2,33.18,Average Regulars
12574,1650,1,33.15,At Risk (High Value)
64518,1998,1,33.14,At Risk (High Value)
35874,1495,1,33.14,Lost
28846,465,1,33.13,Average Regulars
20120,14,1,33.07,Average Regulars
67496,1478,1,33.07,At Risk (High Value)
32379,332,1,33.06,Average Regulars
40282,35,1,33.06,Average Regulars
94704,489,1,33.0,Average Regulars
95780,265,1,33.0,New Customers
82372,690,1,33.0,Lost
8073,824,1,33.0,At Risk (High Value)
67571,175,1,33.0,New Customers
70171,675,1,33.0,Lost
34289,58,1,33.0,Average Regulars
93537,266,1,33.0,Average Regulars
14330,151,1,33.0,New Customers
7983,1576,1,33.0,Lost
11626,1181,1,33.0,At Risk (High Value)
34854,5,1,33.0,New Customers
58708,212,1,33.0,Average Regulars
81734,294,1,33.0,Average Regulars
18555,208,1,33.0,New Customers
3124,350,1,33.0,Average Regulars
53288,153,1,33.0,New Customers
80468,771,1,33.0,Lost
51352,612,1,33.0,Average Regulars
55400,1389,1,33.0,Average Regulars
358,32,1,33.0,Average Regulars
10215,424,1,33.0,Average Regulars
82330,283,1,33.0,Average Regulars
72460,405,1,33.0,Average Regulars
89211,1637,1,33.0,Lost
45266,492,1,33.0,Average Regulars
75037,77,1,33.0,Average Regulars
6136,210,1,33.0,Average Regulars
14265,1040,1,33.0,Average Regulars
88677,539,1,33.0,Average Regulars
54991,420,1,33.0,Average Regulars
35610,29,1,33.0,Average Regulars
75139,232,1,33.0,New Customers
38543,1890,1,33.0,Lost
76957,119,1,33.0,Average Regulars
4491,177,2,33.0,Average Regulars
94247,14,1,33.0,New Customers
46986,1251,1,33.0,Lost
78027,107,1,33.0,Average Regulars
56706,741,1,33.0,Lost
10770,519,1,33.0,Average Regulars
70553,154,1,33.0,New Customers
38200,615,1,33.0,Average Regulars
33873,742,1,32.99,Lost
74724,158,1,32.99,New Customers
71665,709,1,32.99,Lost
25785,187,1,32.99,Average Regulars
36352,1965,1,32.99,Lost
81406,438,1,32.99,Average Regulars
64371,60,1,32.99,Average Regulars
61548,1857,1,32.99,Average Regulars
57286,845,1,32.99,Lost
70899,156,1,32.99,Average Regulars
96170,1372,1,32.99,Lost
72489,4,1,32.99,New Customers
90759,725,1,32.99,Lost
39373,1343,1,32.99,At Risk (High Value)
67667,1013,1,32.99,Lost
51296,568,1,32.99,Average Regulars
84111,529,1,32.99,Average Regulars
1762,1316,1,32.99,At Risk (High Value)
62923,347,1,32.99,Average Regulars
31121,195,1,32.99,New Customers
6175,491,1,32.99,Average Regulars
4259,1148,1,32.99,At Risk (High Value)
36310,585,1,32.99,Average Regulars
62722,332,1,32.99,Average Regulars
11289,46,1,32.99,Average Regulars
12379,222,1,32.99,New Customers
87906,2000,1,32.99,Lost
60117,15,1,32.99,Average Regulars
98145,261,1,32.99,Average Regulars
29834,790,1,32.99,Lost
44177,1684,1,32.99,Lost
86839,473,1,32.99,Average Regulars
16246,1971,1,32.99,Lost
14834,472,1,32.99,Average Regulars
5660,13,1,32.99,New Customers
36183,814,1,32.99,At Risk (High Value)
68951,119,1,32.99,Average Regulars
70436,429,1,32.99,Average Regulars
75800,644,1,32.99,Average Regulars
72398,47,1,32.99,New Customers
54081,1891,1,32.99,Lost
55284,1509,1,32.99,Lost
35286,381,1,32.99,Average Regulars
65169,16,1,32.99,New Customers
27459,294,1,32.99,Average Regulars
26885,276,1,32.99,Average Regulars
74335,454,1,32.99,Average Regulars
95599,192,1,32.99,Average Regulars
53319,497,1,32.99,Average Regulars
55927,1352,1,32.99,Lost
40664,34,1,32.99,Average Regulars
18696,1764,1,32.99,Lost
73899,2106,1,32.99,Average Regulars
67616,60,2,32.99,Average Regulars
13403,249,1,32.99,New Customers
9587,902,1,32.99,Lost
6993,41,1,32.99,New Customers
24814,235,1,32.99,Average Regulars
99566,978,1,32.99,Average Regulars
44014,5,1,32.99,New Customers
9299,845,1,32.98,Lost
85459,348,1,32.98,Average Regulars
15678,655,1,32.98,Lost
45684,2068,1,32.98,Lost
59856,191,2,32.98,Average Regulars
82127,41,1,32.98,New Customers
87871,1579,1,32.98,Average Regulars
77235,152,2,32.98,Average Regulars
5937,1193,1,32.98,Lost
58086,1415,1,32.98,Lost
87484,2050,1,32.97,Average Regulars
68101,323,2,32.97,Average Regulars
98105,161,1,32.95,New Customers
64848,648,1,32.95,Average Regulars
8718,67,1,32.95,Average Regulars
96216,70,1,32.95,New Customers
21432,1221,1,32.95,Lost
54866,697,1,32.95,Lost
54192,190,1,32.95,New Customers
70330,815,1,32.95,Lost
32635,16,1,32.95,Average Regulars
46607,1102,1,32.95,Lost
29813,511,1,32.95,Average Regulars
39075,266,1,32.95,Average Regulars
46890,1091,1,32.95,Lost
34519,475,1,32.95,Average Regulars
2667,206,1,32.95,New Customers
81756,606,1,32.95,Average Regulars
22666,11,1,32.95,New Customers
21696,65,1,32.95,Average Regulars
90352,131,1,32.95,Average Regulars
23533,1479,1,32.95,Lost
6549,2058,1,32.93,Lost
78833,84,1,32.91,Average Regulars
98084,854,1,32.9,At Risk (High Value)
85154,372,1,32.9,Average Regulars
19059,435,1,32.9,Average Regulars
40819,651,1,32.9,Average Regulars
27150,178,1,32.9,Average Regulars
92939,38,1,32.9,New Customers
3675,1192,1,32.9,At Risk (High Value)
98606,401,1,32.9,Average Regulars
70460,1297,1,32.9,At Risk (High Value)
36101,1449,1,32.9,Average Regulars
60637,1822,1,32.9,Average Regulars
81952,631,1,32.9,Average Regulars
94112,439,1,32.9,Average Regulars
31200,1571,1,32.9,At Risk (High Value)
32232,122,1,32.89,New Customers
71143,1464,1,32.89,Lost
34314,78,1,32.88,Average Regulars
63488,16,1,32.88,Average Regulars
54430,536,1,32.85,Average Regulars
39950,390,1,32.78,Average Regulars
3554,1165,1,32.78,Lost
78256,756,1,32.76,Lost
38215,0,2,32.76,Average Regulars
27167,1133,1,32.76,At Risk (High Value)
1914,39,1,32.62,New Customers
33402,83,1,32.61,New Customers
47011,597,2,32.59,Average Regulars
58753,55,1,32.58,Average Regulars
10385,242,1,32.56,New Customers
4131,617,1,32.53,Average Regulars
20166,305,1,32.53,Average Regulars
13400,298,1,32.53,Average Regulars
59161,1666,1,32.5,At Risk (High Value)
43926,139,1,32.5,New Customers
93722,538,1,32.5,Average Regulars
72665,85,1,32.5,Average Regulars
64035,350,1,32.5,Average Regulars
22037,28,1,32.5,Average Regulars
13366,651,1,32.5,Average Regulars
59639,555,1,32.5,Average Regulars
35451,835,1,32.5,At Risk (High Value)
16743,1200,1,32.5,Lost
21727,742,1,32.5,Lost
58130,455,1,32.49,Average Regulars
64282,39,1,32.49,Average Regulars
46544,1109,1,32.49,Average Regulars
86377,23,1,32.49,New Customers
46401,1257,1,32.47,Lost
74710,580,1,32.45,Average Regulars
66210,117,1,32.45,New Customers
23408,1253,1,32.45,At Risk (High Value)
10863,1155,1,32.45,At Risk (High Value)
19617,362,1,32.44,Average Regulars
23225,39,1,32.35,Average Regulars
22746,607,1,32.35,Average Regulars
22792,849,1,32.33,At Risk (High Value)
11510,2559,1,32.33,Lost
43196,165,1,32.33,New Customers
40243,606,1,32.27,Average Regulars
25040,541,1,32.24,Average Regulars
30801,67,1,32.18,Average Regulars
70230,1981,1,32.18,Lost
13653,270,1,32.18,New Customers
64364,1096,1,32.15,Lost
16792,599,1,32.14,Average Regulars
42502,301,1,32.13,Average Regulars
53863,105,1,32.08,Average Regulars
66271,268,1,32.08,New Customers
33363,19,1,32.0,Average Regulars
77267,5,1,32.0,New Customers
71402,272,1,32.0,New Customers
61217,71,1,32.0,New Customers
47953,132,1,32.0,Average Regulars
50760,1053,1,32.0,At Risk (High Value)
46110,119,1,32.0,New Customers
95368,410,1,32.0,Average Regulars
81809,459,1,32.0,Average Regulars
40830,585,1,32.0,Average Regulars
71442,18,1,32.0,Average Regulars
58688,329,1,32.0,Average Regulars
50918,95,1,32.0,New Customers
46951,1262,1,32.0,At Risk (High Value)
53106,1240,1,32.0,At Risk (High Value)
38574,8,1,32.0,New Customers
22983,340,1,32.0,Average Regulars
8391,130,1,32.0,New Customers
36924,2370,1,32.0,Lost
6399,190,1,32.0,New Customers
6527,640,1,32.0,Average Regulars
28283,1168,1,32.0,Average Regulars
87943,457,1,32.0,Average Regulars
5036,309,1,32.0,New Customers
21471,87,1,32.0,Average Regulars
77928,101,1,32.0,New Customers
7758,148,1,32.0,Average Regulars
12022,758,1,32.0,At Risk (High Value)
85653,2092,1,32.0,At Risk (High Value)
7075,626,1,32.0,Average Regulars
87185,371,1,32.0,Average Regulars
8798,1500,1,32.0,Lost
53142,29,1,32.0,Average Regulars
36412,619,1,32.0,Average Regulars
622,644,1,32.0,Average Regulars
1765,205,1,32.0,Average Regulars
55471,1307,1,32.0,At Risk (High Value)
71386,80,1,32.0,New Customers
6942,682,1,32.0,At Risk (High Value)
42968,49,1,32.0,Average Regulars
6013,88,1,32.0,Average Regulars
15862,455,1,32.0,Average Regulars
30513,1099,1,32.0,Average Regulars
33168,159,1,32.0,New Customers
15051,451,1,32.0,Average Regulars
12960,451,1,32.0,Average Regulars
25460,178,1,32.0,New Customers
43588,1114,1,32.0,At Risk (High Value)
18127,1286,1,32.0,Lost
67913,4,1,32.0,New Customers
87061,1429,1,32.0,Average Regulars
55684,275,1,32.0,Average Regulars
36431,169,1,32.0,New Customers
83713,106,1,32.0,Average Regulars
70319,526,1,32.0,Average Regulars
91952,864,1,32.0,At Risk (High Value)
61553,1522,1,32.0,Average Regulars
95972,1589,1,32.0,Lost
39251,24,1,32.0,Average Regulars
27602,324,1,32.0,Average Regulars
18554,594,1,32.0,Average Regulars
57700,2166,1,32.0,At Risk (High Value)
20823,906,1,32.0,Average Regulars
90460,93,1,32.0,Average Regulars
80775,492,1,32.0,Average Regulars
62374,111,1,32.0,Average Regulars
56468,123,1,32.0,New Customers
75952,302,1,32.0,New Customers
7690,7,1,32.0,New Customers
49480,756,1,32.0,Lost
46312,2476,1,32.0,At Risk (High Value)
20245,1462,1,32.0,Average Regulars
19024,1065,1,32.0,At Risk (High Value)
78260,178,1,32.0,New Customers
85268,1268,1,32.0,At Risk (High Value)
19639,2321,1,32.0,At Risk (High Value)
99292,761,1,32.0,At Risk (High Value)
55578,2025,1,32.0,Average Regulars
13591,1132,1,32.0,Lost
86768,1034,1,32.0,Lost
47486,979,1,32.0,Lost
56305,365,1,32.0,Average Regulars
53901,1345,1,32.0,Lost
72120,731,1,32.0,Lost
49845,40,1,32.0,Average Regulars
19894,1079,1,32.0,Lost
79725,1080,1,32.0,Lost
80077,162,1,32.0,New Customers
32145,2383,1,32.0,At Risk (High Value)
74234,23,1,32.0,Average Regulars
89401,782,1,32.0,At Risk (High Value)
93925,1952,1,32.0,At Risk (High Value)
18581,109,1,32.0,New Customers
31914,1155,1,32.0,At Risk (High Value)
92636,162,1,32.0,New Customers
59422,396,1,32.0,Average Regulars
35725,297,1,32.0,New Customers
54489,414,1,31.99,Average Regulars
87761,2308,1,31.99,At Risk (High Value)
84720,272,1,31.99,New Customers
89349,1778,1,31.99,Average Regulars
62841,117,1,31.99,New Customers
60644,2016,1,31.99,Lost
38979,1060,1,31.99,Lost
35074,203,1,31.99,New Customers
33804,773,1,31.99,At Risk (High Value)
44949,222,1,31.99,New Customers
19657,206,1,31.99,New Customers
76463,30,1,31.99,Average Regulars
94565,659,1,31.99,At Risk (High Value)
37498,510,1,31.99,Average Regulars
58120,360,1,31.99,Average Regulars
7840,378,1,31.99,Average Regulars
80364,82,1,31.99,Average Regulars
48007,544,1,31.99,Average Regulars
40777,753,1,31.99,At Risk (High Value)
20049,1888,1,31.99,Lost
50493,2010,1,31.99,Lost
16512,1517,1,31.99,Lost
31504,599,1,31.99,Average Regulars
54634,703,1,31.99,At Risk (High Value)
36746,718,1,31.99,At Risk (High Value)
78059,693,1,31.99,At Risk (High Value)
79982,220,1,31.99,New Customers
22533,1180,1,31.99,Lost
30792,5,1,31.99,New Customers
96160,427,1,31.99,Average Regulars
2983,332,1,31.99,Average Regulars
31796,88,1,31.99,Average Regulars
8004,875,1,31.99,At Risk (High Value)
54994,372,1,31.99,Average Regulars
30134,72,1,31.99,Average Regulars
59345,378,1,31.99,Average Regulars
62180,1010,1,31.99,Average Regulars
45640,953,1,31.99,Average Regulars
72145,1378,1,31.99,Average Regulars
9653,6,1,31.99,New Customers
91662,161,1,31.99,Average Regulars
42287,141,1,31.99,New Customers
10689,103,1,31.98,Average Regulars
91416,4,1,31.98,Average Regulars
62343,706,1,31.98,Lost
50839,1,1,31.98,Average Regulars
79881,378,1,31.98,Average Regulars
34526,1632,1,31.98,At Risk (High Value)
24193,2180,1,31.98,Lost
27842,1892,1,31.98,Lost
64096,15,1,31.98,Average Regulars
38401,2137,1,31.98,At Risk (High Value)
77059,1739,1,31.98,Average Regulars
33384,1695,1,31.98,Lost
84024,14,2,31.97,Average Regulars
80880,175,1,31.97,New Customers
32486,387,2,31.97,Average Regulars
763,858,1,31.97,Lost
84067,96,1,31.97,New Customers
32967,827,1,31.96,At Risk (High Value)
70709,239,1,31.96,New Customers
11398,16,1,31.96,Average Regulars
37920,1340,1,31.96,At Risk (High Value)
96362,254,1,31.95,New Customers
49400,2150,1,31.95,Average Regulars
39280,642,1,31.95,Average Regulars
49501,536,1,31.95,Average Regulars
17919,77,1,31.95,New Customers
99219,1634,1,31.95,At Risk (High Value)
32818,408,1,31.95,Average Regulars
14837,293,1,31.95,New Customers
83599,316,1,31.95,New Customers
46381,63,1,31.95,New Customers
23042,431,1,31.95,Average Regulars
58420,915,1,31.95,Lost
60898,1083,2,31.95,At Risk (High Value)
15404,344,1,31.95,Average Regulars
83807,5,1,31.95,Average Regulars
75648,4,1,31.95,Average Regulars
82903,54,1,31.92,Average Regulars
22488,444,1,31.92,Average Regulars
38678,2190,1,31.9,Lost
29265,286,1,31.9,Average Regulars
90989,1803,1,31.9,Lost
29515,223,1,31.9,New Customers
99506,482,1,31.9,Average Regulars
78723,1181,1,31.89,Lost
33578,564,1,31.89,Average Regulars
43534,2176,1,31.87,Lost
46330,1974,1,31.79,Lost
95698,129,1,31.78,New Customers
74058,37,1,31.76,New Customers
6453,2459,1,31.75,Average Regulars
50471,2169,1,31.74,Lost
70379,757,1,31.72,Lost
39478,142,2,31.66,Average Regulars
42984,20,2,31.65,Average Regulars
86804,1497,1,31.64,At Risk (High Value)
86686,98,1,31.58,Average Regulars
77058,846,1,31.58,At Risk (High Value)
76198,288,1,31.57,New Customers
14199,37,1,31.54,New Customers
30219,795,1,31.5,At Risk (High Value)
52128,932,1,31.5,Average Regulars
13760,640,1,31.5,Average Regulars
19299,18,1,31.5,Average Regulars
53620,465,1,31.5,Average Regulars
96974,108,1,31.5,Average Regulars
34084,891,1,31.5,Average Regulars
52415,200,1,31.5,Average Regulars
41403,1040,1,31.5,At Risk (High Value)
7179,21,1,31.5,New Customers
96209,2190,1,31.5,Lost
61230,800,1,31.5,Lost
49812,1398,1,31.5,Lost
2026,577,1,31.49,Average Regulars
36393,1393,1,31.49,Average Regulars
62495,1229,1,31.49,Lost
77671,584,1,31.49,Average Regulars
15895,120,2,31.49,Average Regulars
27619,204,1,31.49,Average Regulars
72295,550,1,31.49,Average Regulars
65511,31,1,31.48,Average Regulars
88367,1710,1,31.45,Lost
23035,41,1,31.45,New Customers
16939,1306,1,31.45,At Risk (High Value)
71687,1545,1,31.41,At Risk (High Value)
7301,6,1,31.41,New Customers
27139,503,1,31.41,Average Regulars
72390,253,1,31.37,New Customers
24378,707,1,31.35,Lost
73773,256,1,31.35,New Customers
57598,182,1,31.35,Average Regulars
54244,253,1,31.26,New Customers
42176,210,1,31.26,New Customers
361,90,1,31.25,New Customers
94719,337,1,31.24,Average Regulars
35471,211,1,31.24,New Customers
85756,896,1,31.24,Average Regulars
63527,2139,1,31.24,Lost
6936,1565,1,31.19,At Risk (High Value)
23397,443,1,31.19,Average Regulars
35565,283,1,31.17,New Customers
32507,575,1,31.17,Average Regulars
97342,984,1,31.16,Average Regulars
97304,1240,1,31.08,Lost
56455,749,1,31.07,Lost
47801,1252,1,31.05,Lost
82455,243,1,31.0,Average Regulars
77273,1394,1,31.0,Lost
18272,1183,1,31.0,Lost
6108,509,1,31.0,Average Regulars
2522,25,1,31.0,Average Regulars
7844,247,1,31.0,Average Regulars
65006,343,1,31.0,Average Regulars
17378,163,1,31.0,Average Regulars
52144,265,1,31.0,Average Regulars
49615,419,1,31.0,Average Regulars
55913,1185,1,31.0,Lost
6729,143,1,31.0,Average Regulars
23463,304,1,31.0,New Customers
34827,636,1,31.0,Average Regulars
1609,139,1,31.0,Average Regulars
97684,1054,1,31.0,Lost
50152,1159,1,30.99,At Risk (High Value)
33087,101,1,30.99,New Customers
48998,603,1,30.99,Average Regulars
93634,2462,1,30.99,At Risk (High Value)
57363,322,1,30.99,New Customers
23411,255,1,30.99,Average Regulars
58556,85,1,30.99,Average Regulars
24472,1178,1,30.99,Average Regulars
99321,284,1,30.99,New Customers
11177,514,1,30.99,Average Regulars
74438,21,1,30.99,Average Regulars
96422,1426,1,30.99,Average Regulars
9813,1268,1,30.99,Lost
83572,31,1,30.98,Average Regulars
61032,554,1,30.98,Average Regulars
42429,737,1,30.98,Lost
69833,1468,1,30.98,Lost
71860,120,1,30.98,Average Regulars
25823,328,1,30.98,Average Regulars
68003,877,1,30.98,Lost
87286,128,1,30.98,New Customers
28706,1838,2,30.98,At Risk (High Value)
8682,20,1,30.97,Average Regulars
25751,574,1,30.96,Average Regulars
37942,91,1,30.95,Average Regulars
87306,1302,1,30.95,Lost
84102,6,1,30.95,New Customers
54550,115,1,30.95,New Customers
21368,40,1,30.95,Average Regulars
29249,566,1,30.95,Average Regulars
99008,1062,1,30.95,At Risk (High Value)
30896,155,1,30.95,Average Regulars
62153,4,1,30.95,New Customers
30009,499,1,30.95,Average Regulars
63462,613,1,30.95,Average Regulars
17128,1135,1,30.95,At Risk (High Value)
38286,180,1,30.95,Average Regulars
23610,4,1,30.91,Average Regulars
57756,39,2,30.9,Average Regulars
73081,1318,1,30.9,Lost
29775,1081,1,30.89,Lost
25161,352,1,30.89,Average Regulars
26577,379,1,30.89,Average Regulars
72890,699,1,30.8,At Risk (High Value)
5335,13,1,30.8,Average Regulars
26263,485,1,30.77,Average Regulars
15269,139,1,30.71,New Customers
70484,1695,1,30.71,At Risk (High Value)
73007,753,1,30.69,Lost
95883,1,1,30.63,New Customers
12387,1146,1,30.6,At Risk (High Value)
17837,522,1,30.58,Average Regulars
60892,46,2,30.56,Average Regulars
99853,168,1,30.54,New Customers
38737,1301,1,30.5,Lost
11459,39,1,30.5,New Customers
25138,13,1,30.49,Average Regulars
86448,1523,1,30.49,Average Regulars
92967,48,1,30.48,New Customers
86027,19,1,30.45,Average Regulars
52581,510,1,30.45,Average Regulars
95473,580,1,30.45,Average Regulars
87844,516,1,30.45,Average Regulars
87116,835,2,30.44,At Risk (High Value)
29597,26,1,30.4,Average Regulars
54493,241,1,30.4,New Customers
73913,1957,2,30.39,At Risk (High Value)
8146,788,1,30.39,At Risk (High Value)
11772,1001,1,30.37,Average Regulars
57933,1036,1,30.36,Lost
65816,814,1,30.36,Lost
50997,813,1,30.36,Lost
54127,961,1,30.35,Average Regulars
65783,260,1,30.35,Average Regulars
62286,93,1,30.31,Average Regulars
32023,823,1,30.3,At Risk (High Value)
28823,493,1,30.27,Average Regulars
33735,747,1,30.27,Lost
35652,142,1,30.21,New Customers
91741,190,1,30.13,Average Regulars
73792,1383,1,30.09,Lost
66459,1580,1,30.08,At Risk (High Value)
6139,1124,1,30.05,At Risk (High Value)
27004,909,1,30.04,Average Regulars
90360,15,1,30.04,Average Regulars
90112,81,1,30.0,Average Regulars
80322,237,1,30.0,Average Regulars
6302,475,1,30.0,Average Regulars
2623,598,1,30.0,Average Regulars
23033,93,1,30.0,Average Regulars
47022,1672,1,30.0,At Risk (High Value)
74182,479,1,30.0,Average Regulars
61653,1074,1,30.0,Lost
55415,942,1,30.0,Lost
57832,660,1,30.0,Lost
32618,1798,1,30.0,Average Regulars
56901,2187,1,30.0,At Risk (High Value)
72963,112,1,30.0,Average Regulars
8770,183,1,30.0,New Customers
23789,1123,1,30.0,At Risk (High Value)
589,11,1,30.0,New Customers
96802,149,1,30.0,Average Regulars
14845,237,1,30.0,New Customers
94255,49,1,30.0,Average Regulars
40975,51,1,30.0,New Customers
94146,4,1,30.0,New Customers
4972,564,1,30.0,Average Regulars
60107,1826,1,30.0,Average Regulars
95860,203,1,30.0,New Customers
59999,338,1,30.0,Average Regulars
42786,188,1,30.0,New Customers
85992,523,1,30.0,Average Regulars
53327,357,1,30.0,Average Regulars
6181,814,1,30.0,Lost
14502,739,1,30.0,At Risk (High Value)
9218,591,1,30.0,Average Regulars
99244,1008,1,30.0,Lost
4192,946,1,30.0,Lost
95679,5,1,30.0,Average Regulars
24912,1770,1,30.0,Lost
88424,925,1,30.0,Average Regulars
92602,610,1,30.0,Average Regulars
89084,111,1,30.0,Average Regulars
11490,1983,1,30.0,Lost
94793,517,1,30.0,Average Regulars
8690,2144,1,30.0,At Risk (High Value)
80347,409,1,30.0,Average Regulars
50326,354,1,30.0,Average Regulars
94360,67,1,30.0,New Customers
20316,257,1,30.0,New Customers
49243,1737,1,30.0,Lost
61027,255,1,30.0,New Customers
23299,630,1,30.0,Average Regulars
14940,613,1,30.0,Average Regulars
46959,1630,1,30.0,At Risk (High Value)
42528,455,1,30.0,Average Regulars
53691,49,1,30.0,Average Regulars
92938,1794,1,30.0,Lost
78352,259,1,30.0,Average Regulars
30940,267,1,30.0,Average Regulars
16790,1830,1,30.0,Lost
40959,562,1,30.0,Average Regulars
39000,1442,1,30.0,Average Regulars
2497,1785,1,30.0,Lost
42146,42,1,30.0,Average Regulars
92409,869,1,30.0,Lost
20109,127,1,30.0,New Customers
49527,241,1,30.0,Average Regulars
70501,281,1,30.0,Average Regulars
52540,360,1,30.0,Average Regulars
3922,1101,1,30.0,Lost
56871,699,1,30.0,Lost
76400,762,1,30.0,Lost
71225,658,1,30.0,At Risk (High Value)
22630,316,1,30.0,New Customers
31937,2123,1,30.0,Average Regulars
3608,912,1,30.0,Average Regulars
77689,1261,1,30.0,Lost
86788,2131,1,30.0,Lost
86200,541,1,30.0,Average Regulars
41044,351,1,30.0,Average Regulars
2468,1432,1,30.0,Average Regulars
13982,231,1,30.0,New Customers
26469,2393,1,30.0,Lost
36079,399,1,30.0,Average Regulars
31326,861,1,30.0,Lost
31077,78,1,30.0,Average Regulars
81939,207,1,30.0,New Customers
87425,978,1,30.0,Lost
89368,1504,1,30.0,At Risk (High Value)
20390,751,1,30.0,Lost
40020,306,1,30.0,New Customers
30537,1527,1,30.0,Average Regulars
89399,102,1,30.0,Average Regulars
76553,818,1,30.0,Lost
9404,252,1,30.0,New Customers
48604,485,1,30.0,Average Regulars
74637,47,1,30.0,Average Regulars
46964,785,1,30.0,At Risk (High Value)
62850,21,1,30.0,Average Regulars
2895,351,1,30.0,Average Regulars
96644,159,1,30.0,New Customers
40876,452,1,30.0,Average Regulars
76060,5,1,30.0,Average Regulars
71327,757,1,30.0,Lost
11161,4,1,30.0,New Customers
60592,341,1,30.0,Average Regulars
71528,596,1,30.0,Average Regulars
85799,1598,1,30.0,At Risk (High Value)
79333,244,1,30.0,New Customers
3324,1598,1,30.0,At Risk (High Value)
74272,41,1,30.0,Average Regulars
67957,867,1,30.0,Lost
16033,486,1,30.0,Average Regulars
90116,208,1,30.0,New Customers
12775,139,1,30.0,New Customers
23072,383,1,30.0,Average Regulars
14680,293,1,30.0,Average Regulars
17622,1470,1,30.0,At Risk (High Value)
41399,63,1,30.0,New Customers
66012,2596,1,30.0,Average Regulars
57151,215,1,30.0,New Customers
11041,249,1,29.99,Average Regulars
47693,858,1,29.99,Lost
38840,517,1,29.99,Average Regulars
41016,959,1,29.99,Lost
63035,458,1,29.99,Average Regulars
74675,250,1,29.99,New Customers
40049,85,1,29.99,Average Regulars
15202,960,1,29.99,Lost
38616,515,1,29.99,Average Regulars
34485,9,1,29.99,New Customers
74229,175,1,29.99,New Customers
7332,136,1,29.99,Average Regulars
31860,801,1,29.99,Lost
19793,292,1,29.99,Average Regulars
58435,311,1,29.99,New Customers
54033,269,1,29.99,Average Regulars
46925,139,1,29.99,New Customers
73277,1400,1,29.99,Average Regulars
24084,1958,1,29.99,Lost
16627,649,1,29.99,Average Regulars
76314,1962,1,29.99,At Risk (High Value)
21384,25,1,29.99,Average Regulars
57173,62,1,29.99,Average Regulars
10375,154,1,29.99,Average Regulars
94484,778,1,29.99,At Risk (High Value)
97311,1120,1,29.99,Lost
88806,342,1,29.99,Average Regulars
60747,2238,1,29.99,At Risk (High Value)
60189,1016,1,29.99,Lost
51596,742,1,29.99,At Risk (High Value)
8771,63,1,29.99,Average Regulars
82536,514,1,29.99,Average Regulars
95842,1898,1,29.99,At Risk (High Value)
14104,657,1,29.99,At Risk (High Value)
36751,463,1,29.99,Average Regulars
97359,37,1,29.99,Average Regulars
65457,407,1,29.99,Average Regulars
46740,39,1,29.99,Average Regulars
29971,153,1,29.99,Average Regulars
3946,292,1,29.99,Average Regulars
30499,456,1,29.99,Average Regulars
16312,291,1,29.99,Average Regulars
92044,1891,1,29.99,Lost
14652,244,1,29.99,New Customers
33748,377,1,29.99,Average Regulars
65438,399,1,29.99,Average Regulars
51363,1341,1,29.99,At Risk (High Value)
51337,336,1,29.99,Average Regulars
255,4,1,29.99,Average Regulars
35500,1810,1,29.99,Average Regulars
60752,54,1,29.99,Average Regulars
95690,849,1,29.99,Lost
4804,1601,1,29.99,Lost
53820,346,1,29.99,Average Regulars
3885,289,1,29.99,Average Regulars
30165,418,1,29.99,Average Regulars
55760,934,1,29.99,Average Regulars
54632,566,1,29.99,Average Regulars
99087,1690,1,29.99,At Risk (High Value)
39345,32,1,29.99,New Customers
96451,1933,1,29.99,Lost
46172,15,1,29.99,New Customers
7828,1480,1,29.99,At Risk (High Value)
74473,1152,1,29.99,Average Regulars
23857,1856,1,29.99,Average Regulars
88761,63,1,29.99,Average Regulars
24025,1009,1,29.99,Average Regulars
46118,208,1,29.99,Average Regulars
27367,32,1,29.99,New Customers
23027,418,1,29.99,Average Regulars
80029,90,1,29.99,Average Regulars
46190,2304,1,29.99,At Risk (High Value)
38121,687,1,29.99,At Risk (High Value)
20319,5,1,29.99,Average Regulars
85434,1124,1,29.99,Lost
47658,335,1,29.99,Average Regulars
42115,1296,1,29.99,At Risk (High Value)
83656,152,1,29.99,Average Regulars
65936,379,1,29.99,Average Regulars
58303,1963,1,29.99,At Risk (High Value)
70431,694,1,29.99,At Risk (High Value)
80068,1233,1,29.99,Lost
81902,605,1,29.99,Average Regulars
22419,1225,1,29.99,At Risk (High Value)
59100,137,1,29.99,New Customers
91047,359,1,29.99,Average Regulars
89454,165,1,29.99,New Customers
77505,44,1,29.99,Average Regulars
51946,164,1,29.99,New Customers
23841,1586,1,29.99,Lost
43099,1612,1,29.99,At Risk (High Value)
51,561,1,29.99,Average Regulars
40714,286,1,29.99,Average Regulars
56336,34,1,29.99,New Customers
93293,1142,1,29.99,Average Regulars
23433,239,1,29.99,Average Regulars
40117,249,1,29.99,Average Regulars
85883,390,1,29.99,Average Regulars
13485,58,1,29.99,Average Regulars
65401,325,1,29.99,New Customers
12958,301,1,29.99,Average Regulars
54899,388,1,29.99,Average Regulars
8452,694,1,29.99,At Risk (High Value)
65797,420,1,29.99,Average Regulars
25856,1033,1,29.99,At Risk (High Value)
54116,940,1,29.99,Average Regulars
1555,222,1,29.99,Average Regulars
15963,1765,1,29.99,Lost
30938,1056,1,29.99,Lost
59116,1043,1,29.99,Lost
46679,109,1,29.99,Average Regulars
17698,668,1,29.99,Lost
23896,525,1,29.99,Average Regulars
20535,2070,1,29.99,Average Regulars
63607,72,1,29.99,New Customers
58728,1469,1,29.99,Average Regulars
55840,247,1,29.99,New Customers
13217,2122,1,29.99,Lost
71836,12,1,29.99,Average Regulars
58572,9,1,29.99,Average Regulars
80015,453,1,29.99,Average Regulars
2725,1660,1,29.99,At Risk (High Value)
33958,808,1,29.99,Lost
22680,1870,1,29.99,Lost
61815,964,1,29.99,Lost
70797,1796,1,29.99,Lost
67342,589,1,29.99,Average Regulars
18284,1632,1,29.99,At Risk (High Value)
68706,285,1,29.99,Average Regulars
63433,1636,1,29.99,Lost
65995,19,1,29.99,Average Regulars
37633,1281,1,29.99,Lost
50336,660,1,29.99,At Risk (High Value)
91419,24,1,29.99,New Customers
37646,1249,1,29.99,Lost
32071,1689,1,29.99,Lost
48844,38,1,29.99,New Customers
33567,405,1,29.99,Average Regulars
58231,117,1,29.99,New Customers
60920,238,1,29.99,Average Regulars
89661,460,1,29.99,Average Regulars
58301,1115,1,29.99,Lost
10473,1072,1,29.99,At Risk (High Value)
67460,2041,1,29.99,Lost
9229,673,1,29.99,At Risk (High Value)
68017,1142,1,29.99,At Risk (High Value)
98308,351,1,29.99,Average Regulars
79795,1043,1,29.99,Lost
68062,178,1,29.99,Average Regulars
78902,6,1,29.99,Average Regulars
32903,4,1,29.99,New Customers
8415,261,1,29.99,Average Regulars
59510,334,1,29.99,Average Regulars
57699,907,1,29.99,Average Regulars
98311,680,1,29.99,At Risk (High Value)
56494,88,1,29.99,Average Regulars
69469,1037,1,29.99,At Risk (High Value)
8382,993,1,29.99,Average Regulars
1971,325,1,29.99,Average Regulars
32077,1222,1,29.99,At Risk (High Value)
63910,71,1,29.99,Average Regulars
65042,94,1,29.99,Average Regulars
21619,81,1,29.99,Average Regulars
6585,894,1,29.99,Lost
35771,1617,1,29.99,Lost
6478,764,1,29.99,Lost
53637,770,1,29.99,At Risk (High Value)
30619,211,1,29.99,Average Regulars
85692,1083,1,29.99,Average Regulars
14242,1016,1,29.99,Lost
20361,465,1,29.99,Average Regulars
87238,261,1,29.99,Average Regulars
30624,274,1,29.99,New Customers
68554,788,1,29.99,At Risk (High Value)
62942,744,1,29.99,Lost
47134,1925,1,29.99,At Risk (High Value)
406,158,1,29.99,Average Regulars
16141,27,1,29.99,New Customers
72726,696,1,29.99,At Risk (High Value)
56850,180,1,29.99,New Customers
37566,450,1,29.99,Average Regulars
64525,2058,1,29.99,Average Regulars
13872,5,1,29.99,New Customers
95623,218,1,29.99,Average Regulars
16442,842,1,29.99,Lost
33031,9,1,29.99,Average Regulars
37944,51,1,29.99,Average Regulars
94377,114,1,29.99,Average Regulars
45127,96,1,29.99,Average Regulars
57901,536,1,29.99,Average Regulars
51367,49,1,29.99,Average Regulars
10390,156,1,29.99,New Customers
18204,1447,1,29.99,Average Regulars
35989,66,1,29.99,Average Regulars
82669,5,1,29.99,New Customers
75814,1153,1,29.99,At Risk (High Value)
30831,563,1,29.99,Average Regulars
68771,259,1,29.99,Average Regulars
99422,788,1,29.99,At Risk (High Value)
45586,42,1,29.99,New Customers
14289,172,1,29.99,New Customers
24959,1478,1,29.99,Lost
29757,4,1,29.99,Average Regulars
70932,151,1,29.99,Average Regulars
97007,69,1,29.99,Average Regulars
26764,106,1,29.99,New Customers
81552,1185,1,29.99,At Risk (High Value)
52407,832,1,29.99,At Risk (High Value)
40812,80,1,29.99,Average Regulars
92367,106,1,29.99,New Customers
46670,219,1,29.99,New Customers
58984,46,1,29.99,Average Regulars
76722,78,1,29.99,Average Regulars
40059,877,1,29.99,At Risk (High Value)
41925,103,1,29.99,Average Regulars
46068,722,2,29.99,At Risk (High Value)
58406,148,1,29.99,New Customers
89763,6,1,29.99,Average Regulars
85863,9,1,29.99,New Customers
77237,1127,1,29.99,At Risk (High Value)
11797,572,1,29.99,Average Regulars
89904,2140,1,29.99,Average Regulars
5063,212,1,29.99,New Customers
51404,363,1,29.99,Average Regulars
54259,1386,1,29.99,Average Regulars
94493,540,1,29.99,Average Regulars
21299,732,1,29.99,Lost
49177,281,1,29.99,Average Regulars
99516,2196,1,29.99,At Risk (High Value)
89858,78,1,29.99,Average Regulars
88664,6,1,29.99,New Customers
78610,1154,1,29.99,At Risk (High Value)
61287,185,1,29.99,New Customers
29978,1108,1,29.99,Lost
34466,67,1,29.99,Average Regulars
3794,209,1,29.99,New Customers
31794,43,1,29.99,New Customers
80119,566,1,29.99,Average Regulars
48902,273,1,29.99,New Customers
18015,1010,1,29.99,Lost
93344,209,1,29.99,New Customers
66605,1064,1,29.99,At Risk (High Value)
71367,70,1,29.99,Average Regulars
54892,164,1,29.99,New Customers
68704,729,1,29.99,At Risk (High Value)
27345,501,1,29.99,Average Regulars
226,909,1,29.99,Lost
89250,247,1,29.99,New Customers
17101,1493,1,29.99,At Risk (High Value)
31507,998,1,29.99,Lost
88472,1602,1,29.98,At Risk (High Value)
56528,58,1,29.98,Average Regulars
99333,225,1,29.98,Average Regulars
89016,457,1,29.98,Average Regulars
94802,123,1,29.98,Average Regulars
27365,1481,1,29.98,At Risk (High Value)
85203,1504,1,29.98,At Risk (High Value)
96830,496,1,29.98,Average Regulars
57535,1827,1,29.98,At Risk (High Value)
91300,10,1,29.98,New Customers
49378,1052,1,29.98,Lost
72896,264,1,29.98,Average Regulars
55860,130,1,29.98,New Customers
97524,324,1,29.98,Average Regulars
70808,350,1,29.98,Average Regulars
95915,30,1,29.98,Average Regulars
878,692,1,29.98,At Risk (High Value)
56300,44,1,29.98,New Customers
70226,773,1,29.98,Lost
10557,922,1,29.98,Lost
85920,695,1,29.98,Lost
91654,305,1,29.98,Average Regulars
44307,353,1,29.97,Average Regulars
96549,41,1,29.97,New Customers
42180,1115,1,29.97,At Risk (High Value)
65113,1184,1,29.97,At Risk (High Value)
29750,4,1,29.97,New Customers
99994,265,1,29.97,New Customers
61663,509,1,29.97,Average Regulars
25747,139,1,29.97,New Customers
41432,7,1,29.97,New Customers
28233,184,1,29.97,Average Regulars
40818,284,1,29.97,Average Regulars
9746,987,1,29.96,Average Regulars
39021,2324,1,29.95,At Risk (High Value)
93697,9,1,29.95,New Customers
40720,417,1,29.95,Average Regulars
31064,1379,1,29.95,Lost
93323,572,1,29.95,Average Regulars
53652,471,1,29.95,Average Regulars
37157,151,1,29.95,Average Regulars
69194,47,1,29.95,Average Regulars
95197,369,1,29.95,Average Regulars
56114,1052,1,29.95,Lost
18383,798,1,29.95,Lost
68287,1515,1,29.95,Average Regulars
48876,5,1,29.95,New Customers
85898,146,1,29.95,New Customers
39472,1823,1,29.95,At Risk (High Value)
68429,176,1,29.95,New Customers
63220,193,1,29.95,Average Regulars
45347,55,1,29.95,Average Regulars
83250,303,1,29.95,Average Regulars
85725,146,1,29.95,New Customers
7745,290,1,29.95,Average Regulars
39916,670,1,29.95,Lost
72349,1126,1,29.95,At Risk (High Value)
22566,692,1,29.95,Lost
44510,1248,1,29.95,At Risk (High Value)
82483,170,1,29.95,Average Regulars
85779,1063,1,29.95,Average Regulars
11940,1025,1,29.95,At Risk (High Value)
46707,229,1,29.95,Average Regulars
16465,1113,1,29.95,At Risk (High Value)
98343,1738,1,29.95,Lost
67999,23,1,29.95,Average Regulars
58092,602,1,29.95,Average Regulars
52963,1145,1,29.95,At Risk (High Value)
32921,233,1,29.95,New Customers
49034,862,1,29.95,At Risk (High Value)
33744,1496,1,29.95,Average Regulars
73678,954,1,29.95,Average Regulars
53174,284,1,29.95,Average Regulars
26220,241,1,29.95,New Customers
38426,961,1,29.95,Lost
2431,160,1,29.95,New Customers
63111,1625,1,29.95,Lost
86792,629,1,29.95,Average Regulars
83295,115,1,29.95,New Customers
68713,2366,1,29.95,Lost
58332,187,1,29.95,New Customers
38952,103,1,29.95,New Customers
4327,333,1,29.95,Average Regulars
56517,250,1,29.95,New Customers
32705,1320,1,29.95,At Risk (High Value)
57059,380,1,29.95,Average Regulars
97582,465,1,29.95,Average Regulars
37840,103,1,29.95,New Customers
99746,4,1,29.95,New Customers
9047,517,1,29.95,Average Regulars
86302,658,1,29.95,At Risk (High Value)
61388,1068,1,29.95,At Risk (High Value)
11258,498,1,29.95,Average Regulars
2236,841,1,29.95,At Risk (High Value)
98178,4,2,29.95,Average Regulars
18884,222,1,29.95,Average Regulars
96741,900,1,29.95,Lost
75716,685,1,29.95,Lost
4685,400,1,29.95,Average Regulars
45655,671,1,29.95,Lost
43713,514,1,29.95,Average Regulars
37074,605,1,29.95,Average Regulars
87948,1038,1,29.95,Average Regulars
52926,875,1,29.95,Lost
53227,698,1,29.95,Lost
16076,146,1,29.95,Average Regulars
4098,500,1,29.95,Average Regulars
9618,128,1,29.95,Average Regulars
46749,890,1,29.95,Lost
81680,92,1,29.95,New Customers
95317,1338,1,29.95,At Risk (High Value)
77855,2445,1,29.95,At Risk (High Value)
20431,1868,1,29.95,At Risk (High Value)
46701,255,1,29.95,Average Regulars
21905,1048,1,29.95,At Risk (High Value)
80493,200,1,29.95,Average Regulars
46179,72,1,29.94,New Customers
74314,1576,1,29.94,At Risk (High Value)
74407,0,1,29.94,Average Regulars
11123,8,1,29.93,Average Regulars
64601,1882,1,29.93,At Risk (High Value)
86192,375,1,29.93,Average Regulars
23816,1487,1,29.93,At Risk (High Value)
52016,185,1,29.93,Average Regulars
67643,854,1,29.93,Lost
56141,1401,1,29.93,Lost
52086,68,1,29.93,New Customers
82631,815,1,29.93,At Risk (High Value)
62914,13,1,29.93,Average Regulars
71706,468,2,29.92,Average Regulars
87454,1178,1,29.9,At Risk (High Value)
71324,528,1,29.9,Average Regulars
65909,511,1,29.9,Average Regulars
97841,396,1,29.9,Average Regulars
5111,1309,1,29.9,Lost
26521,147,1,29.9,Average Regulars
78912,506,1,29.9,Average Regulars
32831,1578,1,29.9,At Risk (High Value)
71460,579,1,29.9,Average Regulars
62884,1246,1,29.9,Lost
24919,1581,1,29.9,Lost
19546,637,1,29.9,Average Regulars
63499,996,1,29.9,Average Regulars
46713,168,1,29.9,Average Regulars
43866,86,1,29.9,New Customers
86930,46,1,29.9,New Customers
33026,561,1,29.9,Average Regulars
58910,288,1,29.9,Average Regulars
26379,249,1,29.88,Average Regulars
42750,199,1,29.88,Average Regulars
24869,592,1,29.88,Average Regulars
44772,307,1,29.88,New Customers
35553,824,1,29.88,At Risk (High Value)
70663,1685,1,29.84,Lost
81480,1854,1,29.84,Average Regulars
86990,2327,1,29.84,At Risk (High Value)
32502,925,1,29.75,Lost
83315,555,1,29.74,Average Regulars
50920,751,1,29.74,At Risk (High Value)
46777,388,1,29.74,Average Regulars
56872,303,1,29.74,Average Regulars
7617,60,1,29.73,Average Regulars
25190,1166,1,29.73,Lost
50474,617,1,29.71,Average Regulars
7120,498,1,29.7,Average Regulars
48602,17,1,29.61,Average Regulars
59135,727,1,29.61,Lost
80870,1616,1,29.61,At Risk (High Value)
94235,903,1,29.58,Average Regulars
82453,56,1,29.58,New Customers
96902,275,1,29.52,New Customers
39753,2150,1,29.52,At Risk (High Value)
55768,1100,1,29.52,Lost
42375,1508,1,29.52,Lost
89231,137,1,29.52,Average Regulars
58121,496,1,29.5,Average Regulars
13835,1605,1,29.5,Lost
98677,774,1,29.5,Lost
93278,1458,1,29.5,Average Regulars
65099,100,1,29.5,New Customers
23648,1395,1,29.5,Average Regulars
36679,1451,1,29.5,Lost
28258,132,1,29.5,New Customers
64508,154,1,29.5,Average Regulars
37007,631,1,29.5,Average Regulars
58695,10,1,29.5,New Customers
80236,1611,1,29.5,Lost
55326,681,1,29.5,Lost
64857,140,1,29.5,New Customers
34168,5,1,29.5,Average Regulars
2222,50,1,29.5,Average Regulars
20850,233,1,29.5,New Customers
99494,1168,1,29.5,At Risk (High Value)
64781,1437,1,29.5,Lost
88739,1546,1,29.5,Lost
1243,202,1,29.5,Average Regulars
15671,297,1,29.5,New Customers
45406,707,1,29.5,Lost
43973,7,1,29.5,New Customers
47608,186,1,29.5,New Customers
52877,676,1,29.5,Lost
62672,1030,1,29.5,Lost
44316,1664,1,29.5,Lost
41387,1277,1,29.5,Lost
9098,172,1,29.5,Average Regulars
38762,2333,1,29.5,At Risk (High Value)
89503,919,1,29.5,Lost
12848,855,1,29.5,Lost
11541,2202,1,29.5,At Risk (High Value)
38531,596,1,29.5,Average Regulars
38697,654,1,29.5,Average Regulars
30976,141,1,29.5,New Customers
23037,2002,1,29.49,At Risk (High Value)
52514,896,1,29.47,Average Regulars
12623,1548,1,29.47,Lost
64567,35,1,29.45,Average Regulars
16870,406,1,29.45,Average Regulars
74359,198,1,29.45,New Customers
22843,657,1,29.45,Lost
39559,2292,1,29.45,Average Regulars
27431,1948,1,29.45,At Risk (High Value)
88071,565,1,29.45,Average Regulars
39790,1003,1,29.41,Lost
47691,1086,1,29.41,Lost
17804,1277,1,29.41,Lost
31587,2366,1,29.41,Lost
33558,51,1,29.41,Average Regulars
62719,850,1,29.41,Lost
24568,495,1,29.41,Average Regulars
26493,358,1,29.41,Average Regulars
28379,1182,1,29.41,Lost
35417,85,1,29.4,New Customers
94367,416,1,29.4,Average Regulars
78997,570,1,29.4,Average Regulars
83074,506,1,29.36,Average Regulars
6665,239,2,29.35,Average Regulars
27521,733,1,29.3,Lost
30840,234,1,29.3,New Customers
36809,923,1,29.27,Average Regulars
76583,218,2,29.26,Average Regulars
81387,545,1,29.25,Average Regulars
79371,16,1,29.25,Average Regulars
30419,336,1,29.25,Average Regulars
37681,365,1,29.2,Average Regulars
32814,389,1,29.2,Average Regulars
47172,4,2,29.07,Average Regulars
95142,1753,1,29.06,Average Regulars
22092,513,2,29.03,Average Regulars
56868,266,1,29.0,New Customers
56951,4,1,29.0,Average Regulars
48442,875,1,29.0,Lost
64168,63,1,29.0,Average Regulars
48909,386,1,29.0,Average Regulars
84389,35,1,29.0,Average Regulars
65864,679,1,29.0,Lost
28714,1328,1,29.0,At Risk (High Value)
48435,376,1,29.0,Average Regulars
99959,600,1,29.0,Average Regulars
103,2318,1,29.0,Lost
91242,373,1,29.0,Average Regulars
73685,703,1,29.0,Lost
31677,31,1,29.0,Average Regulars
99539,604,1,29.0,Average Regulars
1526,175,1,29.0,New Customers
63665,1813,1,29.0,Average Regulars
49747,1012,1,29.0,Average Regulars
14753,83,1,29.0,New Customers
28753,1743,1,29.0,Lost
90771,361,1,29.0,Average Regulars
44222,852,1,29.0,At Risk (High Value)
60964,247,1,29.0,New Customers
36600,1138,1,29.0,At Risk (High Value)
3808,206,1,29.0,New Customers
3242,748,1,29.0,Lost
83239,237,1,29.0,Average Regulars
7448,21,1,29.0,New Customers
70426,245,1,29.0,Average Regulars
17904,887,1,29.0,Average Regulars
77062,441,1,29.0,Average Regulars
59061,928,1,29.0,Lost
78490,522,1,29.0,Average Regulars
4940,432,1,29.0,Average Regulars
16371,2537,1,29.0,At Risk (High Value)
49046,427,1,29.0,Average Regulars
37139,8,1,29.0,Average Regulars
7410,1230,1,29.0,Lost
99947,96,1,29.0,New Customers
55562,151,1,29.0,New Customers
9011,1535,1,29.0,Average Regulars
91615,1593,1,29.0,Lost
27441,1431,1,29.0,Average Regulars
2113,2094,1,29.0,At Risk (High Value)
51729,53,1,29.0,New Customers
59241,673,1,29.0,Lost
46052,1782,1,28.99,Average Regulars
12762,730,1,28.99,At Risk (High Value)
98494,1863,1,28.99,Average Regulars
90882,4,1,28.99,New Customers
96748,51,1,28.99,Average Regulars
41217,13,1,28.99,New Customers
44638,1266,1,28.99,At Risk (High Value)
92787,1745,1,28.99,Lost
84482,552,1,28.99,Average Regulars
19860,571,1,28.99,Average Regulars
86047,98,1,28.99,New Customers
51753,343,1,28.99,Average Regulars
43261,4,1,28.99,Average Regulars
17228,388,1,28.99,Average Regulars
63586,948,1,28.99,Lost
12160,1712,1,28.99,At Risk (High Value)
80052,2023,1,28.99,Lost
5703,21,1,28.99,Average Regulars
32782,933,1,28.99,Average Regulars
7908,155,1,28.99,Average Regulars
89119,288,1,28.98,Average Regulars
26091,273,1,28.98,New Customers
90802,193,2,28.98,Average Regulars
29528,179,1,28.98,New Customers
78280,812,1,28.98,At Risk (High Value)
19380,940,1,28.98,Lost
99184,99,1,28.97,Average Regulars
44159,491,1,28.97,Average Regulars
38650,1678,1,28.97,Lost
88924,2068,1,28.97,Lost
75846,978,1,28.97,Average Regulars
57341,15,1,28.97,Average Regulars
83072,63,1,28.96,New Customers
95255,2647,1,28.96,At Risk (High Value)
28020,345,1,28.96,Average Regulars
72447,323,1,28.96,Average Regulars
39556,332,1,28.95,Average Regulars
48979,181,1,28.95,Average Regulars
66196,433,1,28.95,Average Regulars
41413,715,1,28.95,Lost
61109,6,1,28.95,Average Regulars
41180,194,1,28.95,New Customers
50212,53,1,28.95,New Customers
72340,1104,1,28.95,Lost
3966,1381,1,28.95,Average Regulars
9570,797,1,28.95,At Risk (High Value)
82912,846,1,28.95,At Risk (High Value)
15665,614,1,28.94,Average Regulars
66810,76,1,28.9,New Customers
2309,1202,1,28.9,At Risk (High Value)
33257,584,1,28.9,Average Regulars
59082,833,1,28.9,At Risk (High Value)
34718,1793,1,28.9,Average Regulars
14210,475,1,28.9,Average Regulars
79907,169,1,28.9,Average Regulars
47204,573,1,28.88,Average Regulars
74905,216,1,28.88,New Customers
5354,171,1,28.88,Average Regulars
61336,1039,1,28.88,At Risk (High Value)
47417,705,1,28.87,Lost
83957,21,1,28.85,Average Regulars
86680,1292,1,28.84,Lost
34334,393,1,28.82,Average Regulars
39477,4,1,28.81,Average Regulars
94817,1259,1,28.76,At Risk (High Value)
33527,58,1,28.75,Average Regulars
30550,1133,1,28.75,Lost
44545,1417,1,28.75,Lost
80224,1062,1,28.74,Lost
47185,1270,1,28.71,At Risk (High Value)
12940,1355,1,28.68,At Risk (High Value)
17998,85,2,28.63,Average Regulars
33345,1249,1,28.6,Lost
75020,5,2,28.59,Average Regulars
69836,952,1,28.58,Average Regulars
78441,1758,1,28.56,Average Regulars
79413,45,1,28.5,Average Regulars
29742,8,1,28.5,New Customers
20114,1564,1,28.5,At Risk (High Value)
19648,47,1,28.5,New Customers
97068,74,1,28.5,Average Regulars
68011,2297,1,28.5,Average Regulars
60880,1901,1,28.5,Lost
45422,1258,1,28.5,At Risk (High Value)
2327,954,1,28.5,Average Regulars
24850,1618,1,28.5,Lost
31800,158,1,28.5,Average Regulars
6637,733,1,28.5,At Risk (High Value)
29452,4,1,28.5,New Customers
4986,1625,1,28.5,At Risk (High Value)
19971,2241,1,28.5,Lost
3135,737,1,28.5,At Risk (High Value)
15638,1910,1,28.5,Lost
61494,829,1,28.49,Lost
96382,400,1,28.49,Average Regulars
86785,83,2,28.49,Average Regulars
75994,1606,1,28.45,Lost
65338,1387,1,28.45,Lost
723,398,1,28.45,Average Regulars
98970,126,1,28.45,New Customers
18782,763,1,28.45,At Risk (High Value)
25633,37,1,28.43,New Customers
2546,1442,1,28.43,Lost
19577,8,1,28.41,Average Regulars
84824,935,1,28.41,Lost
62112,1923,1,28.35,Lost
93463,1016,1,28.34,Lost
80400,1138,1,28.34,At Risk (High Value)
20219,1208,1,28.34,At Risk (High Value)
29437,320,1,28.34,Average Regulars
79268,235,1,28.32,Average Regulars
54355,1335,1,28.32,Lost
92625,49,1,28.32,New Customers
20047,550,1,28.23,Average Regulars
87135,370,1,28.2,Average Regulars
21478,796,1,28.19,At Risk (High Value)
62948,169,1,28.17,Average Regulars
80805,235,1,28.17,New Customers
97644,261,1,28.17,New Customers
71022,1339,2,28.15,At Risk (High Value)
4377,17,1,28.15,Average Regulars
73138,444,1,28.11,Average Regulars
4226,1086,2,28.08,At Risk (High Value)
45092,422,1,28.07,Average Regulars
29690,2048,1,28.05,Lost
93015,1611,1,28.0,At Risk (High Value)
72072,287,1,28.0,New Customers
26254,308,1,28.0,New Customers
2386,2135,1,28.0,Average Regulars
75454,1175,1,28.0,Lost
777,1121,1,28.0,Average Regulars
16084,2448,1,28.0,Lost
29900,231,1,28.0,Average Regulars
52793,173,1,28.0,New Customers
55004,478,1,28.0,Average Regulars
92022,686,1,28.0,At Risk (High Value)
41393,979,1,28.0,Lost
32805,192,1,28.0,Average Regulars
59154,1287,1,28.0,Lost
72121,95,1,28.0,Average Regulars
83828,874,1,28.0,Lost
60005,788,1,28.0,Lost
95139,290,1,28.0,New Customers
98041,417,1,28.0,Average Regulars
98703,1569,1,28.0,Average Regulars
233,1003,1,28.0,Lost
93666,393,1,28.0,Average Regulars
54414,5,1,28.0,New Customers
69292,107,1,28.0,New Customers
17830,492,1,28.0,Average Regulars
16506,51,1,28.0,Average Regulars
84573,1106,1,28.0,Average Regulars
59980,161,1,28.0,Average Regulars
6158,235,1,28.0,New Customers
9527,445,1,28.0,Average Regulars
2463,2569,1,28.0,At Risk (High Value)
40727,1600,1,28.0,Lost
93461,95,1,28.0,Average Regulars
15675,648,1,28.0,Average Regulars
99264,42,1,28.0,Average Regulars
36877,17,1,28.0,Average Regulars
40342,1423,1,28.0,Lost
58246,338,1,28.0,Average Regulars
67545,445,1,28.0,Average Regulars
80012,164,1,28.0,Average Regulars
93340,539,1,28.0,Average Regulars
48606,7,1,28.0,Average Regulars
40736,6,1,28.0,Average Regulars
30048,831,1,28.0,At Risk (High Value)
25818,2286,1,28.0,Average Regulars
84712,4,1,28.0,Average Regulars
27765,818,1,28.0,At Risk (High Value)
51124,4,1,28.0,New Customers
23733,434,1,28.0,Average Regulars
35910,2215,1,28.0,Lost
7025,691,1,28.0,At Risk (High Value)
79538,208,1,28.0,New Customers
58906,201,1,28.0,New Customers
49236,290,1,28.0,New Customers
75906,723,1,28.0,Lost
81427,1112,1,28.0,At Risk (High Value)
39266,179,1,28.0,Average Regulars
27280,361,1,28.0,Average Regulars
31889,1897,1,28.0,Lost
56635,791,1,28.0,Lost
23048,1310,1,28.0,Lost
51438,799,1,28.0,At Risk (High Value)
70775,6,1,28.0,Average Regulars
52175,1018,1,28.0,Average Regulars
84168,5,1,28.0,Average Regulars
36606,1506,1,28.0,Lost
79450,75,1,28.0,New Customers
11556,407,1,28.0,Average Regulars
94304,61,1,28.0,Average Regulars
93986,1259,1,28.0,Lost
57291,886,1,28.0,Average Regulars
96090,59,1,28.0,Average Regulars
32459,492,1,28.0,Average Regulars
80013,356,1,28.0,Average Regulars
30672,1616,1,28.0,Lost
16081,82,1,28.0,New Customers
75080,91,1,28.0,Average Regulars
62170,1547,1,28.0,Lost
77356,853,1,28.0,At Risk (High Value)
71851,1018,1,28.0,Average Regulars
62851,114,1,28.0,Average Regulars
27674,1666,1,28.0,Lost
25624,79,1,28.0,Average Regulars
51904,878,1,28.0,Lost
98406,2512,1,28.0,Average Regulars
55771,173,1,28.0,Average Regulars
10304,19,1,28.0,Average Regulars
36878,1165,1,28.0,Average Regulars
85654,371,1,28.0,Average Regulars
72821,262,1,28.0,New Customers
37264,2088,1,27.99,Lost
69323,1881,1,27.99,Lost
75947,1250,1,27.99,Lost
38581,1830,1,27.99,Lost
43868,237,1,27.99,New Customers
77371,767,1,27.99,Lost
67102,620,1,27.99,Average Regulars
83753,435,1,27.99,Average Regulars
26232,596,1,27.99,Average Regulars
17349,1869,1,27.99,At Risk (High Value)
69512,506,1,27.99,Average Regulars
61654,1328,1,27.99,At Risk (High Value)
47319,416,1,27.99,Average Regulars
55366,950,1,27.99,Average Regulars
4532,1619,1,27.99,Lost
95971,1050,1,27.99,Lost
67912,1044,1,27.99,At Risk (High Value)
9719,61,1,27.99,Average Regulars
27138,732,1,27.99,At Risk (High Value)
44703,260,1,27.99,New Customers
815,328,1,27.99,Average Regulars
34587,214,1,27.99,Average Regulars
12012,1513,1,27.99,Average Regulars
69142,1059,1,27.99,Average Regulars
45443,2315,1,27.99,Average Regulars
94136,267,1,27.99,New Customers
67192,386,1,27.99,Average Regulars
43678,1106,1,27.99,Average Regulars
52025,239,1,27.99,Average Regulars
91075,232,1,27.99,Average Regulars
37358,763,1,27.99,Lost
19649,360,1,27.99,Average Regulars
65028,532,1,27.99,Average Regulars
32798,2068,1,27.99,Lost
27997,923,1,27.99,Lost
34265,1480,1,27.99,At Risk (High Value)
51189,1585,1,27.99,Average Regulars
81493,1134,1,27.99,Average Regulars
2506,979,1,27.99,Lost
61800,181,1,27.99,Average Regulars
89336,372,1,27.99,Average Regulars
22528,1116,2,27.99,At Risk (High Value)
34280,27,1,27.99,Average Regulars
69641,270,1,27.98,New Customers
52104,117,1,27.98,Average Regulars
9934,321,1,27.98,Average Regulars
74,732,1,27.98,At Risk (High Value)
3043,200,1,27.98,New Customers
8870,128,1,27.98,New Customers
82559,1347,1,27.98,Lost
11832,510,1,27.98,Average Regulars
96215,105,1,27.98,New Customers
18395,507,1,27.97,Average Regulars
6253,700,1,27.97,Lost
59724,217,1,27.96,New Customers
5423,890,1,27.96,Lost
10954,157,1,27.96,Average Regulars
24423,875,1,27.95,At Risk (High Value)
99852,1913,1,27.95,At Risk (High Value)
11321,440,1,27.95,Average Regulars
47644,2183,1,27.95,Lost
76123,55,1,27.95,Average Regulars
32075,1269,1,27.95,Lost
38826,43,1,27.95,Average Regulars
52053,48,1,27.95,Average Regulars
97934,195,1,27.95,Average Regulars
49889,5,1,27.95,Average Regulars
16706,577,1,27.95,Average Regulars
48350,84,1,27.95,Average Regulars
60098,111,1,27.95,New Customers
27422,804,1,27.95,Lost
56619,123,1,27.95,New Customers
97569,706,1,27.95,At Risk (High Value)
96171,24,1,27.95,Average Regulars
55908,203,1,27.95,New Customers
6214,20,1,27.95,New Customers
33872,262,1,27.95,New Customers
88204,253,1,27.95,Average Regulars
33632,1332,1,27.95,Lost
81761,1220,1,27.95,Lost
4243,2482,1,27.95,Lost
28114,198,1,27.95,New Customers
87924,1365,1,27.95,Lost
49024,506,1,27.95,Average Regulars
96360,77,1,27.95,New Customers
47554,204,1,27.95,New Customers
18785,327,1,27.95,Average Regulars
9602,58,1,27.95,Average Regulars
48279,224,1,27.95,New Customers
67271,366,1,27.95,Average Regulars
77726,1350,1,27.95,At Risk (High Value)
42120,131,1,27.95,New Customers
21232,588,1,27.93,Average Regulars
50497,4,1,27.9,Average Regulars
32054,370,1,27.9,Average Regulars
92855,667,1,27.9,At Risk (High Value)
13202,19,1,27.9,Average Regulars
73365,608,1,27.9,Average Regulars
53537,398,2,27.9,Average Regulars
31728,912,1,27.9,Average Regulars
31926,494,1,27.9,Average Regulars
97253,234,1,27.88,Average Regulars
56891,306,1,27.88,New Customers
27984,1030,1,27.88,Average Regulars
52725,58,1,27.85,Average Regulars
49678,765,1,27.85,Lost
19034,209,1,27.83,New Customers
24915,887,1,27.8,Average Regulars
42947,195,1,27.78,Average Regulars
71915,983,1,27.78,Average Regulars
97431,275,1,27.75,New Customers
60982,342,1,27.74,Average Regulars
41268,6,1,27.72,Average Regulars
89853,292,1,27.71,Average Regulars
77434,19,1,27.65,Average Regulars
9226,1841,1,27.64,Lost
31265,635,1,27.64,Average Regulars
45778,1400,1,27.61,Average Regulars
86800,136,1,27.6,Average Regulars
96750,1093,1,27.6,Average Regulars
9126,128,1,27.6,Average Regulars
29694,188,1,27.6,Average Regulars
38227,15,1,27.59,Average Regulars
11644,887,1,27.59,Average Regulars
91019,119,1,27.5,Average Regulars
4283,4,1,27.5,Average Regulars
98209,623,1,27.5,Average Regulars
10253,397,1,27.5,Average Regulars
3183,2312,1,27.5,At Risk (High Value)
2962,202,1,27.5,Average Regulars
97062,688,1,27.49,Lost
81323,178,1,27.49,New Customers
53014,887,1,27.47,Average Regulars
3067,2048,1,27.46,Average Regulars
90963,735,1,27.46,At Risk (High Value)
1976,12,1,27.46,Average Regulars
48012,289,1,27.45,Average Regulars
60789,52,1,27.45,New Customers
22313,2614,1,27.45,Lost
41285,253,1,27.42,Average Regulars
5085,1416,1,27.4,Lost
11988,164,1,27.4,New Customers
46966,634,1,27.39,Average Regulars
66555,1387,1,27.39,Lost
82279,809,1,27.33,Lost
68228,567,1,27.3,Average Regulars
59878,10,1,27.3,New Customers
12034,819,1,27.26,At Risk (High Value)
70593,264,1,27.25,New Customers
62045,24,1,27.25,Average Regulars
47108,568,1,27.22,Average Regulars
69353,1822,1,27.16,Lost
57012,26,1,27.13,New Customers
20626,738,1,27.12,Lost
54157,1227,1,27.1,At Risk (High Value)
38936,54,1,27.09,Average Regulars
10541,183,1,27.02,New Customers
30091,203,1,27.0,New Customers
86554,20,1,27.0,Average Regulars
53447,435,1,27.0,Average Regulars
28762,2227,1,27.0,At Risk (High Value)
95114,1023,1,27.0,Average Regulars
57061,1132,1,27.0,Average Regulars
8135,1163,1,27.0,At Risk (High Value)
75832,1324,1,27.0,Lost
49077,717,1,27.0,Lost
17233,440,1,27.0,Average Regulars
36155,46,1,27.0,Average Regulars
55080,16,1,27.0,Average Regulars
22686,478,1,27.0,Average Regulars
38441,517,1,27.0,Average Regulars
10879,120,1,27.0,Average Regulars
27852,643,1,27.0,Average Regulars
83144,2113,1,27.0,Average Regulars
38033,1260,1,27.0,Lost
14644,1004,1,27.0,Average Regulars
41093,723,1,27.0,At Risk (High Value)
52414,2762,1,27.0,Lost
54235,729,1,27.0,At Risk (High Value)
6559,857,2,27.0,At Risk (High Value)
95424,1265,1,27.0,Lost
46033,346,1,27.0,Average Regulars
29954,1211,1,27.0,Lost
3530,1848,1,27.0,Average Regulars
9711,143,1,27.0,Average Regulars
61605,434,1,27.0,Average Regulars
31473,82,1,27.0,Average Regulars
20986,103,1,27.0,Average Regulars
34255,2365,1,27.0,Lost
63011,441,1,27.0,Average Regulars
22452,1040,1,26.99,At Risk (High Value)
45362,688,1,26.99,Lost
47235,634,1,26.99,Average Regulars
52121,43,1,26.99,New Customers
6909,328,1,26.99,Average Regulars
92792,242,1,26.99,New Customers
68090,175,1,26.99,Average Regulars
42512,723,1,26.99,At Risk (High Value)
33963,327,1,26.99,Average Regulars
98347,4,1,26.99,Average Regulars
79880,169,1,26.99,Average Regulars
76355,54,1,26.99,Average Regulars
28527,953,1,26.99,Lost
28503,37,1,26.99,New Customers
53254,363,1,26.99,Average Regulars
35295,998,1,26.99,Average Regulars
27394,923,1,26.99,Average Regulars
7395,465,1,26.99,Average Regulars
50958,807,1,26.99,At Risk (High Value)
79137,149,1,26.99,Average Regulars
85159,1841,1,26.99,Lost
48016,280,1,26.99,Average Regulars
58711,783,1,26.99,At Risk (High Value)
76783,493,1,26.99,Average Regulars
80252,169,1,26.99,Average Regulars
29570,960,1,26.99,Average Regulars
73658,618,1,26.99,Average Regulars
37591,68,1,26.99,Average Regulars
58076,269,1,26.99,New Customers
31533,1126,1,26.99,Average Regulars
97562,274,1,26.99,Average Regulars
26055,440,1,26.99,Average Regulars
10562,133,1,26.99,New Customers
57153,1046,1,26.99,Lost
88111,493,1,26.99,Average Regulars
13355,417,1,26.99,Average Regulars
24963,39,1,26.99,Average Regulars
10682,547,1,26.99,Average Regulars
22399,287,2,26.99,Average Regulars
6319,321,1,26.99,New Customers
20719,867,1,26.99,At Risk (High Value)
30010,174,1,26.99,New Customers
33926,219,1,26.99,Average Regulars
89204,194,1,26.99,New Customers
66812,646,1,26.99,Average Regulars
68642,247,1,26.99,Average Regulars
58926,848,1,26.98,At Risk (High Value)
13932,470,1,26.98,Average Regulars
39843,1449,1,26.98,Average Regulars
75837,63,1,26.98,Average Regulars
64002,214,1,26.98,New Customers
28921,1538,1,26.98,Lost
10257,1620,1,26.98,At Risk (High Value)
94939,34,1,26.98,Average Regulars
84754,22,1,26.98,Average Regulars
8717,3,1,26.98,New Customers
15052,201,1,26.98,Average Regulars
65309,898,1,26.98,Lost
81583,927,1,26.98,Lost
27017,518,1,26.98,Average Regulars
64149,1821,1,26.98,Lost
30838,4,1,26.98,New Customers
90375,211,1,26.97,Average Regulars
49722,23,1,26.97,Average Regulars
68136,352,1,26.97,Average Regulars
87849,176,1,26.97,Average Regulars
44012,249,1,26.97,Average Regulars
33774,50,1,26.97,Average Regulars
15654,440,1,26.97,Average Regulars
54758,401,1,26.97,Average Regulars
94532,1546,1,26.97,At Risk (High Value)
42806,1350,1,26.97,Lost
28384,518,1,26.97,Average Regulars
47916,1597,1,26.97,At Risk (High Value)
37538,1018,1,26.96,Lost
23692,282,1,26.96,New Customers
44194,93,1,26.96,Average Regulars
22729,33,1,26.95,New Customers
56095,8,1,26.95,Average Regulars
72326,1037,1,26.95,Lost
3909,35,1,26.95,New Customers
76165,634,1,26.95,Average Regulars
25915,981,1,26.95,Average Regulars
83176,209,1,26.95,New Customers
21947,2200,1,26.95,Lost
99777,394,1,26.95,Average Regulars
32451,1400,1,26.95,Lost
65586,400,1,26.95,Average Regulars
48045,735,2,26.94,At Risk (High Value)
39470,198,2,26.94,Average Regulars
61826,679,1,26.94,Lost
37379,1407,1,26.92,Average Regulars
43520,220,1,26.92,New Customers
93016,1038,1,26.92,Lost
73729,891,1,26.91,Average Regulars
45287,354,1,26.91,Average Regulars
12914,1638,1,26.9,Lost
56439,1356,1,26.9,Lost
67017,125,1,26.9,Average Regulars
22175,243,1,26.86,New Customers
81097,1106,1,26.86,Average Regulars
36173,442,1,26.82,Average Regulars
32701,248,1,26.8,New Customers
95746,373,1,26.77,Average Regulars
96516,139,1,26.77,New Customers
38129,60,1,26.77,Average Regulars
31356,318,1,26.77,New Customers
95580,520,1,26.76,Average Regulars
91504,2197,1,26.76,At Risk (High Value)
25899,148,1,26.75,Average Regulars
13149,1343,1,26.69,At Risk (High Value)
79861,1578,1,26.69,Lost
30133,851,1,26.66,Lost
44487,718,1,26.64,Lost
96633,273,1,26.63,New Customers
79693,435,1,26.63,Average Regulars
10583,776,1,26.62,At Risk (High Value)
15661,949,1,26.61,Lost
89043,1322,1,26.6,At Risk (High Value)
96245,1461,1,26.59,Lost
86319,222,1,26.57,Average Regulars
89174,120,1,26.5,New Customers
56739,311,1,26.5,Average Regulars
67749,448,1,26.5,Average Regulars
84776,1240,1,26.5,Lost
92351,703,1,26.5,At Risk (High Value)
69651,93,1,26.5,New Customers
52111,520,1,26.5,Average Regulars
3029,1981,1,26.47,Lost
73417,1214,1,26.47,Lost
31839,70,1,26.46,New Customers
23767,1778,1,26.45,Average Regulars
83602,769,1,26.45,At Risk (High Value)
2091,52,1,26.4,New Customers
55109,700,2,26.4,At Risk (High Value)
93093,1099,1,26.39,Average Regulars
25577,746,1,26.39,At Risk (High Value)
33442,103,2,26.38,Average Regulars
41270,1682,1,26.38,At Risk (High Value)
50305,349,1,26.36,Average Regulars
25727,1861,1,26.36,Average Regulars
75432,1442,1,26.3,Lost
79059,650,1,26.29,Average Regulars
82249,3,1,26.19,New Customers
18351,1172,1,26.17,At Risk (High Value)
2783,139,1,26.17,New Customers
42439,209,1,26.17,Average Regulars
88797,316,1,26.17,Average Regulars
46726,158,1,26.17,Average Regulars
17876,1351,1,26.17,At Risk (High Value)
80646,1143,1,26.15,Average Regulars
60181,869,1,26.15,Lost
70239,348,1,26.15,Average Regulars
83380,210,1,26.14,New Customers
41455,40,1,26.14,Average Regulars
97384,28,1,26.11,Average Regulars
37582,13,2,26.09,Average Regulars
79486,1467,1,26.08,Average Regulars
51011,48,1,26.06,New Customers
52329,1096,1,26.05,Average Regulars
73597,88,1,26.04,Average Regulars
42622,1635,1,26.02,At Risk (High Value)
42281,1795,1,26.0,Average Regulars
59869,83,1,26.0,Average Regulars
36815,1264,1,26.0,At Risk (High Value)
65834,1055,1,26.0,At Risk (High Value)
35839,93,1,26.0,Average Regulars
37613,182,1,26.0,New Customers
85495,523,1,26.0,Average Regulars
66406,147,1,26.0,New Customers
42844,226,2,26.0,Average Regulars
66031,1530,1,26.0,Average Regulars
15586,1251,1,26.0,At Risk (High Value)
82447,389,1,26.0,Average Regulars
88074,425,1,26.0,Average Regulars
5607,1523,1,26.0,Average Regulars
72907,244,1,26.0,Average Regulars
94405,65,1,26.0,New Customers
28306,776,1,26.0,Lost
61791,200,1,26.0,New Customers
68356,463,1,26.0,Average Regulars
15066,2139,1,26.0,Average Regulars
72632,779,1,26.0,Lost
78493,12,1,26.0,New Customers
63783,58,1,26.0,Average Regulars
91426,6,1,26.0,New Customers
31008,360,1,26.0,Average Regulars
54562,679,1,26.0,At Risk (High Value)
43081,2476,1,26.0,At Risk (High Value)
12891,354,1,26.0,Average Regulars
56255,1384,1,26.0,Lost
7778,250,1,26.0,Average Regulars
18805,1540,1,26.0,At Risk (High Value)
630,8,1,26.0,Average Regulars
5301,409,1,26.0,Average Regulars
10754,243,1,26.0,Average Regulars
73639,164,1,26.0,Average Regulars
85432,4,1,26.0,New Customers
27045,869,1,26.0,Lost
83075,57,1,26.0,Average Regulars
91729,570,1,26.0,Average Regulars
69468,49,1,26.0,New Customers
3383,465,1,26.0,Average Regulars
61676,305,1,26.0,New Customers
72743,791,1,26.0,At Risk (High Value)
52769,606,1,26.0,Average Regulars
58704,1149,1,26.0,At Risk (High Value)
10995,978,1,26.0,Lost
67236,17,1,26.0,Average Regulars
23282,106,1,26.0,Average Regulars
16652,1139,1,26.0,Lost
73568,1588,1,26.0,At Risk (High Value)
1786,374,1,26.0,Average Regulars
13496,1928,1,26.0,At Risk (High Value)
3313,124,1,26.0,Average Regulars
58335,763,1,26.0,Lost
22717,48,1,26.0,New Customers
88621,552,1,26.0,Average Regulars
29908,142,1,26.0,New Customers
3998,406,1,26.0,Average Regulars
34153,675,1,26.0,At Risk (High Value)
82915,525,1,26.0,Average Regulars
41861,110,1,26.0,Average Regulars
38947,766,1,26.0,Lost
45365,409,1,26.0,Average Regulars
93279,829,1,26.0,Lost
77107,4,1,26.0,New Customers
95531,803,1,26.0,At Risk (High Value)
15299,839,1,26.0,Lost
45800,130,1,26.0,Average Regulars
78876,329,1,25.99,Average Regulars
20618,979,1,25.99,Average Regulars
33865,457,1,25.99,Average Regulars
57578,726,1,25.99,Lost
30679,2176,1,25.99,Lost
34078,363,1,25.99,Average Regulars
61450,131,1,25.99,Average Regulars
89998,15,1,25.99,New Customers
90343,4,1,25.99,Average Regulars
22899,1236,1,25.99,Lost
23511,1383,1,25.99,Lost
89577,186,1,25.99,Average Regulars
72434,11,1,25.99,New Customers
57858,1483,1,25.99,At Risk (High Value)
92591,350,1,25.99,Average Regulars
60632,152,1,25.99,New Customers
25273,1070,1,25.99,At Risk (High Value)
84832,522,1,25.99,Average Regulars
6961,1398,1,25.99,Lost
82450,90,1,25.99,Average Regulars
70628,1828,1,25.99,At Risk (High Value)
27601,722,1,25.99,Lost
21152,116,1,25.99,New Customers
53072,1088,1,25.99,Average Regulars
67985,905,1,25.99,Average Regulars
4177,10,1,25.99,Average Regulars
36394,796,1,25.99,Lost
33729,393,1,25.99,Average Regulars
71949,329,1,25.99,Average Regulars
29398,20,1,25.99,Average Regulars
83332,6,2,25.99,Average Regulars
22314,64,1,25.99,Average Regulars
69025,59,1,25.98,Average Regulars
93311,15,1,25.96,Average Regulars
39729,134,1,25.96,Average Regulars
90327,1011,1,25.96,Lost
81521,274,1,25.95,New Customers
40734,552,1,25.95,Average Regulars
98320,1188,1,25.95,At Risk (High Value)
29713,382,1,25.95,Average Regulars
39168,15,1,25.95,New Customers
47547,777,1,25.95,At Risk (High Value)
78565,58,1,25.95,New Customers
99691,2274,1,25.95,Lost
66686,93,1,25.95,Average Regulars
73015,402,1,25.94,Average Regulars
58023,857,1,25.9,Lost
28254,1646,1,25.9,Lost
31537,1955,1,25.9,Lost
22163,782,1,25.89,Lost
92460,282,1,25.75,New Customers
25002,499,1,25.74,Average Regulars
21377,1108,1,25.7,Average Regulars
4279,1312,1,25.7,Lost
15957,92,1,25.69,Average Regulars
92966,835,1,25.61,At Risk (High Value)
94361,1531,1,25.6,Average Regulars
75882,1983,1,25.6,Lost
52855,474,1,25.6,Average Regulars
59599,14,1,25.59,New Customers
79568,936,1,25.57,Average Regulars
88114,1316,1,25.57,At Risk (High Value)
20375,726,1,25.53,At Risk (High Value)
22250,351,1,25.5,Average Regulars
40306,1489,1,25.5,At Risk (High Value)
17163,1049,1,25.5,Lost
91121,40,1,25.5,Average Regulars
32767,256,1,25.5,Average Regulars
11936,1753,1,25.5,Lost
33170,8,1,25.5,New Customers
13266,1223,1,25.5,Lost
81252,1125,1,25.5,Lost
37624,1131,1,25.5,Lost
59776,149,1,25.5,Average Regulars
42676,515,1,25.5,Average Regulars
62514,378,1,25.5,Average Regulars
14271,4,1,25.5,Average Regulars
6141,1826,1,25.5,Lost
99098,987,1,25.49,Lost
24800,1136,1,25.49,At Risk (High Value)
36014,1600,2,25.48,At Risk (High Value)
68959,833,1,25.48,At Risk (High Value)
44446,116,1,25.48,New Customers
61046,174,1,25.48,Average Regulars
93907,331,1,25.48,Average Regulars
41528,147,1,25.47,Average Regulars
77099,444,1,25.45,Average Regulars
83456,163,1,25.44,Average Regulars
16445,1077,1,25.44,Lost
43171,64,2,25.44,Average Regulars
74070,764,1,25.44,At Risk (High Value)
53431,1135,1,25.44,Lost
9928,459,1,25.44,Average Regulars
56262,1691,1,25.41,At Risk (High Value)
1109,338,1,25.41,Average Regulars
58700,494,2,25.4,Average Regulars
733,711,1,25.4,At Risk (High Value)
68907,1129,1,25.39,At Risk (High Value)
36127,473,1,25.38,Average Regulars
68159,882,1,25.33,Average Regulars
81634,1346,1,25.29,At Risk (High Value)
73142,5,1,25.28,New Customers
71185,662,1,25.28,At Risk (High Value)
15794,1012,1,25.25,Lost
90362,473,1,25.2,Average Regulars
26394,2129,1,25.2,Lost
65966,134,1,25.2,Average Regulars
14092,1062,1,25.2,At Risk (High Value)
32652,1108,1,25.2,Average Regulars
34962,819,1,25.19,At Risk (High Value)
84808,79,1,25.19,Average Regulars
44277,1027,1,25.19,Lost
45022,188,1,25.19,New Customers
77788,1101,1,25.11,Average Regulars
74827,1036,1,25.09,At Risk (High Value)
45569,2099,1,25.09,At Risk (High Value)
36087,30,1,25.08,New Customers
2302,892,1,25.08,Lost
29229,328,1,25.06,Average Regulars
26729,61,1,25.0,New Customers
87896,446,1,25.0,Average Regulars
4742,1431,1,25.0,Average Regulars
79794,137,1,25.0,New Customers
7626,106,1,25.0,New Customers
11016,1122,1,25.0,At Risk (High Value)
23895,530,1,25.0,Average Regulars
6479,1924,1,25.0,Lost
21277,193,1,25.0,Average Regulars
61874,63,1,25.0,Average Regulars
65634,462,1,25.0,Average Regulars
84581,585,1,25.0,Average Regulars
20946,1786,1,25.0,Average Regulars
30864,1423,1,25.0,Lost
273,208,1,25.0,Average Regulars
32565,510,1,25.0,Average Regulars
92577,1628,1,25.0,Lost
1696,734,1,25.0,Lost
19052,971,1,25.0,Average Regulars
22801,135,1,25.0,New Customers
35027,186,1,25.0,New Customers
77220,2287,1,25.0,Average Regulars
13766,1006,1,25.0,Lost
65497,912,1,25.0,Lost
90781,425,1,25.0,Average Regulars
46538,1191,1,25.0,Lost
80521,126,1,25.0,New Customers
3995,209,1,25.0,Average Regulars
23575,1456,1,25.0,Lost
68177,418,1,25.0,Average Regulars
80038,1011,1,25.0,Average Regulars
31469,2420,1,25.0,Average Regulars
87396,452,1,25.0,Average Regulars
4702,655,1,25.0,Lost
8660,55,1,25.0,Average Regulars
75638,499,1,25.0,Average Regulars
61499,689,1,25.0,At Risk (High Value)
93179,837,1,25.0,At Risk (High Value)
13867,726,1,25.0,Lost
65835,292,1,25.0,New Customers
88336,461,1,25.0,Average Regulars
27102,464,1,25.0,Average Regulars
33775,856,1,25.0,Lost
57441,134,1,25.0,New Customers
29764,414,1,25.0,Average Regulars
78413,1545,1,25.0,At Risk (High Value)
85624,193,1,25.0,New Customers
86241,678,1,25.0,Lost
37118,1062,1,25.0,Lost
10677,1198,1,25.0,At Risk (High Value)
35736,211,1,25.0,Average Regulars
1140,412,1,25.0,Average Regulars
70152,197,1,25.0,New Customers
10157,510,1,25.0,Average Regulars
65494,268,1,25.0,New Customers
26737,110,1,25.0,New Customers
87977,410,1,25.0,Average Regulars
7627,1580,1,25.0,Lost
80640,433,1,25.0,Average Regulars
4985,979,1,25.0,Average Regulars
60766,1793,1,25.0,Lost
42254,1642,1,25.0,Lost
15458,212,1,25.0,Average Regulars
93410,1199,1,25.0,At Risk (High Value)
51020,66,1,25.0,Average Regulars
50216,1950,1,25.0,Lost
61186,475,1,25.0,Average Regulars
58603,2361,1,25.0,Lost
51057,1437,1,25.0,Lost
3617,6,1,25.0,Average Regulars
79021,131,1,25.0,New Customers
17722,1238,1,25.0,Lost
59662,560,1,25.0,Average Regulars
25943,408,1,25.0,Average Regulars
3064,1288,1,25.0,Lost
43348,1654,1,25.0,At Risk (High Value)
36377,407,1,25.0,Average Regulars
56187,756,1,25.0,At Risk (High Value)
35203,156,1,25.0,New Customers
89197,203,1,25.0,New Customers
49051,184,1,25.0,New Customers
75879,191,1,25.0,Average Regulars
27012,1915,1,25.0,Lost
84221,777,1,25.0,Lost
24983,204,1,25.0,New Customers
7974,1019,1,25.0,Average Regulars
47153,191,1,25.0,Average Regulars
89924,590,1,25.0,Average Regulars
73528,739,1,25.0,At Risk (High Value)
37901,554,1,25.0,Average Regulars
51810,753,1,25.0,Lost
52585,475,1,25.0,Average Regulars
94423,161,1,25.0,Average Regulars
75068,854,1,25.0,Lost
93865,956,1,25.0,Average Regulars
96604,1007,1,25.0,Lost
45101,101,1,25.0,Average Regulars
60342,1655,1,25.0,At Risk (High Value)
72670,67,1,25.0,Average Regulars
92763,216,1,25.0,Average Regulars
19647,1019,1,25.0,Average Regulars
56320,487,1,25.0,Average Regulars
78988,955,1,25.0,Average Regulars
96980,1264,1,25.0,Lost
66378,759,1,25.0,Lost
92050,1193,1,25.0,Lost
10158,1954,1,25.0,Lost
24665,210,1,25.0,New Customers
80433,1899,1,25.0,At Risk (High Value)
4358,987,1,25.0,Lost
76319,1249,1,25.0,At Risk (High Value)
49466,1547,1,25.0,At Risk (High Value)
44637,179,1,25.0,New Customers
98279,951,1,25.0,Average Regulars
70312,765,1,25.0,Lost
31874,4,1,25.0,New Customers
57424,1594,1,25.0,Lost
70703,472,1,25.0,Average Regulars
1947,2058,1,25.0,Average Regulars
69317,126,1,25.0,New Customers
15411,130,1,25.0,Average Regulars
66982,1548,1,25.0,At Risk (High Value)
71982,218,1,25.0,New Customers
6320,29,1,25.0,New Customers
90064,190,1,25.0,Average Regulars
74834,740,1,25.0,Lost
37391,62,1,25.0,Average Regulars
87839,192,1,25.0,New Customers
80023,691,1,25.0,At Risk (High Value)
27866,1417,1,25.0,Average Regulars
11618,187,1,25.0,New Customers
76230,1009,1,25.0,Lost
10117,1767,1,25.0,Lost
1689,1097,1,25.0,Average Regulars
7544,738,1,25.0,At Risk (High Value)
64664,62,1,25.0,Average Regulars
84017,697,1,25.0,Lost
51509,22,1,25.0,Average Regulars
32742,195,1,25.0,New Customers
44592,125,1,25.0,New Customers
21501,52,1,25.0,Average Regulars
53484,1642,1,25.0,Lost
41415,2474,1,25.0,At Risk (High Value)
73745,1618,1,25.0,Lost
32555,1129,1,25.0,At Risk (High Value)
93995,770,1,25.0,Lost
60863,157,1,25.0,New Customers
97023,1194,1,25.0,At Risk (High Value)
72268,564,1,25.0,Average Regulars
71051,221,1,25.0,New Customers
7850,71,1,25.0,Average Regulars
50211,947,1,25.0,Average Regulars
93345,195,1,25.0,New Customers
63493,1275,1,25.0,Lost
28728,1635,1,25.0,At Risk (High Value)
25587,194,1,25.0,New Customers
21653,27,1,25.0,Average Regulars
50734,1331,1,25.0,At Risk (High Value)
53112,852,1,25.0,Lost
6676,945,1,25.0,Average Regulars
7098,1769,1,25.0,Average Regulars
22307,71,1,25.0,Average Regulars
83950,2326,1,25.0,At Risk (High Value)
42809,392,1,25.0,Average Regulars
22683,226,1,25.0,New Customers
48817,1096,1,25.0,Average Regulars
7405,286,1,25.0,Average Regulars
40849,287,1,25.0,Average Regulars
35634,188,1,25.0,Average Regulars
9174,390,1,25.0,Average Regulars
1341,102,1,25.0,Average Regulars
25415,7,1,25.0,New Customers
87779,1844,1,25.0,At Risk (High Value)
42437,26,1,25.0,Average Regulars
27733,477,1,25.0,Average Regulars
15656,188,1,25.0,Average Regulars
11003,974,1,25.0,Lost
83601,1048,1,25.0,Lost
47553,499,1,25.0,Average Regulars
38148,72,1,25.0,Average Regulars
68768,1210,1,25.0,At Risk (High Value)
64095,128,1,25.0,Average Regulars
76476,1457,1,25.0,Lost
16373,387,1,25.0,Average Regulars
29272,1551,1,25.0,At Risk (High Value)
22762,110,1,25.0,New Customers
27940,499,1,25.0,Average Regulars
14316,645,1,25.0,Average Regulars
22281,100,1,25.0,Average Regulars
2585,2140,1,25.0,At Risk (High Value)
65649,608,1,25.0,Average Regulars
26509,724,1,25.0,Lost
9939,1286,1,25.0,Lost
30349,749,1,25.0,Lost
86023,40,1,25.0,Average Regulars
16568,2369,1,25.0,Lost
49921,6,1,25.0,New Customers
33419,4,1,25.0,Average Regulars
41995,4,1,25.0,Average Regulars
38900,459,1,25.0,Average Regulars
42409,635,1,25.0,Average Regulars
46259,970,1,25.0,Lost
35682,2413,1,25.0,Average Regulars
87627,1791,1,25.0,Average Regulars
11149,1435,1,25.0,Average Regulars
14088,26,1,25.0,Average Regulars
92120,1334,1,25.0,At Risk (High Value)
7393,1013,1,25.0,Lost
6140,531,1,25.0,Average Regulars
75863,982,1,25.0,Average Regulars
28091,117,1,25.0,New Customers
8014,549,1,25.0,Average Regulars
73438,240,1,25.0,New Customers
46741,133,1,25.0,New Customers
95504,1554,1,25.0,Lost
9157,2290,1,25.0,Average Regulars
7111,2278,1,25.0,Lost
87765,142,1,25.0,Average Regulars
26794,2076,1,25.0,Lost
13465,2049,1,25.0,Average Regulars
86136,598,1,25.0,Average Regulars
2268,115,1,25.0,New Customers
9304,528,1,25.0,Average Regulars
71711,13,1,25.0,New Customers
12186,1437,1,25.0,Average Regulars
28643,377,1,25.0,Average Regulars
85392,1129,1,25.0,Lost
4965,69,1,25.0,New Customers
28287,1191,1,25.0,At Risk (High Value)
44249,100,1,25.0,Average Regulars
81967,687,1,25.0,Lost
83609,596,1,25.0,Average Regulars
2610,1943,1,25.0,At Risk (High Value)
44860,1245,1,25.0,At Risk (High Value)
21344,1296,1,25.0,Lost
31708,71,1,25.0,New Customers
25409,225,1,25.0,Average Regulars
5854,595,1,25.0,Average Regulars
53826,226,1,25.0,Average Regulars
31063,171,1,25.0,New Customers
83138,412,1,25.0,Average Regulars
37273,134,1,25.0,New Customers
78840,778,1,25.0,At Risk (High Value)
54170,1298,1,25.0,Lost
48316,1526,1,25.0,Average Regulars
25774,1116,1,25.0,Lost
72040,2312,1,25.0,At Risk (High Value)
84253,1264,1,25.0,Lost
66381,1035,1,25.0,Average Regulars
65544,24,1,25.0,Average Regulars
26745,54,1,25.0,Average Regulars
44902,588,1,25.0,Average Regulars
87994,672,1,25.0,Lost
50706,320,1,25.0,New Customers
27098,1399,1,25.0,Average Regulars
33318,1821,1,25.0,At Risk (High Value)
24475,19,1,25.0,New Customers
41142,5,1,25.0,Average Regulars
10751,257,1,25.0,New Customers
31079,1957,1,25.0,Lost
477,76,1,25.0,Average Regulars
86067,269,1,25.0,Average Regulars
2711,583,1,25.0,Average Regulars
43535,25,1,25.0,Average Regulars
76174,506,1,25.0,Average Regulars
59852,368,1,25.0,Average Regulars
75709,5,1,25.0,Average Regulars
65618,604,1,25.0,Average Regulars
88694,166,1,25.0,New Customers
96587,1966,1,25.0,At Risk (High Value)
84992,633,1,25.0,Average Regulars
63106,24,1,25.0,Average Regulars
48559,646,1,25.0,Average Regulars
12827,1281,1,25.0,At Risk (High Value)
44796,77,1,25.0,Average Regulars
39811,30,1,25.0,New Customers
88898,229,1,25.0,Average Regulars
9770,718,1,25.0,Lost
23483,142,1,25.0,Average Regulars
65412,1817,1,25.0,Lost
54073,1706,1,25.0,At Risk (High Value)
72025,293,1,25.0,Average Regulars
15255,645,1,25.0,Average Regulars
58255,1092,1,25.0,Average Regulars
74618,644,1,25.0,Average Regulars
75504,819,1,25.0,Lost
89484,2112,1,25.0,At Risk (High Value)
98723,1847,1,25.0,Lost
66222,4,1,25.0,Average Regulars
2664,365,1,25.0,Average Regulars
87418,182,1,25.0,Average Regulars
257,170,1,25.0,New Customers
11170,442,1,25.0,Average Regulars
51696,1242,1,25.0,At Risk (High Value)
82046,23,1,25.0,New Customers
92048,1436,1,25.0,Lost
14887,575,1,25.0,Average Regulars
2442,364,1,25.0,Average Regulars
17878,823,1,25.0,At Risk (High Value)
8688,363,1,25.0,Average Regulars
50628,5,1,25.0,New Customers
16527,713,1,25.0,At Risk (High Value)
37721,231,1,25.0,Average Regulars
20078,18,1,25.0,New Customers
52370,1821,1,25.0,Lost
15766,550,1,25.0,Average Regulars
63554,495,1,25.0,Average Regulars
21861,433,1,25.0,Average Regulars
21910,78,1,25.0,Average Regulars
89354,181,1,25.0,Average Regulars
36081,972,1,25.0,Lost
96205,1667,1,25.0,At Risk (High Value)
83264,989,1,25.0,Lost
88221,509,1,25.0,Average Regulars
2843,1111,1,25.0,Lost
98363,361,1,25.0,Average Regulars
12481,1110,1,25.0,Lost
93119,828,1,25.0,Lost
66718,637,1,25.0,Average Regulars
38355,282,1,25.0,Average Regulars
85550,57,1,25.0,Average Regulars
29674,771,1,25.0,Lost
30477,233,1,25.0,Average Regulars
23759,298,1,25.0,Average Regulars
66028,6,1,25.0,Average Regulars
96318,1503,1,25.0,At Risk (High Value)
17149,502,1,25.0,Average Regulars
28395,11,1,25.0,New Customers
25971,105,1,25.0,Average Regulars
5623,6,1,25.0,Average Regulars
24214,635,1,25.0,Average Regulars
61779,46,1,25.0,Average Regulars
96094,439,1,25.0,Average Regulars
17325,836,1,25.0,At Risk (High Value)
76682,1227,1,25.0,At Risk (High Value)
1844,1005,1,25.0,Lost
59041,267,1,25.0,Average Regulars
11317,17,1,25.0,Average Regulars
86420,99,1,25.0,Average Regulars
67296,500,1,25.0,Average Regulars
5504,1697,1,25.0,Lost
33394,109,1,25.0,Average Regulars
7392,79,1,25.0,Average Regulars
27646,1139,1,25.0,At Risk (High Value)
50010,728,1,25.0,At Risk (High Value)
62351,2069,1,25.0,Average Regulars
89979,180,1,25.0,Average Regulars
54637,460,1,25.0,Average Regulars
37749,685,1,25.0,Lost
17031,235,1,25.0,Average Regulars
79806,1749,1,25.0,Average Regulars
94313,2373,1,25.0,At Risk (High Value)
6937,2234,1,25.0,Lost
8623,1386,1,25.0,Average Regulars
55930,98,1,25.0,Average Regulars
93559,1001,1,25.0,Lost
50624,837,1,25.0,Lost
35406,2005,1,25.0,At Risk (High Value)
36024,1114,1,25.0,At Risk (High Value)
8019,1224,1,25.0,Lost
22976,569,1,25.0,Average Regulars
22684,6,1,25.0,Average Regulars
91253,97,1,25.0,Average Regulars
13981,2152,1,25.0,At Risk (High Value)
48852,24,1,25.0,Average Regulars
47269,1029,1,25.0,Lost
16687,1100,1,25.0,Lost
35535,710,1,25.0,Lost
59562,265,1,25.0,Average Regulars
67508,476,1,25.0,Average Regulars
62327,8,1,25.0,Average Regulars
12399,1911,1,25.0,At Risk (High Value)
40394,570,1,25.0,Average Regulars
5120,529,1,25.0,Average Regulars
91244,39,1,25.0,New Customers
42874,163,1,25.0,New Customers
51138,40,1,25.0,New Customers
84721,9,1,25.0,Average Regulars
76383,80,1,25.0,Average Regulars
67254,609,1,25.0,Average Regulars
85194,554,1,25.0,Average Regulars
48395,1334,1,25.0,Lost
75822,1457,1,25.0,Lost
99595,458,1,25.0,Average Regulars
55898,1076,1,25.0,Lost
64445,989,1,25.0,Average Regulars
51928,1481,1,25.0,At Risk (High Value)
61677,39,1,25.0,New Customers
73404,265,1,25.0,Average Regulars
34567,178,1,25.0,Average Regulars
51431,1220,1,25.0,At Risk (High Value)
97900,2373,1,25.0,Lost
70744,60,1,25.0,Average Regulars
19829,237,1,25.0,Average Regulars
25698,1288,1,25.0,At Risk (High Value)
92612,39,1,25.0,New Customers
48000,520,1,25.0,Average Regulars
1143,120,1,25.0,Average Regulars
63259,442,1,25.0,Average Regulars
83628,580,1,25.0,Average Regulars
17039,233,1,25.0,New Customers
67137,2426,1,25.0,Lost
39061,453,1,25.0,Average Regulars
58580,1092,1,25.0,Lost
34811,785,1,25.0,Lost
6070,561,1,25.0,Average Regulars
29010,177,1,25.0,Average Regulars
2219,904,1,25.0,Average Regulars
99952,1540,1,25.0,Average Regulars
26239,857,1,25.0,At Risk (High Value)
66932,167,1,25.0,Average Regulars
60912,80,1,25.0,New Customers
77663,349,1,25.0,Average Regulars
82378,239,1,25.0,Average Regulars
59339,264,1,25.0,Average Regulars
50484,239,1,25.0,Average Regulars
84127,903,1,25.0,Average Regulars
26460,298,1,25.0,New Customers
96335,60,1,25.0,Average Regulars
55,436,1,25.0,Average Regulars
25886,508,1,25.0,Average Regulars
76866,298,1,25.0,New Customers
3559,110,1,25.0,Average Regulars
38669,612,1,25.0,Average Regulars
1412,459,1,25.0,Average Regulars
77615,902,1,25.0,Average Regulars
44259,346,1,25.0,Average Regulars
24399,1055,1,25.0,Average Regulars
39788,11,1,25.0,Average Regulars
6632,345,1,25.0,Average Regulars
31325,900,1,25.0,Average Regulars
80185,138,1,25.0,Average Regulars
89264,1214,1,25.0,At Risk (High Value)
20859,1518,1,25.0,Average Regulars
34292,240,1,25.0,Average Regulars
24821,384,1,25.0,Average Regulars
57417,1345,1,25.0,Lost
9708,153,1,25.0,Average Regulars
915,88,1,25.0,Average Regulars
70276,137,1,25.0,New Customers
60347,1311,1,25.0,At Risk (High Value)
39934,1065,1,25.0,At Risk (High Value)
52526,353,1,25.0,Average Regulars
49643,1183,1,25.0,At Risk (High Value)
78497,475,1,25.0,Average Regulars
28331,858,1,25.0,Lost
96863,908,1,25.0,Lost
30180,83,1,25.0,Average Regulars
80832,1377,1,25.0,Average Regulars
68958,175,1,25.0,Average Regulars
82939,30,1,25.0,New Customers
64261,1746,1,25.0,Lost
1797,408,1,25.0,Average Regulars
12076,4,1,25.0,New Customers
57814,540,1,25.0,Average Regulars
44767,84,1,25.0,Average Regulars
19310,2331,1,25.0,At Risk (High Value)
66367,84,1,25.0,Average Regulars
67163,307,1,25.0,New Customers
38502,342,1,25.0,Average Regulars
5609,307,1,25.0,New Customers
84308,1183,1,25.0,At Risk (High Value)
47957,1739,1,25.0,Average Regulars
84307,24,1,25.0,Average Regulars
70918,249,1,25.0,New Customers
89654,154,1,25.0,Average Regulars
88469,1587,1,25.0,At Risk (High Value)
77000,1293,1,25.0,At Risk (High Value)
31029,280,1,25.0,Average Regulars
67299,85,1,25.0,Average Regulars
57878,84,1,25.0,Average Regulars
58877,396,1,25.0,Average Regulars
70882,62,1,25.0,Average Regulars
11449,542,1,25.0,Average Regulars
49475,1490,1,25.0,At Risk (High Value)
89005,175,1,25.0,Average Regulars
99452,691,1,25.0,Lost
60386,340,1,25.0,Average Regulars
23520,484,1,25.0,Average Regulars
88199,32,1,25.0,Average Regulars
99249,2274,1,25.0,Lost
74873,59,1,25.0,Average Regulars
31055,340,1,25.0,Average Regulars
93103,201,1,25.0,Average Regulars
87339,85,1,25.0,Average Regulars
35099,657,1,25.0,At Risk (High Value)
66762,377,1,25.0,Average Regulars
97350,1507,1,25.0,Lost
7476,145,1,25.0,New Customers
13608,445,1,25.0,Average Regulars
45484,1508,1,25.0,Lost
53964,1404,1,25.0,Lost
62017,245,1,25.0,Average Regulars
43808,1484,1,25.0,Lost
77530,1295,1,25.0,At Risk (High Value)
20020,770,1,25.0,Lost
46168,576,1,25.0,Average Regulars
11048,85,1,25.0,Average Regulars
5506,872,1,25.0,Lost
39091,1561,1,25.0,Average Regulars
44698,1157,1,25.0,At Risk (High Value)
28493,893,1,25.0,Average Regulars
83829,1990,1,25.0,Lost
27223,4,1,25.0,Average Regulars
31654,656,1,25.0,At Risk (High Value)
39378,484,1,25.0,Average Regulars
40540,317,1,25.0,New Customers
43611,18,1,25.0,Average Regulars
30063,201,1,25.0,Average Regulars
79237,722,1,25.0,At Risk (High Value)
9954,891,1,25.0,Average Regulars
18692,246,1,25.0,Average Regulars
9530,1083,1,25.0,Average Regulars
31060,33,1,25.0,New Customers
51205,111,1,25.0,Average Regulars
81614,616,1,25.0,Average Regulars
76340,307,1,25.0,Average Regulars
77337,333,1,25.0,Average Regulars
39884,591,1,25.0,Average Regulars
66623,17,1,25.0,Average Regulars
88197,1502,1,25.0,Lost
86350,332,1,25.0,Average Regulars
94424,899,1,25.0,Lost
9090,357,1,25.0,Average Regulars
38556,269,1,25.0,New Customers
85620,1822,1,25.0,Lost
86261,253,1,25.0,New Customers
57041,1065,1,25.0,Lost
47951,249,1,25.0,Average Regulars
96240,626,1,25.0,Average Regulars
71171,330,1,25.0,Average Regulars
92605,1509,1,25.0,Lost
95626,2771,1,25.0,Lost
24340,1350,1,25.0,At Risk (High Value)
25010,79,1,25.0,Average Regulars
14131,7,1,25.0,Average Regulars
15703,1299,1,25.0,At Risk (High Value)
88718,16,1,25.0,New Customers
57666,19,1,25.0,Average Regulars
86803,441,1,25.0,Average Regulars
97658,544,1,25.0,Average Regulars
51187,73,1,25.0,New Customers
93306,159,1,25.0,New Customers
95465,227,1,25.0,New Customers
70742,827,1,25.0,Lost
57879,172,1,25.0,Average Regulars
66757,59,1,25.0,Average Regulars
94777,346,1,25.0,Average Regulars
92953,45,1,25.0,Average Regulars
39109,147,1,25.0,New Customers
83668,327,1,25.0,Average Regulars
17835,64,1,25.0,Average Regulars
15969,257,1,25.0,New Customers
55398,2644,1,25.0,Average Regulars
88725,21,1,25.0,Average Regulars
52303,475,1,25.0,Average Regulars
70222,76,1,25.0,Average Regulars
17320,1151,1,25.0,At Risk (High Value)
60677,892,1,25.0,Lost
8408,32,1,25.0,Average Regulars
5348,1371,1,25.0,Lost
64021,1362,1,25.0,At Risk (High Value)
63683,431,1,25.0,Average Regulars
14075,562,1,25.0,Average Regulars
93538,1155,1,25.0,At Risk (High Value)
90083,1372,1,25.0,Lost
90807,894,1,25.0,Lost
13907,1506,1,25.0,Average Regulars
3870,308,1,25.0,Average Regulars
77051,114,1,25.0,Average Regulars
33096,12,1,25.0,New Customers
44152,157,1,25.0,Average Regulars
56109,1521,1,25.0,Lost
94683,505,1,25.0,Average Regulars
12478,2029,1,25.0,Lost
22428,29,1,25.0,New Customers
52468,90,1,25.0,Average Regulars
58517,1073,1,25.0,Average Regulars
67360,877,1,25.0,Lost
88781,157,1,25.0,New Customers
54215,1446,1,25.0,Average Regulars
78882,1741,1,25.0,Lost
95563,321,1,25.0,Average Regulars
41374,316,1,25.0,New Customers
83106,316,1,25.0,New Customers
3787,878,1,25.0,At Risk (High Value)
98352,1827,1,25.0,At Risk (High Value)
71890,10,1,25.0,New Customers
88581,877,1,25.0,At Risk (High Value)
28151,623,1,25.0,Average Regulars
31338,349,1,25.0,Average Regulars
98271,875,1,25.0,At Risk (High Value)
20238,318,1,25.0,Average Regulars
78828,276,1,25.0,New Customers
77848,702,1,25.0,Lost
97888,830,1,25.0,Lost
76446,9,1,25.0,New Customers
92861,443,1,25.0,Average Regulars
91546,443,1,25.0,Average Regulars
55387,140,1,25.0,Average Regulars
56935,59,1,25.0,Average Regulars
35311,596,1,25.0,Average Regulars
86971,531,1,25.0,Average Regulars
83342,1925,1,25.0,Lost
89530,255,1,25.0,Average Regulars
75583,31,1,25.0,Average Regulars
66688,199,1,25.0,Average Regulars
55522,44,1,25.0,Average Regulars
35966,1028,1,25.0,Lost
76533,317,1,25.0,Average Regulars
23077,113,1,25.0,Average Regulars
49114,501,1,25.0,Average Regulars
72780,37,1,25.0,New Customers
58273,1803,1,25.0,Average Regulars
63347,70,1,25.0,Average Regulars
45257,1116,1,25.0,At Risk (High Value)
99877,1029,1,25.0,Lost
79634,1092,1,25.0,Lost
66317,5,1,25.0,New Customers
68902,1229,1,25.0,At Risk (High Value)
40033,356,1,25.0,Average Regulars
14110,314,1,25.0,Average Regulars
20577,313,1,25.0,Average Regulars
94284,869,1,25.0,At Risk (High Value)
84509,2005,1,25.0,Lost
11296,1567,1,25.0,At Risk (High Value)
81803,1387,1,25.0,Lost
32957,2462,1,25.0,Lost
90345,813,1,25.0,At Risk (High Value)
30877,1154,1,25.0,At Risk (High Value)
73532,311,1,25.0,Average Regulars
44680,1879,1,25.0,Average Regulars
25042,368,1,25.0,Average Regulars
89153,30,1,25.0,Average Regulars
70608,68,1,25.0,Average Regulars
2376,1330,1,25.0,Lost
31620,534,1,25.0,Average Regulars
74748,1392,1,25.0,Lost
20768,1154,1,25.0,At Risk (High Value)
90139,286,1,25.0,New Customers
91959,1229,1,25.0,At Risk (High Value)
23329,58,1,25.0,Average Regulars
45899,633,1,25.0,Average Regulars
62810,1125,1,25.0,Average Regulars
72915,365,1,25.0,Average Regulars
88569,5,1,25.0,Average Regulars
63584,1980,1,25.0,At Risk (High Value)
41821,922,1,25.0,Lost
55039,829,1,25.0,Lost
83112,1755,1,25.0,Lost
14553,7,1,25.0,Average Regulars
49804,67,1,25.0,Average Regulars
91899,18,1,25.0,Average Regulars
69710,446,1,25.0,Average Regulars
67519,587,1,25.0,Average Regulars
10417,1187,1,25.0,Lost
59886,705,1,25.0,At Risk (High Value)
12011,626,1,25.0,Average Regulars
55051,29,1,25.0,Average Regulars
64681,461,1,25.0,Average Regulars
10216,548,1,25.0,Average Regulars
10858,371,1,24.99,Average Regulars
18589,31,1,24.99,Average Regulars
44596,22,1,24.99,New Customers
83143,508,1,24.99,Average Regulars
67032,91,1,24.99,Average Regulars
53804,1354,1,24.99,At Risk (High Value)
68509,92,1,24.99,New Customers
8816,1452,1,24.99,Average Regulars
81486,491,1,24.99,Average Regulars
31859,50,1,24.99,New Customers
80302,880,1,24.99,At Risk (High Value)
9169,146,1,24.99,New Customers
50714,601,1,24.99,Average Regulars
12518,601,1,24.99,Average Regulars
96826,371,1,24.99,Average Regulars
57132,55,1,24.99,New Customers
49969,331,1,24.99,Average Regulars
53397,1204,1,24.99,Lost
5197,435,1,24.99,Average Regulars
89181,4,1,24.99,New Customers
59512,307,1,24.99,New Customers
68241,711,1,24.99,Lost
78116,321,1,24.99,New Customers
51662,320,1,24.99,New Customers
30526,318,1,24.99,New Customers
72101,702,1,24.99,Lost
74861,1215,1,24.99,Lost
33378,862,1,24.99,At Risk (High Value)
47899,61,1,24.99,Average Regulars
21073,63,1,24.99,Average Regulars
63442,10,1,24.99,New Customers
93703,1680,1,24.99,Lost
55391,1784,1,24.99,Lost
53947,583,1,24.99,Average Regulars
3754,1918,1,24.99,Lost
14787,687,1,24.99,At Risk (High Value)
85899,45,1,24.99,Average Regulars
30991,1182,1,24.99,At Risk (High Value)
86575,812,1,24.99,Lost
63712,62,1,24.99,Average Regulars
61885,450,1,24.99,Average Regulars
41765,323,1,24.99,New Customers
16611,1237,1,24.99,Lost
46273,1068,1,24.99,Average Regulars
42300,1237,1,24.99,At Risk (High Value)
816,245,1,24.99,New Customers
11846,118,1,24.99,Average Regulars
88886,1123,1,24.99,At Risk (High Value)
86076,31,1,24.99,New Customers
65846,1345,1,24.99,Lost
92849,35,1,24.99,Average Regulars
70278,1380,1,24.99,Average Regulars
97820,1123,1,24.99,At Risk (High Value)
65558,544,1,24.99,Average Regulars
88193,42,1,24.99,Average Regulars
5296,34,1,24.99,New Customers
64841,1702,1,24.99,Lost
88312,436,1,24.99,Average Regulars
80395,1685,1,24.99,Lost
66852,349,1,24.99,Average Regulars
31615,625,1,24.99,Average Regulars
242,301,1,24.99,New Customers
78050,167,1,24.99,Average Regulars
55220,1436,1,24.99,Lost
63976,2407,1,24.99,Lost
59175,429,1,24.99,Average Regulars
57451,726,1,24.99,At Risk (High Value)
98579,408,1,24.99,Average Regulars
15445,80,1,24.99,Average Regulars
93266,354,1,24.99,Average Regulars
2105,557,1,24.99,Average Regulars
37842,1261,1,24.99,Lost
79254,956,1,24.99,Average Regulars
49626,911,1,24.99,Average Regulars
82321,283,1,24.99,New Customers
39276,1699,1,24.99,Lost
42165,730,1,24.99,Lost
68916,358,1,24.99,Average Regulars
96388,223,1,24.99,New Customers
72982,277,1,24.99,New Customers
24707,914,1,24.99,Average Regulars
57660,785,1,24.99,At Risk (High Value)
77844,123,1,24.99,New Customers
69953,1340,1,24.99,At Risk (High Value)
37694,756,1,24.99,Lost
19734,1242,1,24.99,At Risk (High Value)
4650,56,1,24.99,Average Regulars
3369,2676,1,24.99,Average Regulars
54197,533,1,24.99,Average Regulars
72230,1692,1,24.99,Lost
82780,269,1,24.99,New Customers
39154,268,1,24.99,New Customers
30814,5,1,24.99,New Customers
9036,919,1,24.99,Average Regulars
44263,1109,1,24.99,Average Regulars
49159,818,1,24.99,Lost
86769,1991,1,24.99,Lost
39605,1272,1,24.99,At Risk (High Value)
69122,738,1,24.99,At Risk (High Value)
18832,70,1,24.99,Average Regulars
66771,764,1,24.99,Lost
89963,1566,1,24.99,Lost
32928,76,1,24.99,Average Regulars
16893,231,1,24.99,New Customers
64271,2538,1,24.99,At Risk (High Value)
34307,1780,1,24.99,Lost
98984,252,1,24.99,New Customers
45189,464,1,24.99,Average Regulars
66857,1664,1,24.99,At Risk (High Value)
64828,74,1,24.99,Average Regulars
32098,413,1,24.99,Average Regulars
8033,220,1,24.99,Average Regulars
77201,1132,1,24.99,Lost
19603,6,1,24.99,New Customers
6962,1552,1,24.99,At Risk (High Value)
25765,140,1,24.99,New Customers
80927,553,1,24.99,Average Regulars
44134,773,1,24.99,At Risk (High Value)
87379,8,1,24.99,Average Regulars
10989,482,1,24.99,Average Regulars
91282,385,1,24.99,Average Regulars
72389,128,1,24.99,Average Regulars
87751,937,1,24.99,Lost
59110,1047,1,24.99,Lost
43787,100,1,24.99,Average Regulars
2976,296,1,24.99,New Customers
48509,540,1,24.99,Average Regulars
26748,2310,1,24.99,At Risk (High Value)
16608,906,1,24.98,Lost
24936,465,1,24.98,Average Regulars
74824,39,2,24.98,Average Regulars
10260,712,1,24.98,Lost
70560,111,1,24.98,Average Regulars
19709,246,1,24.98,Average Regulars
6265,13,1,24.98,New Customers
52686,39,1,24.98,Average Regulars
46987,1943,1,24.98,Lost
57242,133,1,24.98,New Customers
17679,1218,1,24.98,Lost
86093,83,1,24.98,Average Regulars
51976,2013,1,24.98,Lost
4627,159,1,24.98,Average Regulars
50381,199,1,24.98,New Customers
3735,40,1,24.97,New Customers
19092,208,1,24.97,Average Regulars
75350,1687,1,24.97,Lost
50036,464,1,24.97,Average Regulars
57548,818,1,24.97,Lost
62963,1066,1,24.97,Average Regulars
27824,352,1,24.97,Average Regulars
27699,1006,1,24.97,Average Regulars
71444,1310,1,24.97,At Risk (High Value)
2837,1446,1,24.96,Lost
42271,943,1,24.95,Average Regulars
37941,1023,1,24.95,Lost
11760,450,1,24.95,Average Regulars
43521,33,1,24.95,Average Regulars
50226,239,1,24.95,Average Regulars
76596,665,1,24.95,Lost
87476,608,1,24.95,Average Regulars
22192,1056,1,24.95,At Risk (High Value)
65299,1687,1,24.95,At Risk (High Value)
88342,523,1,24.95,Average Regulars
82505,956,1,24.95,Average Regulars
74574,1194,1,24.95,Lost
31694,1918,1,24.95,At Risk (High Value)
76745,674,1,24.95,Lost
52689,122,1,24.95,Average Regulars
91709,1512,1,24.95,Lost
34049,1508,1,24.95,Lost
9903,1368,1,24.95,Lost
36758,816,1,24.95,At Risk (High Value)
2597,2135,1,24.95,Lost
36584,94,1,24.95,Average Regulars
64233,643,1,24.95,Average Regulars
40151,1542,1,24.95,Lost
36414,77,1,24.95,New Customers
5298,714,1,24.95,Lost
33501,2358,1,24.95,At Risk (High Value)
73949,20,1,24.95,Average Regulars
98659,843,1,24.95,At Risk (High Value)
81259,597,1,24.95,Average Regulars
98961,2399,1,24.95,Lost
41712,83,1,24.95,New Customers
40094,201,1,24.95,Average Regulars
77682,884,1,24.95,Average Regulars
62214,82,1,24.95,New Customers
11920,159,1,24.95,New Customers
50314,350,1,24.95,Average Regulars
49328,389,1,24.95,Average Regulars
79464,230,1,24.95,Average Regulars
27428,361,1,24.95,Average Regulars
8573,1156,1,24.95,Average Regulars
76979,1098,1,24.95,Average Regulars
71561,501,1,24.94,Average Regulars
82692,7,1,24.91,New Customers
61360,1049,1,24.9,At Risk (High Value)
45791,387,1,24.9,Average Regulars
98704,1200,1,24.9,At Risk (High Value)
30610,146,1,24.9,Average Regulars
28049,1277,1,24.9,At Risk (High Value)
94705,80,1,24.9,Average Regulars
67538,176,1,24.9,Average Regulars
39550,223,1,24.9,Average Regulars
8823,6,1,24.9,New Customers
68484,1093,1,24.9,Lost
15902,533,1,24.9,Average Regulars
3493,1572,1,24.88,Lost
97089,623,1,24.88,Average Regulars
68059,241,1,24.88,New Customers
92616,494,1,24.87,Average Regulars
14931,87,2,24.8,Average Regulars
58313,2302,1,24.78,At Risk (High Value)
14978,169,1,24.78,Average Regulars
82053,756,1,24.78,At Risk (High Value)
29152,354,1,24.77,Average Regulars
59915,1127,1,24.77,At Risk (High Value)
27736,1381,1,24.75,Average Regulars
73435,320,1,24.74,New Customers
45587,1616,1,24.7,At Risk (High Value)
34659,515,2,24.65,Average Regulars
90930,265,1,24.64,New Customers
48530,1783,1,24.56,Average Regulars
73009,478,1,24.55,Average Regulars
90661,162,1,24.53,Average Regulars
8303,442,1,24.5,Average Regulars
95925,504,1,24.5,Average Regulars
64695,65,1,24.5,Average Regulars
69135,2132,1,24.5,Average Regulars
1586,306,1,24.5,New Customers
77285,1138,1,24.5,Lost
83735,319,1,24.5,Average Regulars
27073,591,1,24.5,Average Regulars
78326,1842,1,24.5,At Risk (High Value)
64020,376,1,24.5,Average Regulars
84962,373,1,24.5,Average Regulars
2594,1161,1,24.5,At Risk (High Value)
9656,1731,1,24.5,Average Regulars
58699,270,1,24.5,Average Regulars
15061,1171,1,24.5,At Risk (High Value)
84702,1320,1,24.5,At Risk (High Value)
18343,758,1,24.5,Lost
17026,351,1,24.5,Average Regulars
25318,18,1,24.5,Average Regulars
43187,547,1,24.5,Average Regulars
94012,2732,1,24.5,Lost
62833,342,1,24.49,Average Regulars
4806,1453,1,24.47,Lost
30583,1307,1,24.47,Lost
78462,1792,1,24.47,Average Regulars
17261,176,1,24.47,Average Regulars
12050,13,1,24.45,New Customers
5739,1029,1,24.45,Average Regulars
51828,739,1,24.45,At Risk (High Value)
21689,755,1,24.44,Lost
64560,1140,1,24.44,At Risk (High Value)
63321,28,1,24.41,New Customers
2972,350,1,24.35,Average Regulars
13780,147,1,24.35,Average Regulars
76674,1541,2,24.32,At Risk (High Value)
22861,627,1,24.3,Average Regulars
29146,179,1,24.3,New Customers
3131,1488,1,24.3,At Risk (High Value)
14664,211,1,24.3,New Customers
63036,244,1,24.28,New Customers
36709,933,1,24.26,Lost
21293,1524,1,24.25,Average Regulars
49866,1799,1,24.21,Lost
82356,966,1,24.2,Lost
32630,503,1,24.18,Average Regulars
3918,539,1,24.17,Average Regulars
17604,744,1,24.17,Lost
31719,195,1,24.16,New Customers
97289,144,1,24.16,New Customers
92215,592,1,24.14,Average Regulars
840,430,1,24.12,Average Regulars
22449,128,1,24.12,New Customers
11789,503,1,24.09,Average Regulars
88825,1876,1,24.09,At Risk (High Value)
58093,176,1,24.07,New Customers
76287,960,1,24.07,Average Regulars
68192,563,1,24.06,Average Regulars
79226,313,1,24.03,Average Regulars
20842,53,1,24.0,Average Regulars
21146,21,1,24.0,Average Regulars
81257,26,1,24.0,New Customers
51654,696,1,24.0,Lost
38717,477,1,24.0,Average Regulars
50728,1137,1,24.0,Average Regulars
64600,1422,1,24.0,Average Regulars
19722,83,1,24.0,New Customers
60813,282,1,24.0,New Customers
75615,1057,1,24.0,At Risk (High Value)
41298,1359,1,24.0,At Risk (High Value)
27660,780,1,24.0,At Risk (High Value)
34183,504,1,24.0,Average Regulars
36925,902,1,24.0,Lost
94032,1153,1,24.0,At Risk (High Value)
40847,43,1,24.0,New Customers
6215,450,1,24.0,Average Regulars
67546,270,1,24.0,New Customers
2449,748,1,24.0,Lost
24666,2461,1,24.0,At Risk (High Value)
6322,110,1,24.0,Average Regulars
76374,352,1,24.0,Average Regulars
17770,158,1,24.0,New Customers
54256,93,1,24.0,New Customers
76511,152,1,24.0,New Customers
37881,2318,1,24.0,Lost
72975,812,1,24.0,At Risk (High Value)
38253,1844,1,24.0,Average Regulars
65140,1017,1,24.0,Lost
51508,1690,1,24.0,Lost
89523,17,1,24.0,Average Regulars
95859,1019,1,24.0,Average Regulars
80849,579,1,24.0,Average Regulars
22471,910,1,24.0,Lost
56581,364,1,24.0,Average Regulars
60409,441,1,24.0,Average Regulars
82469,49,1,24.0,Average Regulars
46286,661,1,24.0,Lost
285,742,1,24.0,At Risk (High Value)
82468,68,1,24.0,Average Regulars
57259,439,1,24.0,Average Regulars
36457,99,1,24.0,Average Regulars
21407,1127,1,24.0,At Risk (High Value)
44564,1603,1,24.0,Lost
82711,58,1,24.0,New Customers
94979,1917,1,24.0,Lost
72544,116,1,24.0,New Customers
73065,470,1,24.0,Average Regulars
6695,390,1,24.0,Average Regulars
77563,1390,1,24.0,Lost
81609,332,1,24.0,Average Regulars
44490,19,1,24.0,Average Regulars
68264,116,1,24.0,New Customers
47615,904,1,24.0,Average Regulars
90688,6,1,24.0,New Customers
40202,192,1,24.0,New Customers
88670,269,1,24.0,New Customers
67065,1330,1,24.0,Lost
35959,31,1,24.0,New Customers
39948,217,1,24.0,Average Regulars
85,532,1,24.0,Average Regulars
12770,267,1,24.0,Average Regulars
18124,335,1,24.0,Average Regulars
71556,25,1,24.0,New Customers
63136,1224,1,24.0,Lost
71414,5,1,24.0,New Customers
75060,641,1,24.0,Average Regulars
24672,1073,1,24.0,At Risk (High Value)
57017,851,1,24.0,Lost
63041,53,1,24.0,Average Regulars
48555,1636,1,24.0,Lost
26229,132,1,24.0,New Customers
34350,254,1,24.0,Average Regulars
38795,2313,1,24.0,Lost
97866,303,1,24.0,Average Regulars
94985,441,1,24.0,Average Regulars
16901,312,1,24.0,New Customers
55416,8,1,24.0,New Customers
29878,583,1,24.0,Average Regulars
38373,21,1,24.0,New Customers
82327,12,1,24.0,New Customers
16290,115,1,24.0,Average Regulars
94318,469,1,24.0,Average Regulars
20827,2345,1,24.0,At Risk (High Value)
84486,811,1,24.0,Lost
28497,1245,1,24.0,Lost
4891,1853,1,24.0,Lost
13342,1965,1,24.0,Lost
29094,1886,1,24.0,Lost
42602,250,1,24.0,New Customers
88081,484,1,24.0,Average Regulars
50591,521,1,24.0,Average Regulars
13871,414,1,24.0,Average Regulars
75008,78,1,24.0,New Customers
42910,16,1,24.0,Average Regulars
16521,719,1,24.0,Lost
58462,257,1,24.0,New Customers
69987,160,1,24.0,Average Regulars
95632,72,1,24.0,Average Regulars
36880,862,1,24.0,At Risk (High Value)
78986,531,1,24.0,Average Regulars
34054,861,1,24.0,At Risk (High Value)
22146,291,1,24.0,Average Regulars
67279,188,1,24.0,Average Regulars
88117,598,1,24.0,Average Regulars
54619,932,1,24.0,Average Regulars
70106,331,1,24.0,Average Regulars
46278,602,1,24.0,Average Regulars
24887,983,1,24.0,Average Regulars
59189,404,1,24.0,Average Regulars
53065,858,1,24.0,Lost
69448,523,1,24.0,Average Regulars
54196,312,1,23.99,New Customers
18538,191,1,23.99,Average Regulars
14535,2037,1,23.99,Lost
76307,251,1,23.99,New Customers
17944,1028,1,23.99,Lost
78136,373,1,23.99,Average Regulars
95855,1437,1,23.99,Average Regulars
47709,1198,1,23.99,At Risk (High Value)
87656,943,1,23.99,Lost
2015,602,1,23.99,Average Regulars
18307,1881,1,23.99,At Risk (High Value)
59612,60,1,23.99,Average Regulars
73623,1431,1,23.99,Lost
59614,396,1,23.99,Average Regulars
71742,245,1,23.99,Average Regulars
36873,1930,1,23.99,Lost
72608,2010,1,23.99,Lost
84946,351,1,23.99,Average Regulars
39708,450,1,23.99,Average Regulars
45476,2230,1,23.99,Lost
70838,407,1,23.99,Average Regulars
10850,1011,1,23.99,Lost
64734,1326,1,23.99,At Risk (High Value)
9591,1747,1,23.99,Lost
28348,271,1,23.99,Average Regulars
341,89,1,23.99,New Customers
28717,944,1,23.99,Lost
51128,939,1,23.99,Average Regulars
63016,1287,1,23.99,At Risk (High Value)
38423,686,1,23.99,Lost
30784,582,1,23.99,Average Regulars
14737,52,1,23.99,Average Regulars
19901,110,2,23.98,Average Regulars
7104,446,1,23.98,Average Regulars
4458,214,1,23.97,New Customers
42095,804,1,23.97,Lost
2067,1306,1,23.97,Lost
34386,175,1,23.97,New Customers
3341,333,1,23.97,Average Regulars
48270,839,1,23.97,Lost
35015,939,1,23.96,Average Regulars
10505,941,1,23.96,Lost
13516,644,1,23.95,Average Regulars
67050,23,1,23.95,Average Regulars
21952,24,1,23.95,Average Regulars
27726,79,1,23.95,Average Regulars
77970,745,1,23.95,At Risk (High Value)
85617,261,1,23.95,New Customers
63208,992,1,23.95,Lost
70150,15,1,23.95,Average Regulars
17036,850,1,23.95,At Risk (High Value)
76343,4,1,23.95,Average Regulars
61282,49,1,23.95,Average Regulars
88019,168,1,23.95,New Customers
65032,1286,1,23.95,At Risk (High Value)
68663,804,1,23.95,Lost
18920,1266,1,23.95,Lost
33416,310,1,23.95,Average Regulars
79967,634,1,23.95,Average Regulars
92593,1922,1,23.95,At Risk (High Value)
49316,1225,1,23.95,Lost
18932,725,1,23.95,At Risk (High Value)
50306,688,1,23.9,At Risk (High Value)
9824,88,1,23.9,Average Regulars
40611,799,1,23.9,At Risk (High Value)
56243,1099,1,23.9,Average Regulars
40039,134,1,23.9,Average Regulars
23207,527,1,23.9,Average Regulars
483,786,1,23.9,Lost
94160,631,1,23.9,Average Regulars
60310,92,1,23.9,Average Regulars
22312,992,1,23.86,Lost
97116,315,1,23.85,New Customers
78353,188,1,23.85,New Customers
52272,51,1,23.8,New Customers
20140,1193,1,23.8,At Risk (High Value)
50972,231,1,23.79,Average Regulars
35126,270,2,23.78,Average Regulars
3583,148,1,23.78,New Customers
54319,5,1,23.76,New Customers
70902,797,1,23.76,At Risk (High Value)
90987,2184,1,23.76,At Risk (High Value)
9741,908,1,23.75,Lost
33048,1441,1,23.75,Average Regulars
80906,155,1,23.73,Average Regulars
84582,47,1,23.73,New Customers
65074,103,1,23.73,Average Regulars
42078,14,1,23.72,Average Regulars
77186,2079,1,23.71,Average Regulars
22825,1039,1,23.7,Lost
67255,295,1,23.61,New Customers
82333,1510,1,23.59,Lost
61269,134,1,23.59,Average Regulars
85237,177,1,23.58,Average Regulars
84187,694,1,23.58,Lost
22098,632,1,23.56,Average Regulars
36691,104,1,23.55,New Customers
12212,189,1,23.53,New Customers
9022,595,1,23.53,Average Regulars
16658,716,1,23.5,At Risk (High Value)
43063,271,1,23.5,Average Regulars
22118,1249,1,23.5,At Risk (High Value)
65245,1212,1,23.5,Lost
4053,2178,1,23.5,Lost
60121,1409,1,23.5,Average Regulars
86633,545,2,23.49,Average Regulars
84829,2296,1,23.45,Average Regulars
76366,104,1,23.43,Average Regulars
69720,815,1,23.42,At Risk (High Value)
44066,1462,1,23.4,Average Regulars
59045,959,1,23.38,Lost
94771,166,1,23.34,Average Regulars
68609,509,1,23.25,Average Regulars
33845,291,1,23.25,Average Regulars
9614,527,1,23.23,Average Regulars
36010,1080,1,23.23,Average Regulars
75294,955,1,23.23,Average Regulars
2807,4,1,23.23,New Customers
92260,2048,1,23.23,Lost
41499,117,1,23.16,Average Regulars
35137,153,1,23.16,Average Regulars
11861,1020,1,23.12,Lost
44083,233,1,23.12,Average Regulars
72160,878,1,23.12,Lost
66277,619,1,23.12,Average Regulars
17160,1668,1,23.04,At Risk (High Value)
89532,471,1,23.0,Average Regulars
82958,72,1,23.0,Average Regulars
84213,11,1,23.0,New Customers
8988,566,1,23.0,Average Regulars
38012,139,1,23.0,New Customers
46760,1169,1,23.0,Lost
42539,539,1,23.0,Average Regulars
98748,1058,1,23.0,Average Regulars
28399,200,1,23.0,New Customers
62422,1475,1,23.0,At Risk (High Value)
34715,1638,1,23.0,Lost
12606,1407,1,23.0,Lost
25601,949,1,23.0,Lost
97853,412,1,23.0,Average Regulars
44335,1095,1,23.0,Average Regulars
44556,11,1,23.0,Average Regulars
25373,995,1,23.0,Lost
17526,1619,1,23.0,At Risk (High Value)
54024,694,1,23.0,Lost
14063,739,1,23.0,At Risk (High Value)
28498,100,1,23.0,Average Regulars
91259,712,1,23.0,At Risk (High Value)
65801,58,1,22.99,New Customers
60984,225,1,22.99,New Customers
94225,386,1,22.99,Average Regulars
97513,1616,1,22.99,At Risk (High Value)
22194,1584,1,22.99,Lost
1100,204,1,22.99,New Customers
70685,545,1,22.99,Average Regulars
73571,1008,1,22.99,Lost
12281,156,1,22.99,Average Regulars
15076,803,1,22.99,Lost
29140,398,1,22.99,Average Regulars
43069,447,1,22.99,Average Regulars
95315,1365,1,22.99,Lost
588,937,1,22.99,Average Regulars
99188,579,1,22.99,Average Regulars
67497,66,1,22.99,Average Regulars
75023,2025,1,22.99,Lost
58563,618,1,22.99,Average Regulars
46184,60,1,22.99,Average Regulars
47048,1651,1,22.99,Lost
68318,1013,1,22.99,Lost
81399,399,1,22.99,Average Regulars
47244,1443,1,22.99,Lost
81618,38,1,22.99,New Customers
40750,758,1,22.99,At Risk (High Value)
39289,224,1,22.99,Average Regulars
62893,271,1,22.99,New Customers
84955,896,1,22.99,Average Regulars
78803,1221,1,22.99,At Risk (High Value)
60828,186,1,22.99,New Customers
48438,867,1,22.99,At Risk (High Value)
36381,77,1,22.99,Average Regulars
80497,668,1,22.99,At Risk (High Value)
88038,313,1,22.99,Average Regulars
90155,2438,1,22.99,Lost
53062,1117,1,22.99,At Risk (High Value)
80558,726,1,22.99,At Risk (High Value)
72882,766,1,22.99,At Risk (High Value)
93113,1310,1,22.99,At Risk (High Value)
3557,779,1,22.99,At Risk (High Value)
45541,715,1,22.99,Lost
61106,671,1,22.99,At Risk (High Value)
25072,124,1,22.98,New Customers
44129,886,1,22.98,Average Regulars
66462,436,1,22.97,Average Regulars
4183,773,1,22.97,At Risk (High Value)
43617,401,1,22.97,Average Regulars
71210,979,1,22.97,Lost
68537,266,1,22.97,New Customers
91634,1283,1,22.97,At Risk (High Value)
95908,409,1,22.95,Average Regulars
94038,305,1,22.95,Average Regulars
39726,2076,1,22.95,Lost
14852,1038,1,22.95,Lost
76546,1782,1,22.95,Lost
92021,449,1,22.95,Average Regulars
25392,866,1,22.95,At Risk (High Value)
50785,90,1,22.95,New Customers
21164,2362,1,22.95,At Risk (High Value)
2570,1247,1,22.95,Lost
85918,462,1,22.95,Average Regulars
4514,557,1,22.95,Average Regulars
732,1413,1,22.95,Lost
58338,458,1,22.95,Average Regulars
75637,815,1,22.95,At Risk (High Value)
98282,1692,1,22.95,At Risk (High Value)
77374,1527,1,22.95,Lost
41880,618,1,22.93,Average Regulars
89825,243,1,22.9,Average Regulars
49082,1275,1,22.9,At Risk (High Value)
8903,1362,1,22.9,At Risk (High Value)
99206,224,1,22.9,New Customers
49830,227,1,22.89,Average Regulars
44718,1201,1,22.88,At Risk (High Value)
2050,1386,1,22.88,Average Regulars
65875,1722,1,22.81,Lost
24923,101,1,22.81,New Customers
58252,807,1,22.8,Lost
26308,259,1,22.8,New Customers
99940,40,1,22.78,Average Regulars
96043,1328,1,22.78,Lost
27261,1363,2,22.77,At Risk (High Value)
24506,322,1,22.76,Average Regulars
93301,198,1,22.72,Average Regulars
42282,173,1,22.68,Average Regulars
36067,1757,1,22.67,Average Regulars
42110,660,1,22.64,Lost
32251,182,1,22.64,New Customers
64353,131,1,22.61,New Customers
59823,12,1,22.6,Average Regulars
40131,6,1,22.58,Average Regulars
28046,1693,1,22.56,At Risk (High Value)
6415,484,1,22.53,Average Regulars
12029,211,1,22.5,Average Regulars
1027,70,1,22.5,Average Regulars
56367,66,1,22.5,Average Regulars
47754,788,1,22.5,Lost
32368,36,1,22.5,Average Regulars
85859,1006,1,22.5,Average Regulars
9768,52,1,22.5,Average Regulars
95682,69,1,22.5,New Customers
48397,30,1,22.5,Average Regulars
66448,244,1,22.5,New Customers
67240,122,1,22.5,New Customers
42097,1797,1,22.5,Average Regulars
98709,342,1,22.5,Average Regulars
31409,652,1,22.5,Average Regulars
8748,400,1,22.5,Average Regulars
50717,496,1,22.5,Average Regulars
99246,640,1,22.5,Average Regulars
50005,1120,1,22.48,At Risk (High Value)
16771,540,1,22.48,Average Regulars
23208,1834,1,22.47,At Risk (High Value)
41118,300,1,22.45,Average Regulars
92821,2005,1,22.44,At Risk (High Value)
16691,2294,1,22.38,Average Regulars
10669,842,1,22.3,Lost
59508,569,1,22.3,Average Regulars
46864,662,1,22.3,At Risk (High Value)
72668,5,1,22.26,New Customers
23760,123,1,22.22,New Customers
62333,213,1,22.22,Average Regulars
63269,583,1,22.21,Average Regulars
92974,703,1,22.21,At Risk (High Value)
1778,856,1,22.2,At Risk (High Value)
27926,1184,1,22.1,At Risk (High Value)
84866,640,1,22.1,Average Regulars
98953,343,1,22.07,Average Regulars
99222,94,1,22.05,Average Regulars
80120,617,1,22.05,Average Regulars
5474,565,1,22.02,Average Regulars
95736,408,1,22.02,Average Regulars
81287,319,1,22.01,Average Regulars
74106,1264,1,22.01,At Risk (High Value)
96784,1440,1,22.0,Lost
4925,1036,1,22.0,Lost
48993,2068,1,22.0,Lost
66981,251,1,22.0,New Customers
99443,2060,1,22.0,Lost
39265,271,1,22.0,New Customers
76872,19,1,22.0,Average Regulars
78013,1756,1,22.0,Lost
91143,1309,1,22.0,Lost
59294,134,1,22.0,New Customers
61976,275,1,22.0,New Customers
87851,528,1,22.0,Average Regulars
31171,17,1,22.0,New Customers
63497,849,1,22.0,Lost
94248,1060,1,22.0,At Risk (High Value)
86954,435,1,22.0,Average Regulars
63933,108,1,22.0,Average Regulars
7060,4,1,22.0,Average Regulars
45916,796,1,22.0,Lost
76841,176,1,22.0,New Customers
55160,493,1,22.0,Average Regulars
61087,643,1,22.0,Average Regulars
37284,540,1,22.0,Average Regulars
68172,301,1,22.0,Average Regulars
69812,925,1,22.0,Average Regulars
45496,4,1,22.0,New Customers
48755,384,1,22.0,Average Regulars
80936,101,1,22.0,New Customers
44423,1339,1,22.0,Lost
12530,1919,1,22.0,Lost
5559,256,1,22.0,Average Regulars
57294,1027,1,22.0,Average Regulars
39681,103,1,22.0,New Customers
84831,257,1,22.0,Average Regulars
23069,2338,1,22.0,Average Regulars
54169,91,1,22.0,Average Regulars
68674,1411,1,22.0,Average Regulars
91866,1422,1,22.0,Lost
26113,1289,1,22.0,Lost
19946,852,1,22.0,Lost
30953,967,1,22.0,Lost
82433,1823,1,22.0,Lost
85935,783,1,22.0,Lost
80260,58,1,22.0,Average Regulars
5867,867,1,22.0,Lost
14682,286,1,22.0,Average Regulars
28285,100,1,22.0,Average Regulars
8892,1615,1,22.0,Lost
66647,100,1,22.0,Average Regulars
13432,11,1,22.0,New Customers
68592,417,1,22.0,Average Regulars
37699,818,1,22.0,At Risk (High Value)
30217,507,1,22.0,Average Regulars
80882,523,1,22.0,Average Regulars
90818,238,1,22.0,Average Regulars
57688,125,1,22.0,New Customers
5865,1021,1,22.0,Lost
81248,218,1,22.0,Average Regulars
86565,278,1,22.0,New Customers
58715,168,1,22.0,Average Regulars
8131,120,1,22.0,Average Regulars
47450,413,1,22.0,Average Regulars
5556,752,1,22.0,At Risk (High Value)
51480,1377,1,22.0,Average Regulars
5341,779,1,22.0,At Risk (High Value)
82703,228,1,22.0,Average Regulars
93457,1001,1,22.0,Average Regulars
1044,22,1,22.0,Average Regulars
26294,22,1,22.0,Average Regulars
65428,2427,1,22.0,Lost
90225,1561,1,22.0,Lost
20547,150,1,22.0,Average Regulars
98595,605,1,22.0,Average Regulars
72653,247,1,22.0,New Customers
85032,197,1,22.0,Average Regulars
75082,143,1,22.0,Average Regulars
4528,1453,1,22.0,Lost
8386,295,1,22.0,New Customers
61847,321,1,22.0,Average Regulars
98371,1455,1,22.0,Lost
19945,360,1,22.0,Average Regulars
75073,29,1,22.0,New Customers
67452,448,1,22.0,Average Regulars
60220,4,1,22.0,New Customers
58800,5,1,22.0,Average Regulars
97664,323,1,22.0,Average Regulars
59605,6,1,22.0,New Customers
71981,1831,1,22.0,Lost
41879,1338,1,22.0,Lost
18219,158,1,22.0,New Customers
28241,2131,1,22.0,Lost
30314,1088,1,22.0,Lost
81692,595,1,21.99,Average Regulars
52483,322,1,21.99,New Customers
19935,197,1,21.99,Average Regulars
16970,787,1,21.99,At Risk (High Value)
13593,662,1,21.99,At Risk (High Value)
88999,1212,1,21.99,Lost
7654,115,1,21.99,Average Regulars
80568,1681,1,21.99,Lost
84401,1027,1,21.99,Lost
95192,995,1,21.99,Average Regulars
41111,2617,1,21.99,Lost
11530,27,1,21.99,New Customers
2345,15,1,21.99,Average Regulars
43500,45,1,21.99,Average Regulars
19774,528,1,21.99,Average Regulars
79274,1296,1,21.99,At Risk (High Value)
60076,552,1,21.99,Average Regulars
78674,779,1,21.99,At Risk (High Value)
51911,1239,1,21.99,Lost
84617,2490,1,21.99,At Risk (High Value)
4103,330,1,21.99,Average Regulars
58322,59,1,21.99,Average Regulars
65342,522,1,21.99,Average Regulars
50072,1758,1,21.99,Lost
98845,1348,1,21.99,At Risk (High Value)
82479,5,1,21.99,Average Regulars
59450,2049,1,21.99,Lost
79191,729,1,21.99,Lost
23588,2300,1,21.99,At Risk (High Value)
57163,124,1,21.99,New Customers
11542,859,1,21.99,At Risk (High Value)
56579,1329,1,21.99,At Risk (High Value)
12655,496,1,21.99,Average Regulars
75645,4,1,21.99,New Customers
12224,1771,1,21.99,Lost
13630,1260,1,21.99,At Risk (High Value)
40236,641,1,21.99,Average Regulars
3865,591,1,21.99,Average Regulars
23424,814,1,21.99,Lost
80545,673,1,21.99,Lost
5809,265,1,21.99,Average Regulars
21371,1958,1,21.99,At Risk (High Value)
22845,6,1,21.99,Average Regulars
4284,193,1,21.99,New Customers
5590,851,1,21.99,At Risk (High Value)
17834,534,1,21.99,Average Regulars
14533,1316,1,21.99,At Risk (High Value)
49006,287,1,21.99,New Customers
78475,2237,1,21.99,At Risk (High Value)
93454,596,1,21.99,Average Regulars
99701,191,1,21.99,New Customers
14154,249,1,21.99,New Customers
90521,43,1,21.99,New Customers
54371,439,1,21.99,Average Regulars
91262,1500,1,21.99,At Risk (High Value)
65292,2208,1,21.99,At Risk (High Value)
51353,1211,1,21.99,At Risk (High Value)
21713,18,1,21.98,Average Regulars
80154,1397,1,21.98,Average Regulars
38873,568,1,21.98,Average Regulars
57120,160,1,21.98,New Customers
2372,469,1,21.98,Average Regulars
83145,271,1,21.98,New Customers
42067,691,1,21.98,Lost
43501,5,1,21.97,Average Regulars
71335,973,1,21.97,Average Regulars
66703,2505,1,21.97,Lost
37450,1,1,21.96,Average Regulars
20591,204,1,21.95,Average Regulars
27832,215,1,21.95,New Customers
19427,830,1,21.95,At Risk (High Value)
67111,833,1,21.95,Lost
2037,1032,1,21.95,At Risk (High Value)
42059,1235,1,21.95,Lost
31647,1638,1,21.95,At Risk (High Value)
34913,682,1,21.95,At Risk (High Value)
94918,81,1,21.95,New Customers
35741,813,1,21.95,Lost
43571,1316,1,21.95,Lost
37688,292,1,21.95,New Customers
28247,955,1,21.95,Lost
10154,193,1,21.95,New Customers
3689,844,1,21.95,Lost
93979,579,1,21.95,Average Regulars
49324,20,1,21.95,Average Regulars
76233,386,1,21.95,Average Regulars
88138,1179,1,21.95,At Risk (High Value)
93527,512,1,21.95,Average Regulars
39060,442,1,21.95,Average Regulars
85018,577,1,21.95,Average Regulars
52631,332,1,21.95,Average Regulars
54246,744,1,21.95,Lost
5830,5,1,21.95,New Customers
29998,548,1,21.95,Average Regulars
66359,1795,1,21.95,Lost
12993,36,1,21.94,New Customers
43705,133,1,21.94,New Customers
16211,1849,1,21.9,Lost
18990,537,1,21.9,Average Regulars
82184,336,1,21.9,Average Regulars
31530,1599,1,21.9,Lost
43962,203,1,21.9,Average Regulars
66443,112,1,21.85,New Customers
91894,58,1,21.8,Average Regulars
79987,2008,1,21.8,Lost
86705,317,1,21.8,New Customers
92060,1022,1,21.74,Lost
84417,123,1,21.71,New Customers
7436,1218,1,21.71,At Risk (High Value)
50925,211,1,21.68,New Customers
41615,661,2,21.66,At Risk (High Value)
84059,757,1,21.64,At Risk (High Value)
23414,80,1,21.62,Average Regulars
28343,348,1,21.62,Average Regulars
71957,837,1,21.6,At Risk (High Value)
7407,838,1,21.6,Lost
87685,110,1,21.6,Average Regulars
34127,429,1,21.59,Average Regulars
89983,158,1,21.56,New Customers
44725,325,2,21.52,Average Regulars
68082,34,1,21.5,Average Regulars
52844,407,1,21.5,Average Regulars
13876,203,1,21.5,New Customers
35557,1862,1,21.5,Average Regulars
82192,411,2,21.5,Average Regulars
25160,127,1,21.5,Average Regulars
87087,777,1,21.5,At Risk (High Value)
49701,204,1,21.5,Average Regulars
23742,1697,1,21.5,Lost
48371,1430,1,21.5,Lost
70075,1391,1,21.49,Average Regulars
51152,6,1,21.49,New Customers
36549,536,1,21.47,Average Regulars
28437,4,2,21.47,Average Regulars
7529,2417,1,21.45,Average Regulars
86819,9,1,21.45,Average Regulars
61924,1199,1,21.4,At Risk (High Value)
90848,1210,1,21.4,Lost
2998,115,1,21.39,Average Regulars
64846,500,1,21.37,Average Regulars
86360,246,1,21.37,New Customers
98839,1575,1,21.35,Lost
79555,1279,1,21.3,At Risk (High Value)
63103,1929,1,21.25,At Risk (High Value)
1623,1369,1,21.21,Average Regulars
54312,197,2,21.2,Average Regulars
79895,999,1,21.18,Lost
34030,132,1,21.12,Average Regulars
68838,1110,1,21.12,Lost
56733,131,1,21.11,New Customers
84516,232,1,21.1,Average Regulars
89496,1324,1,21.08,At Risk (High Value)
28123,2066,1,21.08,Lost
83943,619,1,21.05,Average Regulars
46233,361,1,21.05,Average Regulars
89509,4,1,21.04,Average Regulars
62888,188,1,21.02,Average Regulars
72567,394,1,21.02,Average Regulars
84518,583,1,21.0,Average Regulars
18831,847,1,21.0,Lost
30547,59,1,21.0,Average Regulars
2354,171,1,21.0,Average Regulars
70403,662,1,21.0,Lost
33192,29,1,21.0,New Customers
76248,2198,1,21.0,At Risk (High Value)
89110,405,1,21.0,Average Regulars
18519,39,1,21.0,New Customers
43406,270,1,21.0,Average Regulars
58446,43,1,21.0,Average Regulars
96075,293,1,21.0,New Customers
17805,744,1,21.0,Lost
23242,1471,1,21.0,Lost
31489,121,1,21.0,New Customers
53022,102,1,21.0,Average Regulars
22241,335,1,21.0,Average Regulars
16716,491,1,21.0,Average Regulars
68761,7,1,21.0,New Customers
14415,475,1,21.0,Average Regulars
7168,344,1,21.0,Average Regulars
57557,430,1,21.0,Average Regulars
35906,1512,1,21.0,Average Regulars
78374,2156,1,21.0,At Risk (High Value)
22123,332,1,21.0,Average Regulars
35108,192,1,21.0,New Customers
22371,250,1,21.0,Average Regulars
9443,215,1,21.0,Average Regulars
79701,73,1,21.0,Average Regulars
78889,847,1,20.99,Lost
15645,534,1,20.99,Average Regulars
9661,21,1,20.99,New Customers
2447,247,1,20.99,Average Regulars
25923,128,1,20.99,New Customers
28574,1860,1,20.99,Average Regulars
76798,288,1,20.99,Average Regulars
15093,9,1,20.99,Average Regulars
92909,348,1,20.99,Average Regulars
43392,647,1,20.99,Average Regulars
89775,15,1,20.99,New Customers
41307,241,1,20.99,Average Regulars
32605,27,1,20.99,Average Regulars
30393,295,1,20.99,Average Regulars
95426,2223,1,20.99,At Risk (High Value)
15193,583,1,20.99,Average Regulars
19290,214,1,20.99,Average Regulars
81045,678,1,20.99,Lost
3623,764,1,20.99,At Risk (High Value)
60422,2522,1,20.99,Average Regulars
95731,40,1,20.99,Average Regulars
2313,365,1,20.99,Average Regulars
88845,226,1,20.99,New Customers
85665,376,1,20.99,Average Regulars
108,1490,1,20.99,Lost
67232,15,1,20.99,Average Regulars
12366,2234,1,20.99,At Risk (High Value)
2602,2182,1,20.97,At Risk (High Value)
49824,98,1,20.97,Average Regulars
85498,118,1,20.95,Average Regulars
75539,2170,1,20.95,Lost
77386,312,1,20.95,Average Regulars
65684,147,1,20.95,Average Regulars
41183,355,1,20.95,Average Regulars
34836,896,1,20.95,Average Regulars
66141,498,1,20.95,Average Regulars
96430,559,1,20.95,Average Regulars
33623,387,1,20.95,Average Regulars
80487,544,1,20.95,Average Regulars
16461,1628,1,20.95,At Risk (High Value)
16014,93,1,20.95,Average Regulars
27283,408,1,20.95,Average Regulars
90560,899,1,20.95,Lost
69177,431,1,20.95,Average Regulars
25876,1331,1,20.94,Lost
76223,369,2,20.94,Average Regulars
33024,1030,1,20.93,Lost
13045,217,1,20.91,Average Regulars
91205,4,1,20.9,New Customers
93099,841,1,20.9,At Risk (High Value)
65358,640,1,20.9,Average Regulars
6355,123,1,20.9,New Customers
55148,109,1,20.9,Average Regulars
41697,821,1,20.9,At Risk (High Value)
4320,392,1,20.88,Average Regulars
20408,144,1,20.88,Average Regulars
65547,6,1,20.88,Average Regulars
41614,1035,1,20.86,At Risk (High Value)
24565,135,1,20.84,Average Regulars
58436,328,1,20.78,Average Regulars
69172,384,1,20.78,Average Regulars
7625,256,1,20.75,Average Regulars
42866,980,1,20.75,Average Regulars
87005,225,2,20.7,Average Regulars
34044,371,2,20.63,Average Regulars
62991,41,1,20.6,New Customers
26219,38,2,20.56,Average Regulars
58939,4,1,20.5,Average Regulars
78187,360,1,20.49,Average Regulars
38797,580,1,20.48,Average Regulars
2683,433,1,20.46,Average Regulars
16335,556,1,20.45,Average Regulars
25836,284,1,20.43,Average Regulars
81135,125,1,20.43,New Customers
50739,440,1,20.38,Average Regulars
8302,2137,1,20.37,Lost
64359,300,1,20.36,New Customers
50106,1067,1,20.31,Average Regulars
49132,36,1,20.3,New Customers
45712,670,1,20.28,At Risk (High Value)
64179,1107,1,20.28,Lost
40626,83,1,20.24,Average Regulars
95099,402,1,20.24,Average Regulars
16981,654,1,20.05,Average Regulars
48305,6,1,20.0,Average Regulars
95914,879,1,20.0,At Risk (High Value)
67770,1211,1,20.0,At Risk (High Value)
37746,48,1,20.0,Average Regulars
88084,1238,1,20.0,Lost
64254,402,1,20.0,Average Regulars
65151,1366,1,20.0,Average Regulars
15803,948,1,20.0,Average Regulars
40972,308,1,20.0,New Customers
99519,1480,1,20.0,Lost
99575,2712,1,20.0,Lost
20567,2186,1,20.0,At Risk (High Value)
55962,1114,1,20.0,Average Regulars
25391,824,1,20.0,Lost
56277,724,1,20.0,Lost
83429,1809,1,20.0,Average Regulars
72766,352,1,20.0,Average Regulars
70465,797,1,20.0,Lost
51472,1164,1,20.0,At Risk (High Value)
76316,381,1,20.0,Average Regulars
91103,422,1,20.0,Average Regulars
14482,213,1,20.0,New Customers
2318,674,1,20.0,At Risk (High Value)
52848,192,1,20.0,Average Regulars
79181,2460,1,20.0,Average Regulars
88783,132,1,20.0,Average Regulars
81592,79,1,20.0,Average Regulars
87190,1160,1,20.0,Average Regulars
94344,5,1,20.0,New Customers
45902,7,1,20.0,Average Regulars
16464,879,1,20.0,Lost
75588,1527,1,20.0,Average Regulars
92672,624,1,20.0,Average Regulars
32387,1402,1,20.0,Lost
6397,1405,1,20.0,Average Regulars
30561,48,1,20.0,New Customers
21993,129,1,20.0,Average Regulars
47908,457,1,20.0,Average Regulars
72226,124,1,20.0,Average Regulars
36490,1014,1,20.0,Average Regulars
68748,1972,1,20.0,Lost
58277,751,1,20.0,Lost
54138,382,1,20.0,Average Regulars
26275,532,1,20.0,Average Regulars
74230,2561,1,20.0,Lost
57993,80,1,20.0,Average Regulars
36142,1720,1,20.0,Lost
90462,152,1,20.0,Average Regulars
30490,713,1,20.0,Lost
70026,236,1,20.0,Average Regulars
23543,2384,1,20.0,Lost
97469,581,1,20.0,Average Regulars
20424,331,1,20.0,Average Regulars
84679,1420,1,20.0,Lost
61424,624,1,20.0,Average Regulars
61997,120,1,20.0,Average Regulars
39215,87,1,20.0,Average Regulars
179,128,1,20.0,Average Regulars
55561,8,1,20.0,Average Regulars
30239,1837,1,20.0,At Risk (High Value)
85331,120,1,20.0,New Customers
93174,174,1,20.0,New Customers
67967,344,1,20.0,Average Regulars
89259,1388,1,20.0,Average Regulars
80349,1287,1,20.0,Lost
54676,1448,1,20.0,Lost
27198,27,1,20.0,Average Regulars
43914,270,1,20.0,Average Regulars
76814,82,1,20.0,Average Regulars
31613,1750,1,20.0,Average Regulars
59452,772,1,20.0,At Risk (High Value)
23223,890,1,20.0,Lost
25708,2245,1,20.0,Lost
48851,345,1,20.0,Average Regulars
91455,803,1,20.0,Lost
84214,588,1,20.0,Average Regulars
75407,261,1,20.0,Average Regulars
19627,154,1,20.0,Average Regulars
31437,1207,1,20.0,Lost
8644,1453,1,20.0,Lost
92388,2291,1,20.0,Lost
87167,680,1,20.0,Lost
29160,782,1,20.0,At Risk (High Value)
30866,1300,1,20.0,At Risk (High Value)
58878,6,1,20.0,Average Regulars
24560,817,1,20.0,Lost
73321,225,1,20.0,New Customers
46869,1169,1,20.0,Average Regulars
68644,924,1,20.0,Average Regulars
84354,85,1,20.0,Average Regulars
2241,397,1,20.0,Average Regulars
30167,302,1,20.0,New Customers
97348,506,1,20.0,Average Regulars
67193,351,1,20.0,Average Regulars
30803,239,1,20.0,Average Regulars
91038,817,1,20.0,At Risk (High Value)
13172,95,1,20.0,New Customers
70145,1134,1,20.0,Lost
82141,8,1,20.0,Average Regulars
87345,7,1,20.0,Average Regulars
5862,1503,1,20.0,Average Regulars
59257,217,1,20.0,Average Regulars
47385,266,1,19.99,New Customers
65690,242,1,19.99,Average Regulars
20509,6,1,19.99,Average Regulars
88736,1574,1,19.99,Average Regulars
75048,475,1,19.99,Average Regulars
11505,311,1,19.99,Average Regulars
32393,102,1,19.99,Average Regulars
60450,586,1,19.99,Average Regulars
75671,37,1,19.99,New Customers
65867,646,1,19.99,Average Regulars
2151,555,1,19.99,Average Regulars
61058,127,1,19.99,Average Regulars
44260,519,1,19.99,Average Regulars
18117,250,1,19.99,New Customers
50427,925,1,19.99,Average Regulars
55173,546,1,19.99,Average Regulars
69928,339,1,19.99,Average Regulars
39434,1191,1,19.99,At Risk (High Value)
93161,200,1,19.99,Average Regulars
52058,1278,1,19.99,At Risk (High Value)
23060,1887,1,19.99,Lost
72379,185,1,19.99,Average Regulars
6293,309,1,19.99,Average Regulars
48641,222,1,19.99,Average Regulars
65872,434,1,19.99,Average Regulars
14719,1766,1,19.99,Lost
56866,225,1,19.99,Average Regulars
41235,254,1,19.99,New Customers
13430,1010,1,19.99,Lost
9317,17,1,19.99,Average Regulars
73266,199,1,19.99,New Customers
2047,1991,1,19.99,Lost
70730,420,1,19.99,Average Regulars
13634,288,1,19.99,New Customers
92328,825,1,19.99,At Risk (High Value)
35676,261,1,19.99,Average Regulars
22857,336,1,19.99,Average Regulars
61582,1128,1,19.99,Lost
71262,20,1,19.99,Average Regulars
97100,867,1,19.99,Lost
28295,85,1,19.99,Average Regulars
61726,354,1,19.99,Average Regulars
91217,256,1,19.99,New Customers
59750,883,1,19.99,Lost
90728,705,1,19.99,At Risk (High Value)
35788,885,1,19.99,Lost
72818,508,1,19.99,Average Regulars
70264,314,1,19.99,Average Regulars
45612,932,1,19.99,Lost
55932,1537,1,19.99,At Risk (High Value)
12857,185,1,19.99,Average Regulars
23976,673,1,19.99,At Risk (High Value)
79631,369,1,19.99,Average Regulars
1488,1564,1,19.99,Lost
17030,15,1,19.99,Average Regulars
21692,64,1,19.99,Average Regulars
88994,605,1,19.99,Average Regulars
59031,1461,1,19.99,Average Regulars
15150,1540,1,19.99,Average Regulars
16320,468,1,19.99,Average Regulars
48092,2565,1,19.99,At Risk (High Value)
80494,93,1,19.99,New Customers
8865,66,1,19.99,Average Regulars
17133,64,1,19.99,Average Regulars
97717,129,1,19.99,New Customers
69020,469,1,19.99,Average Regulars
16834,688,1,19.99,Lost
76885,1194,1,19.99,At Risk (High Value)
42827,1572,1,19.99,Average Regulars
59156,1942,1,19.99,At Risk (High Value)
17057,171,1,19.99,Average Regulars
15519,127,1,19.99,New Customers
36807,2024,1,19.99,Average Regulars
93534,1423,1,19.99,Average Regulars
93875,1327,1,19.99,Lost
46195,256,1,19.99,Average Regulars
33400,1563,1,19.99,Average Regulars
46752,1323,1,19.99,At Risk (High Value)
67594,1630,1,19.99,Lost
63883,2381,1,19.99,At Risk (High Value)
38483,1057,1,19.99,Lost
54030,9,1,19.99,New Customers
66740,96,1,19.99,Average Regulars
11844,198,1,19.99,Average Regulars
57924,5,1,19.99,Average Regulars
6770,1118,1,19.99,Average Regulars
2502,205,1,19.99,New Customers
24045,42,1,19.99,Average Regulars
58209,1729,1,19.99,Lost
27410,254,1,19.99,Average Regulars
57803,1204,1,19.99,Lost
23172,1136,1,19.99,Average Regulars
3,2386,1,19.99,At Risk (High Value)
95081,517,1,19.99,Average Regulars
26862,374,1,19.99,Average Regulars
10633,374,1,19.99,Average Regulars
58622,729,1,19.99,At Risk (High Value)
24364,996,1,19.99,Lost
95215,2098,1,19.99,At Risk (High Value)
74780,546,1,19.99,Average Regulars
92410,525,1,19.99,Average Regulars
71024,2072,1,19.99,Lost
86817,994,1,19.99,Lost
31825,583,1,19.99,Average Regulars
13087,22,1,19.99,Average Regulars
71240,180,1,19.99,Average Regulars
59611,62,1,19.99,Average Regulars
8792,1884,1,19.99,Average Regulars
22563,850,1,19.99,Lost
85317,1545,1,19.99,At Risk (High Value)
92382,1023,1,19.99,At Risk (High Value)
78157,87,1,19.99,Average Regulars
34246,50,1,19.99,Average Regulars
30649,1073,1,19.99,Average Regulars
33924,8,1,19.99,Average Regulars
5767,2447,1,19.99,At Risk (High Value)
63322,115,1,19.99,Average Regulars
21874,1435,1,19.99,Average Regulars
60605,594,1,19.99,Average Regulars
60327,1084,1,19.99,Lost
44744,727,1,19.99,Lost
23597,415,1,19.99,Average Regulars
5268,637,1,19.99,Average Regulars
67648,214,1,19.99,Average Regulars
38017,429,1,19.99,Average Regulars
63819,141,1,19.99,New Customers
13985,1741,1,19.99,Lost
98073,166,1,19.99,Average Regulars
95344,24,1,19.99,Average Regulars
64556,1082,1,19.99,Lost
15172,172,1,19.99,New Customers
31737,398,1,19.99,Average Regulars
56917,53,1,19.99,New Customers
61168,378,1,19.99,Average Regulars
85195,70,1,19.99,Average Regulars
79077,473,1,19.99,Average Regulars
73876,304,1,19.99,Average Regulars
86344,61,1,19.99,Average Regulars
80770,899,1,19.99,Lost
26098,1406,1,19.99,Average Regulars
76852,4,1,19.99,New Customers
46937,452,1,19.99,Average Regulars
60965,1222,1,19.99,At Risk (High Value)
76809,1005,1,19.99,Average Regulars
4910,1672,1,19.99,Lost
28615,561,1,19.99,Average Regulars
56285,2058,1,19.99,Average Regulars
12892,25,1,19.99,New Customers
86825,152,1,19.99,Average Regulars
43579,1299,1,19.99,Lost
64570,985,1,19.99,Average Regulars
73753,1230,1,19.99,Lost
83322,1929,1,19.99,At Risk (High Value)
57176,936,1,19.99,Average Regulars
99781,2277,1,19.99,Average Regulars
44018,199,1,19.99,New Customers
25388,288,1,19.99,Average Regulars
42248,907,1,19.99,Lost
21970,1316,1,19.99,Lost
427,167,1,19.99,New Customers
37890,1478,1,19.99,Average Regulars
16662,695,1,19.99,Lost
10292,885,1,19.99,Average Regulars
93856,201,1,19.99,New Customers
36322,945,1,19.99,Average Regulars
3039,95,1,19.99,Average Regulars
1009,50,1,19.99,New Customers
5987,71,1,19.99,Average Regulars
34435,1279,1,19.99,Lost
44102,5,1,19.99,Average Regulars
617,1538,1,19.99,At Risk (High Value)
96718,846,1,19.99,At Risk (High Value)
36652,1733,1,19.99,Lost
45946,61,1,19.99,Average Regulars
1127,835,1,19.99,Lost
89437,1966,1,19.99,At Risk (High Value)
19978,178,1,19.99,New Customers
94660,246,1,19.99,Average Regulars
55564,1440,1,19.99,Average Regulars
53892,205,1,19.99,Average Regulars
79700,43,1,19.99,New Customers
30717,117,1,19.99,New Customers
50392,163,1,19.99,New Customers
50352,342,1,19.99,Average Regulars
32784,1413,1,19.99,Average Regulars
75038,1162,1,19.99,At Risk (High Value)
93459,798,1,19.99,At Risk (High Value)
68339,27,1,19.99,Average Regulars
34796,28,1,19.99,New Customers
43025,1653,1,19.99,Lost
4043,535,1,19.99,Average Regulars
52622,1695,1,19.99,Lost
77990,2064,1,19.99,Lost
28554,1095,1,19.99,Lost
89928,709,1,19.99,Lost
49026,322,1,19.99,Average Regulars
92485,243,1,19.99,Average Regulars
96745,570,1,19.99,Average Regulars
4722,118,1,19.99,Average Regulars
60600,408,1,19.99,Average Regulars
59758,1742,1,19.99,Average Regulars
56927,1801,1,19.99,Average Regulars
27853,359,1,19.99,Average Regulars
84376,708,1,19.99,Lost
17673,30,1,19.99,New Customers
66272,383,1,19.99,Average Regulars
90181,1344,1,19.99,At Risk (High Value)
77052,142,1,19.99,Average Regulars
54993,359,1,19.99,Average Regulars
37179,722,1,19.99,At Risk (High Value)
82326,796,1,19.99,Lost
80658,208,1,19.99,Average Regulars
81801,6,1,19.99,Average Regulars
43036,852,1,19.99,At Risk (High Value)
42341,1521,1,19.99,Average Regulars
84650,413,1,19.99,Average Regulars
7053,589,1,19.99,Average Regulars
39325,242,1,19.99,New Customers
26336,103,1,19.99,New Customers
7508,1515,1,19.99,Lost
46346,636,1,19.99,Average Regulars
28859,0,1,19.98,Average Regulars
4560,34,1,19.98,Average Regulars
14047,28,1,19.98,Average Regulars
45260,224,1,19.98,New Customers
22403,1988,1,19.98,Lost
94177,58,1,19.98,New Customers
4784,464,1,19.98,Average Regulars
36022,1506,1,19.98,At Risk (High Value)
7051,1776,1,19.98,Lost
77239,38,1,19.98,New Customers
26267,247,1,19.98,Average Regulars
87024,950,1,19.98,Average Regulars
71092,1253,1,19.98,At Risk (High Value)
27951,1768,1,19.98,Average Regulars
65509,207,1,19.98,Average Regulars
56338,121,1,19.98,New Customers
6337,1058,1,19.97,At Risk (High Value)
73847,792,1,19.97,At Risk (High Value)
23646,1443,1,19.97,Average Regulars
654,312,1,19.97,Average Regulars
2575,559,1,19.97,Average Regulars
59714,920,1,19.95,Lost
36870,551,1,19.95,Average Regulars
21827,1126,1,19.95,At Risk (High Value)
31981,1832,1,19.95,Average Regulars
4405,15,1,19.95,Average Regulars
29323,73,1,19.95,Average Regulars
1740,1760,1,19.95,Lost
6888,1789,1,19.95,Average Regulars
83885,285,1,19.95,New Customers
26533,973,1,19.95,Average Regulars
5692,197,1,19.95,New Customers
11142,948,1,19.95,Lost
4476,126,1,19.95,Average Regulars
20749,953,1,19.95,Lost
3269,1644,1,19.95,At Risk (High Value)
61567,1378,1,19.95,Lost
43291,377,1,19.95,Average Regulars
94376,4,1,19.95,New Customers
30703,1698,1,19.95,Lost
8333,1274,1,19.95,At Risk (High Value)
75980,585,1,19.95,Average Regulars
79736,162,1,19.95,Average Regulars
9751,303,1,19.95,New Customers
62169,30,1,19.95,New Customers
68601,970,1,19.95,Lost
95564,988,1,19.95,Lost
29420,781,1,19.95,Lost
67018,87,1,19.95,Average Regulars
19321,1753,1,19.95,Lost
58887,66,1,19.95,Average Regulars
19929,138,1,19.95,Average Regulars
20388,166,1,19.95,New Customers
11550,1287,1,19.95,Lost
5958,1276,1,19.95,At Risk (High Value)
47676,550,1,19.95,Average Regulars
46870,887,1,19.95,Lost
5031,1972,1,19.95,At Risk (High Value)
70678,1313,1,19.95,At Risk (High Value)
81725,1745,1,19.95,Lost
84361,1422,1,19.95,Lost
17173,613,1,19.95,Average Regulars
68283,1022,1,19.95,At Risk (High Value)
88191,929,1,19.95,Lost
10298,2329,1,19.95,At Risk (High Value)
92963,1031,1,19.95,Lost
28800,1251,1,19.95,At Risk (High Value)
39192,1174,1,19.95,At Risk (High Value)
44029,775,1,19.95,At Risk (High Value)
72388,78,1,19.95,New Customers
85900,774,1,19.95,At Risk (High Value)
81556,1916,1,19.95,Lost
53436,59,1,19.95,Average Regulars
37502,15,1,19.95,Average Regulars
63981,10,1,19.95,New Customers
17674,940,1,19.95,Lost
73126,27,1,19.95,Average Regulars
13234,760,1,19.95,At Risk (High Value)
56513,137,1,19.94,New Customers
15507,14,1,19.94,Average Regulars
80316,851,1,19.94,Lost
50425,605,1,19.93,Average Regulars
81205,288,1,19.92,New Customers
64638,489,1,19.9,Average Regulars
65041,1240,1,19.9,Lost
30044,1728,1,19.9,At Risk (High Value)
52571,279,1,19.9,Average Regulars
92644,509,1,19.9,Average Regulars
37713,327,1,19.9,Average Regulars
59854,328,1,19.89,Average Regulars
19822,1011,1,19.89,Lost
38946,699,1,19.89,Lost
40699,66,1,19.89,Average Regulars
36450,398,1,19.88,Average Regulars
46363,1555,1,19.88,Average Regulars
3550,184,1,19.88,Average Regulars
45743,206,1,19.84,Average Regulars
84449,456,1,19.82,Average Regulars
66777,34,1,19.82,Average Regulars
60772,1464,1,19.79,Lost
35615,1124,1,19.77,Lost
93248,447,1,19.7,Average Regulars
10670,4,1,19.7,Average Regulars
31012,534,1,19.67,Average Regulars
90376,134,1,19.65,New Customers
98642,524,1,19.6,Average Regulars
49360,523,1,19.59,Average Regulars
61634,674,1,19.57,At Risk (High Value)
34094,2250,1,19.55,Average Regulars
28023,82,1,19.54,New Customers
39393,576,1,19.54,Average Regulars
16314,407,1,19.52,Average Regulars
9093,494,1,19.52,Average Regulars
78191,1896,1,19.5,Lost
88380,583,1,19.5,Average Regulars
89700,11,1,19.5,Average Regulars
69079,1049,1,19.5,At Risk (High Value)
21047,1434,1,19.5,Lost
27140,363,1,19.5,Average Regulars
13596,505,1,19.5,Average Regulars
37171,230,1,19.5,New Customers
10575,1861,1,19.5,Lost
172,9,1,19.5,Average Regulars
10082,31,1,19.5,Average Regulars
10809,297,1,19.5,New Customers
65341,661,1,19.5,At Risk (High Value)
94598,1661,1,19.5,Lost
70253,654,1,19.5,Average Regulars
44322,704,1,19.5,At Risk (High Value)
10612,750,1,19.5,Lost
78712,74,1,19.5,Average Regulars
36426,1209,1,19.5,Lost
20160,1629,1,19.5,At Risk (High Value)
78772,116,1,19.49,New Customers
89527,304,1,19.49,New Customers
87701,301,1,19.44,Average Regulars
41773,268,1,19.39,New Customers
1621,896,1,19.36,Lost
98733,1085,1,19.3,Average Regulars
16730,169,1,19.28,New Customers
69758,19,1,19.28,Average Regulars
70108,108,1,19.28,Average Regulars
98817,103,1,19.28,Average Regulars
35083,601,1,19.26,Average Regulars
87359,9,1,19.25,Average Regulars
84333,1146,1,19.25,At Risk (High Value)
5162,435,1,19.24,Average Regulars
20919,1070,1,19.22,Lost
13222,1036,1,19.22,Average Regulars
72523,554,1,19.22,Average Regulars
54874,360,1,19.21,Average Regulars
44185,1615,1,19.21,At Risk (High Value)
43882,894,1,19.2,Average Regulars
11434,276,1,19.2,New Customers
75840,77,1,19.2,Average Regulars
96144,1584,1,19.2,Average Regulars
28943,527,1,19.17,Average Regulars
61060,274,1,19.14,New Customers
50864,4,1,19.11,Average Regulars
85299,740,1,19.1,At Risk (High Value)
78748,349,1,19.02,Average Regulars
15901,373,1,19.0,Average Regulars
75189,699,1,19.0,Lost
94317,337,1,19.0,Average Regulars
21457,307,1,19.0,New Customers
90468,404,1,19.0,Average Regulars
10808,15,1,19.0,Average Regulars
95178,452,1,19.0,Average Regulars
51335,1160,1,19.0,At Risk (High Value)
63142,742,1,19.0,Lost
80125,210,1,19.0,New Customers
61248,689,1,19.0,At Risk (High Value)
22736,220,1,19.0,Average Regulars
41352,1348,1,19.0,Lost
86226,517,1,19.0,Average Regulars
56686,388,1,19.0,Average Regulars
81255,737,1,19.0,Lost
97319,46,1,19.0,Average Regulars
19520,25,1,19.0,Average Regulars
72333,1130,1,19.0,At Risk (High Value)
19275,123,1,19.0,New Customers
64300,1693,1,19.0,Lost
85456,373,1,19.0,Average Regulars
28143,1228,1,19.0,Lost
53434,1787,1,18.99,Lost
10857,162,1,18.99,Average Regulars
83598,419,1,18.99,Average Regulars
11067,308,1,18.99,Average Regulars
7372,778,1,18.99,At Risk (High Value)
64379,182,1,18.99,New Customers
97706,1599,1,18.99,At Risk (High Value)
20275,24,1,18.99,New Customers
38779,456,1,18.99,Average Regulars
60680,1923,1,18.99,Lost
43853,9,1,18.99,Average Regulars
8751,897,1,18.99,Average Regulars
2756,237,1,18.99,Average Regulars
12591,1523,1,18.99,Lost
12884,814,1,18.99,Lost
60513,439,1,18.99,Average Regulars
63742,36,1,18.99,Average Regulars
81626,161,1,18.99,New Customers
68019,1395,1,18.99,Average Regulars
25475,61,1,18.99,Average Regulars
87254,1009,1,18.99,Average Regulars
27950,231,1,18.99,New Customers
80396,847,1,18.99,Lost
48536,115,1,18.99,New Customers
16097,768,1,18.99,Lost
56079,2078,1,18.99,Average Regulars
37870,912,1,18.99,Average Regulars
55801,577,1,18.99,Average Regulars
53717,476,1,18.99,Average Regulars
33906,486,1,18.99,Average Regulars
26561,549,1,18.99,Average Regulars
37783,187,1,18.99,Average Regulars
8731,231,1,18.99,New Customers
18231,312,1,18.99,Average Regulars
76611,383,1,18.98,Average Regulars
40139,1879,1,18.98,At Risk (High Value)
28621,719,1,18.98,At Risk (High Value)
57558,236,1,18.98,Average Regulars
35302,424,1,18.98,Average Regulars
36915,2085,1,18.97,Lost
50279,400,1,18.97,Average Regulars
67218,6,1,18.97,Average Regulars
86114,2691,1,18.97,Lost
81861,638,1,18.97,Average Regulars
73279,686,1,18.96,Lost
65253,444,1,18.95,Average Regulars
20991,74,1,18.95,Average Regulars
59935,119,1,18.95,Average Regulars
80983,1166,1,18.95,Average Regulars
8845,206,1,18.95,New Customers
95376,17,1,18.95,Average Regulars
77975,1130,1,18.95,Lost
14933,106,1,18.95,Average Regulars
79007,296,1,18.95,Average Regulars
54443,8,1,18.95,Average Regulars
35032,89,1,18.95,Average Regulars
3176,348,1,18.95,Average Regulars
13512,804,1,18.95,At Risk (High Value)
45948,256,1,18.95,New Customers
73491,523,1,18.95,Average Regulars
66773,117,1,18.95,New Customers
56699,160,1,18.94,New Customers
85615,94,1,18.94,Average Regulars
1052,135,2,18.94,Average Regulars
16800,23,1,18.9,New Customers
59533,1111,1,18.9,Average Regulars
66672,834,1,18.9,At Risk (High Value)
94158,452,1,18.9,Average Regulars
77400,1350,1,18.89,Lost
77625,864,1,18.87,Lost
62260,321,1,18.84,Average Regulars
7762,43,1,18.81,New Customers
30059,53,1,18.81,Average Regulars
98351,1244,1,18.76,At Risk (High Value)
46945,1606,1,18.76,At Risk (High Value)
27937,187,1,18.76,Average Regulars
75524,864,1,18.75,Lost
74832,131,1,18.75,Average Regulars
25939,130,1,18.75,Average Regulars
16877,939,1,18.71,Average Regulars
32284,219,1,18.69,Average Regulars
36747,736,1,18.68,At Risk (High Value)
50879,1245,1,18.66,Lost
48535,471,1,18.65,Average Regulars
51695,84,1,18.64,New Customers
77685,331,1,18.63,Average Regulars
83285,534,1,18.61,Average Regulars
88514,88,1,18.61,Average Regulars
37685,397,1,18.61,Average Regulars
71656,142,1,18.6,Average Regulars
63739,1614,1,18.59,At Risk (High Value)
60870,1315,1,18.59,At Risk (High Value)
43616,1053,1,18.56,Lost
45813,609,1,18.56,Average Regulars
30231,109,1,18.5,Average Regulars
40482,124,1,18.5,Average Regulars
47359,193,1,18.5,Average Regulars
61946,723,1,18.5,Lost
72531,547,1,18.5,Average Regulars
61314,190,1,18.5,Average Regulars
53031,1128,1,18.5,At Risk (High Value)
73457,155,1,18.5,New Customers
21014,32,1,18.5,New Customers
45579,1766,1,18.49,Lost
31152,1251,1,18.48,At Risk (High Value)
58983,911,1,18.48,Average Regulars
59766,1784,1,18.43,Average Regulars
27999,529,1,18.35,Average Regulars
52831,2066,1,18.35,Average Regulars
52060,1586,1,18.29,Lost
85012,984,1,18.27,Lost
59684,294,1,18.25,New Customers
46569,6,1,18.2,Average Regulars
56043,473,1,18.2,Average Regulars
15330,1086,1,18.2,Average Regulars
13184,259,1,18.2,New Customers
10444,224,1,18.15,Average Regulars
98978,5,1,18.15,New Customers
27324,550,1,18.15,Average Regulars
55163,764,1,18.1,At Risk (High Value)
66352,376,1,18.09,Average Regulars
68146,200,1,18.09,New Customers
3499,1563,1,18.09,Lost
95835,797,1,18.08,At Risk (High Value)
99346,465,1,18.08,Average Regulars
42065,980,1,18.02,Average Regulars
26230,520,1,18.0,Average Regulars
9056,185,1,18.0,New Customers
2916,1419,1,18.0,Average Regulars
50188,220,1,18.0,New Customers
40152,475,1,18.0,Average Regulars
96136,748,1,18.0,Lost
64171,329,1,18.0,Average Regulars
42956,18,1,18.0,Average Regulars
9978,63,1,18.0,Average Regulars
46015,1715,1,18.0,Lost
37552,693,1,18.0,At Risk (High Value)
92222,1175,1,18.0,At Risk (High Value)
41948,155,1,18.0,Average Regulars
90147,1010,1,18.0,Lost
86547,1379,1,18.0,Lost
47821,156,1,18.0,New Customers
6472,272,1,18.0,Average Regulars
20380,1442,1,18.0,Lost
86602,117,1,18.0,Average Regulars
79956,583,1,18.0,Average Regulars
41846,722,1,18.0,Lost
69560,670,1,18.0,Lost
89690,102,1,18.0,New Customers
74192,48,1,18.0,Average Regulars
61384,1597,1,18.0,At Risk (High Value)
87564,1568,1,18.0,Lost
23051,380,1,18.0,Average Regulars
53654,369,1,18.0,Average Regulars
69275,1421,1,18.0,Average Regulars
71208,673,1,18.0,At Risk (High Value)
86273,506,1,18.0,Average Regulars
89498,1250,1,18.0,Lost
35210,1451,1,18.0,Lost
32840,4,1,18.0,Average Regulars
96053,949,1,18.0,Average Regulars
62074,760,1,18.0,Lost
89617,534,1,18.0,Average Regulars
31360,2034,1,18.0,Average Regulars
18596,173,1,18.0,Average Regulars
84327,18,1,18.0,New Customers
22324,208,1,18.0,New Customers
93870,663,1,18.0,Lost
7616,316,1,18.0,New Customers
91711,184,1,18.0,Average Regulars
41558,337,1,18.0,Average Regulars
70352,271,1,18.0,Average Regulars
65504,1376,1,18.0,Lost
4814,6,1,18.0,Average Regulars
71352,2335,1,18.0,At Risk (High Value)
2357,464,1,18.0,Average Regulars
63614,691,1,18.0,Lost
71821,706,1,18.0,At Risk (High Value)
88158,299,1,18.0,New Customers
34282,301,1,18.0,New Customers
20998,6,1,18.0,Average Regulars
70746,55,1,18.0,Average Regulars
67112,1711,1,18.0,Lost
32059,1144,1,18.0,At Risk (High Value)
48101,20,1,18.0,Average Regulars
56072,538,1,18.0,Average Regulars
99749,82,1,18.0,Average Regulars
72022,712,1,18.0,Lost
83963,1281,1,18.0,At Risk (High Value)
10017,963,1,18.0,Average Regulars
5921,50,1,18.0,Average Regulars
54740,1038,1,18.0,Lost
70699,767,1,18.0,At Risk (High Value)
63914,1070,1,18.0,Average Regulars
36418,721,1,18.0,At Risk (High Value)
57827,910,1,18.0,Average Regulars
93962,5,1,18.0,New Customers
3746,327,1,18.0,Average Regulars
44257,16,1,18.0,Average Regulars
57464,1293,1,18.0,Lost
85964,649,1,18.0,Average Regulars
87194,1902,1,18.0,At Risk (High Value)
53953,854,1,18.0,Lost
37107,1493,1,18.0,At Risk (High Value)
49752,1196,1,18.0,At Risk (High Value)
49829,1697,1,18.0,At Risk (High Value)
36948,1199,1,18.0,At Risk (High Value)
18278,2154,1,18.0,At Risk (High Value)
60457,662,1,18.0,Lost
64661,918,1,18.0,Average Regulars
82941,833,1,18.0,At Risk (High Value)
21141,1178,1,18.0,At Risk (High Value)
86415,278,1,18.0,Average Regulars
67098,418,1,18.0,Average Regulars
38523,28,1,18.0,Average Regulars
94222,1495,1,18.0,At Risk (High Value)
55054,1737,1,18.0,Lost
53527,386,1,17.99,Average Regulars
48178,1849,1,17.99,Average Regulars
95544,170,1,17.99,New Customers
53575,6,1,17.99,Average Regulars
14012,271,1,17.99,New Customers
72748,880,1,17.99,At Risk (High Value)
3310,275,1,17.99,New Customers
78781,109,1,17.99,Average Regulars
39565,2141,1,17.99,Lost
86005,472,1,17.99,Average Regulars
8091,107,1,17.99,Average Regulars
31733,1229,1,17.99,Lost
22718,1784,1,17.99,Average Regulars
72872,969,1,17.99,Lost
42768,212,1,17.99,New Customers
2423,312,1,17.99,New Customers
12489,861,1,17.99,Lost
85708,956,1,17.99,Lost
91985,42,1,17.99,Average Regulars
33114,898,1,17.99,Lost
17940,406,1,17.99,Average Regulars
27566,33,1,17.99,New Customers
52410,507,1,17.99,Average Regulars
84733,853,1,17.99,At Risk (High Value)
47674,262,1,17.99,Average Regulars
86962,790,1,17.99,Lost
35138,307,1,17.99,New Customers
77758,156,1,17.99,New Customers
96737,367,1,17.99,Average Regulars
449,225,1,17.99,Average Regulars
11870,320,1,17.99,New Customers
14138,358,1,17.99,Average Regulars
44810,15,1,17.99,Average Regulars
5286,1285,1,17.99,At Risk (High Value)
19090,972,1,17.99,Average Regulars
78779,206,1,17.99,Average Regulars
23879,73,1,17.99,New Customers
82835,540,1,17.99,Average Regulars
20649,686,1,17.99,Lost
53074,207,1,17.99,Average Regulars
47906,63,1,17.99,Average Regulars
82246,280,1,17.99,New Customers
94069,238,1,17.99,Average Regulars
33361,1261,1,17.99,At Risk (High Value)
34406,1007,1,17.99,Average Regulars
34348,702,1,17.99,Lost
43106,1091,1,17.99,Average Regulars
10760,1799,1,17.99,Average Regulars
87192,1032,1,17.99,Average Regulars
65094,8,1,17.99,New Customers
54047,583,1,17.99,Average Regulars
43590,141,1,17.99,New Customers
61920,254,1,17.99,Average Regulars
78537,623,1,17.99,Average Regulars
53485,748,1,17.99,Lost
56548,7,1,17.99,New Customers
79831,849,1,17.98,Lost
50928,1396,1,17.98,Lost
99161,907,1,17.98,Lost
20683,476,1,17.97,Average Regulars
51266,182,1,17.97,New Customers
78296,1246,1,17.97,Lost
11617,1317,1,17.97,Lost
38427,1431,1,17.97,Lost
82323,476,1,17.97,Average Regulars
42310,493,1,17.95,Average Regulars
11111,1087,1,17.95,Average Regulars
55810,299,1,17.95,New Customers
33663,969,1,17.95,Average Regulars
27512,607,1,17.95,Average Regulars
14703,614,1,17.95,Average Regulars
8944,1198,1,17.95,At Risk (High Value)
90367,1056,1,17.95,Lost
50405,2059,1,17.95,Average Regulars
57635,331,1,17.95,Average Regulars
12639,232,1,17.95,New Customers
90256,765,1,17.95,At Risk (High Value)
3522,171,1,17.95,Average Regulars
57088,1586,1,17.95,Lost
30836,194,1,17.95,Average Regulars
90536,190,1,17.95,Average Regulars
517,114,1,17.95,Average Regulars
26501,694,1,17.95,At Risk (High Value)
38317,1995,1,17.95,Lost
65273,817,1,17.95,At Risk (High Value)
49763,54,1,17.95,Average Regulars
50022,38,1,17.95,New Customers
92364,1124,1,17.95,Lost
6701,1277,1,17.95,At Risk (High Value)
84070,363,1,17.95,Average Regulars
80821,324,1,17.95,Average Regulars
49972,59,1,17.95,Average Regulars
97517,7,1,17.95,New Customers
44950,220,1,17.95,Average Regulars
36214,889,1,17.95,Average Regulars
44838,1434,1,17.95,Lost
93210,692,1,17.95,At Risk (High Value)
88905,523,1,17.95,Average Regulars
28544,646,1,17.95,Average Regulars
61016,1681,1,17.95,Lost
86574,8,1,17.95,Average Regulars
7516,275,1,17.95,New Customers
8183,2063,1,17.95,Average Regulars
3292,233,1,17.93,Average Regulars
11546,1492,1,17.9,Lost
52427,840,1,17.9,Lost
23858,1321,1,17.9,At Risk (High Value)
66138,385,1,17.9,Average Regulars
5618,8,1,17.9,New Customers
88226,470,1,17.9,Average Regulars
38724,377,1,17.88,Average Regulars
27930,1846,1,17.85,Lost
47734,4,1,17.84,Average Regulars
29262,1318,1,17.84,Lost
34112,523,1,17.84,Average Regulars
69328,29,1,17.8,Average Regulars
44848,1169,1,17.75,Average Regulars
21641,932,1,17.75,Lost
29931,785,1,17.75,At Risk (High Value)
53706,271,1,17.75,New Customers
89678,112,1,17.73,New Customers
41248,211,1,17.69,New Customers
29984,5,1,17.66,Average Regulars
3475,1204,1,17.64,Lost
45661,1794,1,17.63,Lost
20411,1425,1,17.63,Average Regulars
21586,1346,1,17.6,Lost
42699,1565,1,17.59,Average Regulars
43386,709,1,17.58,Lost
57765,233,1,17.56,New Customers
76220,239,1,17.53,New Customers
5819,2480,1,17.5,At Risk (High Value)
669,1573,1,17.5,At Risk (High Value)
71464,300,1,17.5,New Customers
96742,1003,1,17.5,Lost
87935,198,1,17.5,New Customers
87449,1664,1,17.5,Lost
74267,909,1,17.5,Average Regulars
77321,5,1,17.5,New Customers
35795,1439,1,17.5,Average Regulars
5816,555,1,17.5,Average Regulars
71783,608,1,17.5,Average Regulars
28273,1025,1,17.5,Average Regulars
11325,837,1,17.5,At Risk (High Value)
80271,13,1,17.5,Average Regulars
60133,23,1,17.5,New Customers
70761,458,1,17.5,Average Regulars
41919,1139,1,17.5,At Risk (High Value)
99288,1677,1,17.5,Lost
42889,6,1,17.5,Average Regulars
15190,36,1,17.5,Average Regulars
72869,1624,1,17.5,Lost
16279,1758,1,17.5,Average Regulars
96671,89,1,17.49,Average Regulars
94797,38,1,17.48,Average Regulars
21065,1125,2,17.48,At Risk (High Value)
30243,2528,1,17.48,Lost
26325,845,1,17.45,At Risk (High Value)
39032,438,1,17.45,Average Regulars
43033,2075,1,17.37,Lost
32988,98,1,17.37,New Customers
3037,523,1,17.33,Average Regulars
84084,809,1,17.32,At Risk (High Value)
77194,583,1,17.32,Average Regulars
13894,217,1,17.32,Average Regulars
78735,753,1,17.32,Lost
50845,894,1,17.32,Lost
55714,249,1,17.32,New Customers
47757,269,1,17.31,Average Regulars
73586,228,1,17.27,Average Regulars
66309,138,1,17.27,Average Regulars
87205,1409,1,17.26,Lost
1011,86,1,17.25,Average Regulars
24843,1849,1,17.2,Average Regulars
8580,399,1,17.2,Average Regulars
60962,1291,1,17.12,Lost
57651,876,1,17.05,At Risk (High Value)
37088,452,1,17.05,Average Regulars
77228,775,1,17.03,Lost
16685,274,1,17.0,New Customers
30273,273,1,17.0,Average Regulars
60251,716,1,17.0,At Risk (High Value)
66572,1847,1,17.0,At Risk (High Value)
52443,1189,1,17.0,At Risk (High Value)
33764,232,1,17.0,Average Regulars
93453,2022,1,17.0,Average Regulars
22306,4,1,17.0,Average Regulars
65921,6,1,17.0,New Customers
88014,1528,1,17.0,Lost
3618,1174,1,17.0,At Risk (High Value)
1112,1132,1,17.0,Lost
73162,339,1,17.0,Average Regulars
64490,456,1,17.0,Average Regulars
14354,611,1,17.0,Average Regulars
46355,245,1,17.0,Average Regulars
73702,1104,1,17.0,Lost
8108,689,1,17.0,At Risk (High Value)
11007,338,1,17.0,Average Regulars
89019,640,1,17.0,Average Regulars
14254,134,1,17.0,Average Regulars
13651,2319,1,17.0,Lost
81838,200,1,17.0,New Customers
46612,297,1,17.0,Average Regulars
43865,125,1,17.0,New Customers
7624,118,1,17.0,New Customers
47689,29,1,17.0,Average Regulars
47115,1378,1,17.0,Average Regulars
60955,1945,1,16.99,At Risk (High Value)
40083,589,1,16.99,Average Regulars
11236,1737,1,16.99,Lost
94355,608,1,16.99,Average Regulars
66560,148,1,16.99,Average Regulars
29752,848,1,16.99,At Risk (High Value)
64012,1909,1,16.99,Lost
51257,308,1,16.99,New Customers
53617,1242,1,16.99,At Risk (High Value)
78989,1843,1,16.99,At Risk (High Value)
57796,70,1,16.99,Average Regulars
82923,615,1,16.99,Average Regulars
24100,539,1,16.99,Average Regulars
21816,4,1,16.99,Average Regulars
73725,21,1,16.99,Average Regulars
87199,1749,1,16.99,Lost
72947,543,1,16.99,Average Regulars
90277,135,1,16.99,Average Regulars
27806,980,1,16.99,Lost
39650,1486,1,16.99,At Risk (High Value)
82491,57,1,16.99,Average Regulars
12619,823,1,16.99,Lost
6066,801,1,16.99,Lost
80026,1657,1,16.99,Lost
32806,913,1,16.99,Average Regulars
49376,1154,1,16.99,Average Regulars
62020,224,1,16.99,Average Regulars
25052,61,1,16.99,Average Regulars
53437,352,1,16.99,Average Regulars
96714,390,1,16.99,Average Regulars
68105,1462,1,16.99,Average Regulars
54934,534,1,16.99,Average Regulars
24696,193,1,16.99,New Customers
30306,1063,1,16.99,Lost
71091,845,1,16.99,At Risk (High Value)
60315,251,1,16.99,Average Regulars
67824,1248,1,16.99,At Risk (High Value)
17244,136,1,16.99,New Customers
53043,1029,1,16.99,At Risk (High Value)
30057,628,1,16.99,Average Regulars
8082,467,1,16.99,Average Regulars
2995,798,1,16.99,Lost
27862,390,1,16.99,Average Regulars
38290,736,1,16.99,At Risk (High Value)
87881,1869,1,16.99,At Risk (High Value)
80441,763,1,16.99,Lost
44663,45,1,16.99,Average Regulars
67407,275,1,16.98,Average Regulars
73900,790,1,16.98,Lost
13707,11,1,16.98,New Customers
59138,240,1,16.98,Average Regulars
81275,938,1,16.98,Average Regulars
22029,11,1,16.98,Average Regulars
68545,389,2,16.98,Average Regulars
41206,58,1,16.98,Average Regulars
36988,367,1,16.98,Average Regulars
43481,1687,1,16.98,Lost
82199,96,1,16.98,New Customers
78914,1449,1,16.98,Average Regulars
11781,80,1,16.98,Average Regulars
76491,47,1,16.97,Average Regulars
87259,992,1,16.97,Lost
19064,1577,1,16.97,At Risk (High Value)
676,7,1,16.97,Average Regulars
47611,62,1,16.97,Average Regulars
30337,213,1,16.96,New Customers
89263,123,1,16.96,Average Regulars
37915,326,1,16.96,Average Regulars
5577,558,1,16.95,Average Regulars
17688,483,1,16.95,Average Regulars
67776,1957,1,16.95,At Risk (High Value)
81143,1891,1,16.95,At Risk (High Value)
73902,522,1,16.95,Average Regulars
39674,1492,1,16.95,At Risk (High Value)
72549,24,1,16.95,New Customers
90238,144,1,16.95,New Customers
43374,1009,1,16.95,Average Regulars
47590,426,1,16.95,Average Regulars
23966,944,1,16.95,Lost
11969,851,1,16.95,Lost
8840,271,1,16.95,Average Regulars
1323,1056,1,16.95,Lost
20126,2088,1,16.95,Lost
78142,860,1,16.95,Lost
62996,131,1,16.95,Average Regulars
85160,1363,1,16.95,Lost
6966,29,1,16.95,New Customers
93818,861,1,16.95,At Risk (High Value)
6067,92,1,16.95,Average Regulars
67343,4,1,16.94,Average Regulars
15682,1172,2,16.94,At Risk (High Value)
28300,1919,1,16.9,Lost
29589,1425,1,16.9,Lost
59071,1177,1,16.9,Lost
93535,2156,1,16.88,At Risk (High Value)
24014,200,1,16.88,Average Regulars
43198,220,1,16.86,Average Regulars
76043,1650,1,16.85,Lost
69907,513,1,16.84,Average Regulars
62201,25,1,16.8,New Customers
75803,414,1,16.79,Average Regulars
33389,463,1,16.78,Average Regulars
82478,59,1,16.78,Average Regulars
99529,1462,1,16.78,Lost
23985,371,1,16.75,Average Regulars
79359,814,1,16.75,At Risk (High Value)
27678,183,1,16.75,Average Regulars
33815,471,1,16.74,Average Regulars
20949,354,1,16.69,Average Regulars
79277,1424,1,16.66,Lost
68223,53,1,16.63,New Customers
13929,49,1,16.61,Average Regulars
71756,830,1,16.59,At Risk (High Value)
21852,827,1,16.58,At Risk (High Value)
84501,132,1,16.53,New Customers
86024,1058,1,16.5,At Risk (High Value)
61215,13,1,16.5,Average Regulars
71117,35,1,16.5,Average Regulars
66155,440,1,16.5,Average Regulars
61792,1271,1,16.5,Lost
9696,207,1,16.5,Average Regulars
70712,931,1,16.5,Average Regulars
96495,1119,1,16.5,Lost
98147,98,1,16.5,New Customers
40448,385,1,16.5,Average Regulars
28668,119,1,16.5,New Customers
4208,4,2,16.49,Average Regulars
94645,56,1,16.48,Average Regulars
47512,234,1,16.48,Average Regulars
3065,1224,1,16.47,Lost
16258,850,1,16.47,At Risk (High Value)
85346,735,1,16.42,At Risk (High Value)
40350,560,1,16.38,Average Regulars
92246,896,1,16.38,Lost
71274,126,1,16.38,Average Regulars
24284,1072,1,16.38,Average Regulars
958,431,1,16.38,Average Regulars
38563,65,1,16.38,Average Regulars
62588,292,1,16.37,New Customers
91271,4,1,16.36,Average Regulars
88802,1052,1,16.36,Lost
90813,272,1,16.36,Average Regulars
43053,2066,1,16.35,Lost
57563,224,1,16.31,Average Regulars
85930,99,1,16.31,Average Regulars
31731,2081,1,16.25,Lost
67605,2078,1,16.25,Average Regulars
78463,113,1,16.24,Average Regulars
26224,552,1,16.24,Average Regulars
655,538,1,16.22,Average Regulars
23770,4,1,16.22,New Customers
15561,112,1,16.21,Average Regulars
52153,414,1,16.19,Average Regulars
54762,2214,1,16.19,Lost
95137,108,1,16.14,Average Regulars
84300,513,1,16.12,Average Regulars
80768,65,1,16.1,Average Regulars
5445,2412,1,16.08,Average Regulars
48834,179,1,16.08,New Customers
37127,289,1,16.08,Average Regulars
81083,360,1,16.08,Average Regulars
42346,1911,1,16.08,At Risk (High Value)
96551,459,1,16.06,Average Regulars
99821,265,1,16.06,Average Regulars
89048,1672,1,16.05,At Risk (High Value)
22758,1905,1,16.04,Lost
78218,570,1,16.0,Average Regulars
99793,9,1,16.0,New Customers
28831,35,1,16.0,New Customers
72330,169,1,16.0,Average Regulars
75472,359,1,16.0,Average Regulars
81849,1593,1,16.0,At Risk (High Value)
45273,26,1,16.0,Average Regulars
94192,1356,1,16.0,Lost
16248,574,1,16.0,Average Regulars
11377,754,1,16.0,At Risk (High Value)
93146,13,1,16.0,New Customers
28688,1889,1,16.0,Lost
23647,509,1,16.0,Average Regulars
52783,445,1,16.0,Average Regulars
76301,169,1,16.0,Average Regulars
903,1510,1,16.0,Lost
41956,1368,1,16.0,Average Regulars
2880,131,1,16.0,Average Regulars
28960,102,1,16.0,New Customers
72109,5,1,16.0,Average Regulars
40775,48,1,16.0,Average Regulars
43451,17,1,16.0,New Customers
98251,565,1,16.0,Average Regulars
12584,929,1,16.0,Lost
10840,487,1,16.0,Average Regulars
21811,5,1,16.0,New Customers
36158,285,1,16.0,Average Regulars
36195,40,1,16.0,New Customers
17684,26,1,16.0,New Customers
39086,838,1,16.0,Lost
72540,649,1,16.0,Average Regulars
76076,608,1,16.0,Average Regulars
66343,501,1,16.0,Average Regulars
74759,325,1,16.0,Average Regulars
98383,705,1,16.0,Lost
33531,898,1,16.0,Average Regulars
70914,369,1,16.0,Average Regulars
71990,1309,1,16.0,At Risk (High Value)
47692,45,1,16.0,Average Regulars
72395,102,1,16.0,Average Regulars
70123,1936,1,16.0,Lost
8288,4,1,16.0,Average Regulars
59608,1149,1,16.0,At Risk (High Value)
67553,707,1,16.0,At Risk (High Value)
59087,1248,1,16.0,At Risk (High Value)
29103,573,1,16.0,Average Regulars
27343,48,1,16.0,New Customers
3549,573,1,16.0,Average Regulars
94385,861,1,16.0,At Risk (High Value)
14716,372,1,16.0,Average Regulars
89885,1520,1,16.0,Average Regulars
69053,574,1,16.0,Average Regulars
85144,286,1,16.0,New Customers
37758,91,1,16.0,Average Regulars
1741,1248,1,16.0,Lost
26548,940,1,16.0,Average Regulars
30748,369,1,16.0,Average Regulars
63126,591,1,16.0,Average Regulars
23229,312,1,16.0,New Customers
16953,4,1,16.0,Average Regulars
65543,1280,1,16.0,At Risk (High Value)
24367,186,1,16.0,Average Regulars
85952,462,1,15.99,Average Regulars
472,90,1,15.99,Average Regulars
49676,35,1,15.99,New Customers
31150,782,1,15.99,Lost
18681,2028,1,15.99,Average Regulars
90217,639,1,15.99,Average Regulars
11476,221,1,15.99,New Customers
26358,104,1,15.99,Average Regulars
61440,1988,1,15.99,At Risk (High Value)
74532,524,1,15.99,Average Regulars
52136,847,1,15.99,At Risk (High Value)
42235,1869,1,15.99,At Risk (High Value)
72320,1440,1,15.99,Average Regulars
22699,552,1,15.99,Average Regulars
17894,1029,1,15.99,Average Regulars
33689,1112,1,15.99,Average Regulars
22165,763,1,15.99,At Risk (High Value)
61915,539,1,15.99,Average Regulars
87740,581,1,15.99,Average Regulars
59343,497,1,15.99,Average Regulars
66042,2585,1,15.99,At Risk (High Value)
48553,1081,1,15.99,Lost
81131,188,1,15.99,New Customers
91394,32,1,15.99,New Customers
78388,1247,1,15.99,Lost
76588,2572,1,15.99,Lost
26115,112,1,15.99,Average Regulars
93763,1237,1,15.99,Lost
33932,38,1,15.99,Average Regulars
76914,958,1,15.99,Lost
64062,674,1,15.99,At Risk (High Value)
65667,409,1,15.99,Average Regulars
80553,1544,1,15.99,At Risk (High Value)
7988,373,1,15.99,Average Regulars
51066,76,1,15.99,Average Regulars
76250,456,1,15.99,Average Regulars
85515,4,1,15.99,New Customers
97611,1080,1,15.99,Lost
18726,1618,1,15.99,At Risk (High Value)
67618,870,1,15.99,At Risk (High Value)
46209,154,1,15.99,New Customers
66698,765,1,15.99,Lost
35429,1183,1,15.99,At Risk (High Value)
49066,1354,1,15.99,Lost
29968,73,1,15.99,Average Regulars
21840,127,1,15.99,Average Regulars
47196,1236,1,15.99,Lost
2746,166,1,15.99,Average Regulars
73761,1476,1,15.99,Lost
85005,27,1,15.99,Average Regulars
72971,40,1,15.99,New Customers
33959,256,1,15.98,New Customers
79132,1188,1,15.98,Lost
40597,1450,1,15.95,Average Regulars
6728,613,1,15.95,Average Regulars
858,555,1,15.95,Average Regulars
92931,2199,1,15.95,At Risk (High Value)
7091,1494,1,15.95,Lost
34641,751,1,15.95,Lost
27583,4,1,15.95,Average Regulars
50147,86,1,15.95,New Customers
36349,937,1,15.95,Lost
29020,129,1,15.95,New Customers
74714,93,1,15.95,Average Regulars
18656,741,1,15.95,At Risk (High Value)
13736,466,1,15.95,Average Regulars
50960,420,1,15.95,Average Regulars
99289,7,1,15.95,New Customers
26434,558,1,15.94,Average Regulars
6613,31,1,15.94,Average Regulars
72735,283,1,15.94,New Customers
74530,552,1,15.9,Average Regulars
95942,9,1,15.9,New Customers
10803,38,1,15.9,New Customers
30984,28,1,15.9,Average Regulars
13765,690,1,15.9,Lost
18915,343,1,15.9,Average Regulars
6822,1791,1,15.9,Lost
11205,156,1,15.9,Average Regulars
20204,565,1,15.9,Average Regulars
36180,134,1,15.9,Average Regulars
31875,1042,1,15.9,Lost
58450,1064,1,15.9,Lost
9542,1875,1,15.88,Lost
36215,836,1,15.87,At Risk (High Value)
75635,1325,1,15.87,Lost
55794,45,1,15.87,Average Regulars
25815,58,1,15.87,New Customers
47803,300,1,15.86,Average Regulars
13310,91,1,15.86,Average Regulars
8060,468,1,15.81,Average Regulars
71548,1391,1,15.8,Lost
25476,1121,1,15.75,At Risk (High Value)
88419,24,1,15.75,Average Regulars
11186,303,1,15.75,New Customers
74640,740,1,15.75,At Risk (High Value)
65533,1848,1,15.75,Average Regulars
84033,358,1,15.74,Average Regulars
71717,92,1,15.74,New Customers
33124,693,1,15.72,Lost
43475,737,1,15.72,Lost
52068,261,1,15.72,Average Regulars
9705,1441,1,15.7,Lost
63787,361,1,15.7,Average Regulars
96419,2371,1,15.7,Lost
3519,444,1,15.7,Average Regulars
45594,41,1,15.68,Average Regulars
11462,4,1,15.68,New Customers
21370,57,1,15.67,Average Regulars
15960,322,1,15.67,Average Regulars
73548,307,1,15.67,Average Regulars
20138,90,1,15.67,Average Regulars
68872,786,1,15.67,At Risk (High Value)
3417,1909,1,15.6,At Risk (High Value)
88415,215,1,15.56,Average Regulars
63044,604,1,15.56,Average Regulars
62557,1977,1,15.54,Lost
58872,263,1,15.54,New Customers
48416,1372,1,15.51,Average Regulars
63053,1746,1,15.51,Lost
96398,913,1,15.5,Average Regulars
21950,1190,1,15.5,Lost
51312,177,1,15.5,New Customers
75665,43,1,15.44,Average Regulars
60567,823,1,15.44,Lost
77241,449,1,15.44,Average Regulars
56662,191,1,15.42,Average Regulars
35403,454,1,15.4,Average Regulars
9866,418,1,15.38,Average Regulars
43214,330,1,15.37,Average Regulars
44818,558,1,15.31,Average Regulars
80474,47,1,15.28,Average Regulars
22859,160,1,15.28,Average Regulars
34122,908,1,15.28,Lost
51819,115,1,15.28,New Customers
92190,4,1,15.28,Average Regulars
4893,1003,1,15.28,Average Regulars
70948,1033,1,15.28,At Risk (High Value)
41080,4,1,15.27,Average Regulars
39260,427,1,15.27,Average Regulars
26445,21,1,15.27,Average Regulars
26162,78,1,15.27,Average Regulars
35085,282,1,15.27,New Customers
27452,710,1,15.24,At Risk (High Value)
17015,84,1,15.24,Average Regulars
38448,661,1,15.24,Lost
21867,1664,1,15.24,Lost
70396,2234,1,15.24,At Risk (High Value)
32863,918,1,15.21,Lost
28086,962,1,15.21,Average Regulars
89773,680,1,15.2,Lost
47342,1334,1,15.16,Lost
86382,778,1,15.1,Lost
37210,329,1,15.1,Average Regulars
89178,898,1,15.1,Lost
91696,2245,1,15.09,At Risk (High Value)
86110,807,1,15.05,At Risk (High Value)
81066,827,1,15.05,Lost
36842,254,1,15.0,Average Regulars
10510,353,1,15.0,Average Regulars
6627,816,1,15.0,At Risk (High Value)
18261,17,1,15.0,Average Regulars
48737,648,1,15.0,Average Regulars
43934,290,1,15.0,New Customers
64382,95,1,15.0,Average Regulars
99033,712,1,15.0,At Risk (High Value)
92494,205,1,15.0,New Customers
20678,1948,1,15.0,Lost
49658,670,1,15.0,At Risk (High Value)
35175,1688,1,15.0,Lost
66601,511,1,15.0,Average Regulars
67878,371,1,15.0,Average Regulars
1617,126,1,15.0,Average Regulars
34791,248,1,15.0,New Customers
89734,6,1,15.0,Average Regulars
78948,757,1,15.0,Lost
16845,64,1,15.0,New Customers
75811,1519,1,15.0,Average Regulars
45547,107,1,15.0,Average Regulars
3166,64,1,15.0,Average Regulars
96179,1490,1,15.0,Lost
84202,1352,1,15.0,Lost
67795,831,1,15.0,At Risk (High Value)
11454,1323,1,15.0,At Risk (High Value)
51387,623,1,15.0,Average Regulars
80986,38,1,15.0,New Customers
32846,404,1,15.0,Average Regulars
78086,266,1,15.0,New Customers
86678,401,1,15.0,Average Regulars
66723,959,1,15.0,Lost
17021,26,1,15.0,New Customers
29375,2042,1,15.0,Lost
4280,172,1,15.0,Average Regulars
58789,4,1,15.0,Average Regulars
95932,547,1,15.0,Average Regulars
16532,1307,1,15.0,At Risk (High Value)
16278,866,1,15.0,Lost
89989,88,1,15.0,New Customers
84227,309,1,15.0,New Customers
94517,470,1,15.0,Average Regulars
86859,1572,1,15.0,Average Regulars
27258,1538,1,15.0,Lost
64739,31,1,15.0,New Customers
44163,73,1,15.0,New Customers
83626,92,1,15.0,Average Regulars
13706,304,1,15.0,Average Regulars
35750,101,1,15.0,Average Regulars
41227,594,1,15.0,Average Regulars
67658,1273,1,15.0,Lost
79314,7,1,15.0,Average Regulars
34616,209,1,15.0,Average Regulars
5069,515,1,15.0,Average Regulars
61856,349,1,15.0,Average Regulars
32990,146,1,15.0,New Customers
64374,1646,1,15.0,Lost
53399,426,1,15.0,Average Regulars
48810,84,1,15.0,Average Regulars
87833,845,1,15.0,At Risk (High Value)
14815,597,1,15.0,Average Regulars
39275,2495,1,15.0,Lost
47515,502,1,15.0,Average Regulars
35587,302,1,15.0,Average Regulars
35724,957,1,15.0,Lost
24834,334,1,15.0,Average Regulars
6677,387,1,15.0,Average Regulars
20044,1551,1,15.0,At Risk (High Value)
79805,619,1,15.0,Average Regulars
90241,4,1,15.0,Average Regulars
34180,232,1,15.0,New Customers
46394,2561,1,15.0,Lost
36146,539,1,15.0,Average Regulars
69421,1667,1,15.0,Lost
3382,802,1,15.0,Lost
86709,286,1,15.0,New Customers
39581,597,1,15.0,Average Regulars
5885,1551,1,15.0,At Risk (High Value)
4793,196,1,15.0,New Customers
57690,4,1,15.0,Average Regulars
27933,384,1,15.0,Average Regulars
35810,1279,1,15.0,Lost
32208,2302,1,15.0,Lost
67591,307,1,15.0,New Customers
54260,494,1,15.0,Average Regulars
99898,27,1,15.0,Average Regulars
76064,4,1,15.0,New Customers
84137,86,1,15.0,Average Regulars
79689,112,1,15.0,New Customers
19862,35,1,15.0,Average Regulars
93926,320,1,14.99,Average Regulars
99301,520,1,14.99,Average Regulars
62586,58,1,14.99,Average Regulars
73373,1828,1,14.99,At Risk (High Value)
87693,164,1,14.99,New Customers
12594,42,1,14.99,New Customers
22880,505,1,14.99,Average Regulars
70707,1968,1,14.99,At Risk (High Value)
77964,4,1,14.99,New Customers
86852,980,1,14.99,Average Regulars
67997,4,1,14.99,New Customers
41242,2240,1,14.99,At Risk (High Value)
45733,194,1,14.99,Average Regulars
86850,28,1,14.99,New Customers
84977,1050,1,14.99,Average Regulars
46884,657,1,14.99,At Risk (High Value)
5582,230,1,14.99,Average Regulars
13913,55,1,14.99,Average Regulars
80464,681,1,14.99,Lost
41224,727,1,14.99,Lost
10517,358,1,14.99,Average Regulars
5953,192,1,14.99,Average Regulars
35666,344,1,14.99,Average Regulars
94413,1455,1,14.99,Average Regulars
2198,2257,1,14.99,Lost
43277,307,1,14.99,New Customers
21673,1774,1,14.99,Average Regulars
75163,479,1,14.99,Average Regulars
80091,137,1,14.99,Average Regulars
76283,548,1,14.99,Average Regulars
92208,83,1,14.99,Average Regulars
11764,8,1,14.99,Average Regulars
12718,198,1,14.99,Average Regulars
66122,606,1,14.99,Average Regulars
9785,332,1,14.99,Average Regulars
71952,191,1,14.99,Average Regulars
30744,1279,1,14.99,At Risk (High Value)
28826,389,1,14.99,Average Regulars
46043,249,1,14.99,New Customers
62594,168,1,14.99,Average Regulars
87628,612,1,14.99,Average Regulars
83213,730,1,14.99,Lost
64761,18,1,14.99,Average Regulars
75438,1785,1,14.99,Lost
86026,1270,1,14.99,At Risk (High Value)
34698,2044,1,14.99,Lost
47511,922,1,14.99,Average Regulars
3827,746,1,14.99,Lost
6668,648,1,14.99,Average Regulars
1738,110,1,14.99,Average Regulars
690,923,1,14.99,Average Regulars
39217,80,1,14.99,New Customers
60199,262,1,14.99,Average Regulars
47898,610,1,14.99,Average Regulars
20393,518,1,14.99,Average Regulars
1850,369,1,14.99,Average Regulars
1494,59,1,14.99,Average Regulars
67503,334,1,14.99,Average Regulars
94625,152,1,14.99,New Customers
9282,197,1,14.99,New Customers
67778,1524,1,14.99,Average Regulars
8703,776,1,14.99,At Risk (High Value)
53655,271,1,14.99,Average Regulars
59206,429,1,14.99,Average Regulars
3195,250,1,14.99,New Customers
40711,161,1,14.99,Average Regulars
19739,5,1,14.99,Average Regulars
86003,304,1,14.99,Average Regulars
14742,229,1,14.99,New Customers
19994,1171,1,14.99,At Risk (High Value)
97917,681,1,14.99,Lost
63217,661,1,14.99,Lost
18510,1109,1,14.99,Lost
68563,148,1,14.99,Average Regulars
5966,695,1,14.99,At Risk (High Value)
19232,273,1,14.99,Average Regulars
45213,55,1,14.99,Average Regulars
68211,1600,1,14.99,Lost
8413,313,1,14.99,New Customers
56292,2320,1,14.99,Average Regulars
51356,372,1,14.99,Average Regulars
13093,133,1,14.99,New Customers
83647,4,1,14.99,New Customers
23065,218,1,14.99,New Customers
52997,2427,1,14.99,Lost
25472,1488,1,14.99,At Risk (High Value)
62791,276,1,14.99,Average Regulars
78199,730,1,14.99,At Risk (High Value)
87993,1644,1,14.99,At Risk (High Value)
66991,1378,1,14.99,Lost
93026,1146,1,14.99,Lost
8875,986,1,14.99,Lost
74619,592,1,14.99,Average Regulars
96434,198,1,14.99,New Customers
13131,2482,1,14.99,Lost
17648,433,1,14.99,Average Regulars
44204,593,1,14.99,Average Regulars
78446,865,1,14.99,Lost
55761,69,1,14.99,Average Regulars
85535,468,1,14.99,Average Regulars
78459,1924,1,14.99,Lost
21817,1103,1,14.99,Lost
75776,6,1,14.98,Average Regulars
19152,700,1,14.98,At Risk (High Value)
91345,37,1,14.98,New Customers
60240,1277,1,14.98,Lost
72978,411,1,14.98,Average Regulars
73157,335,1,14.98,Average Regulars
52422,1571,1,14.97,At Risk (High Value)
90146,684,1,14.97,At Risk (High Value)
43344,1054,1,14.96,Average Regulars
70713,316,1,14.96,Average Regulars
12349,1255,1,14.95,At Risk (High Value)
66721,1342,1,14.95,At Risk (High Value)
65866,2473,1,14.95,At Risk (High Value)
66072,93,1,14.95,New Customers
36025,627,1,14.95,Average Regulars
24595,147,1,14.95,New Customers
75877,1086,1,14.95,Average Regulars
38424,288,1,14.95,New Customers
8403,185,1,14.95,New Customers
29271,131,1,14.95,Average Regulars
72956,84,1,14.95,New Customers
99806,978,1,14.95,Average Regulars
27900,1064,1,14.95,At Risk (High Value)
8552,363,1,14.95,Average Regulars
65266,1198,1,14.95,Lost
9887,239,1,14.95,New Customers
28033,722,1,14.95,Lost
18528,653,1,14.95,Average Regulars
74347,6,1,14.95,New Customers
79079,176,1,14.95,New Customers
74561,194,1,14.95,Average Regulars
59983,676,1,14.95,Lost
22977,4,1,14.95,New Customers
6021,452,1,14.95,Average Regulars
98096,497,1,14.95,Average Regulars
57268,791,1,14.94,Lost
31457,959,1,14.9,Average Regulars
74278,123,1,14.9,New Customers
83251,1974,1,14.9,Lost
35805,127,1,14.9,Average Regulars
80282,37,1,14.9,Average Regulars
76762,1226,1,14.9,At Risk (High Value)
7198,1786,1,14.9,Lost
88398,116,1,14.9,Average Regulars
83732,24,1,14.9,New Customers
11848,832,1,14.9,Lost
46230,85,1,14.9,New Customers
37168,1975,1,14.9,At Risk (High Value)
75455,309,2,14.89,Average Regulars
16134,2000,1,14.87,At Risk (High Value)
64740,1934,1,14.87,At Risk (High Value)
23609,403,1,14.82,Average Regulars
86778,163,1,14.81,New Customers
65927,4,1,14.81,Average Regulars
49793,103,1,14.79,New Customers
15496,684,1,14.74,At Risk (High Value)
83956,91,1,14.74,Average Regulars
44198,611,1,14.7,Average Regulars
90595,216,1,14.7,Average Regulars
24226,1497,1,14.69,At Risk (High Value)
53004,456,1,14.69,Average Regulars
26297,83,1,14.69,Average Regulars
62925,2014,1,14.69,Lost
20407,335,1,14.65,Average Regulars
41928,54,1,14.6,New Customers
95870,133,1,14.6,Average Regulars
98802,2149,1,14.59,At Risk (High Value)
60827,65,1,14.59,Average Regulars
91090,1433,1,14.57,Lost
42050,162,1,14.57,Average Regulars
38902,422,1,14.55,Average Regulars
81965,216,1,14.55,Average Regulars
28357,1958,1,14.55,At Risk (High Value)
81622,932,1,14.55,Average Regulars
33762,4,1,14.55,Average Regulars
77352,1579,1,14.55,Average Regulars
28313,2634,1,14.5,Lost
9590,719,1,14.5,Lost
43006,968,1,14.5,Average Regulars
28159,812,1,14.5,At Risk (High Value)
87037,171,1,14.5,New Customers
90335,880,1,14.5,At Risk (High Value)
45794,2225,1,14.5,Lost
87212,223,1,14.5,New Customers
25974,165,1,14.5,Average Regulars
72637,356,1,14.5,Average Regulars
44975,821,1,14.5,Lost
72438,381,1,14.5,Average Regulars
43147,28,1,14.5,Average Regulars
93180,636,1,14.5,Average Regulars
25709,85,1,14.5,Average Regulars
22124,711,1,14.5,At Risk (High Value)
41314,1876,1,14.49,At Risk (High Value)
6178,1571,1,14.48,At Risk (High Value)
37453,378,1,14.48,Average Regulars
12111,927,1,14.47,Average Regulars
17043,9,1,14.47,Average Regulars
59666,365,1,14.46,Average Regulars
46003,1692,1,14.45,Lost
36359,636,1,14.45,Average Regulars
7970,4,1,14.43,Average Regulars
3384,1661,1,14.43,Lost
59688,223,1,14.41,Average Regulars
61029,235,1,14.4,Average Regulars
9687,383,1,14.4,Average Regulars
74187,1349,1,14.4,Lost
83189,199,1,14.4,Average Regulars
23503,219,1,14.4,New Customers
69356,205,1,14.4,Average Regulars
8128,1697,1,14.4,Lost
90665,83,1,14.4,Average Regulars
31118,214,1,14.4,New Customers
72444,296,1,14.38,Average Regulars
71865,16,1,14.34,Average Regulars
6209,313,1,14.34,Average Regulars
42082,1384,1,14.34,Average Regulars
26713,259,1,14.33,New Customers
2721,103,1,14.33,Average Regulars
49709,1403,1,14.24,Lost
85661,527,1,14.24,Average Regulars
79621,151,1,14.24,New Customers
29136,982,1,14.24,Average Regulars
83446,1035,1,14.23,Lost
7471,18,1,14.21,Average Regulars
86591,1095,1,14.2,Average Regulars
89566,49,1,14.19,Average Regulars
55314,63,1,14.17,Average Regulars
65968,588,1,14.14,Average Regulars
39037,1102,1,14.14,Lost
40539,89,1,14.13,Average Regulars
26,437,1,14.13,Average Regulars
81707,230,1,14.12,New Customers
48446,1545,1,14.12,At Risk (High Value)
78047,636,1,14.07,Average Regulars
95333,105,1,14.07,New Customers
1092,201,1,14.07,Average Regulars
99233,1535,1,14.05,Lost
28815,1901,1,14.05,Lost
89150,141,1,14.03,Average Regulars
85854,141,1,14.02,New Customers
40076,1912,1,14.02,Lost
97789,71,1,14.01,Average Regulars
86539,671,1,14.01,At Risk (High Value)
92600,85,1,14.01,Average Regulars
79596,5,1,14.01,Average Regulars
96308,7,1,14.0,Average Regulars
6970,1248,1,14.0,Lost
43470,20,1,14.0,Average Regulars
98549,599,1,14.0,Average Regulars
69181,587,1,14.0,Average Regulars
62478,257,1,14.0,Average Regulars
53912,1061,1,14.0,Lost
10793,256,1,14.0,Average Regulars
38240,196,1,14.0,New Customers
16410,157,1,14.0,Average Regulars
88650,1398,1,14.0,Lost
27068,725,1,14.0,Lost
31333,1220,1,14.0,Lost
44803,1660,1,14.0,Lost
23369,1647,1,14.0,Lost
26640,5,1,14.0,Average Regulars
89599,160,1,14.0,New Customers
45957,360,1,14.0,Average Regulars
93490,1659,1,14.0,At Risk (High Value)
37811,1005,1,14.0,Lost
2068,1119,1,14.0,At Risk (High Value)
34625,404,1,14.0,Average Regulars
24327,934,1,14.0,Lost
62861,493,1,14.0,Average Regulars
39206,1916,1,14.0,At Risk (High Value)
38928,859,1,14.0,At Risk (High Value)
86958,1622,1,14.0,Lost
57833,708,1,14.0,At Risk (High Value)
94893,1384,1,14.0,Lost
15891,742,1,14.0,At Risk (High Value)
66236,1030,1,14.0,Average Regulars
55574,591,1,14.0,Average Regulars
48,899,1,14.0,Average Regulars
88416,536,1,14.0,Average Regulars
57184,319,1,14.0,Average Regulars
16443,661,1,14.0,At Risk (High Value)
13374,661,1,14.0,At Risk (High Value)
53069,1943,1,14.0,Lost
76094,101,1,14.0,Average Regulars
43376,585,1,14.0,Average Regulars
19878,393,1,14.0,Average Regulars
327,598,1,14.0,Average Regulars
40095,884,1,14.0,Average Regulars
69705,290,1,14.0,New Customers
63197,741,1,14.0,At Risk (High Value)
751,683,1,14.0,Lost
27569,597,1,14.0,Average Regulars
29487,297,1,14.0,Average Regulars
8684,4,1,14.0,New Customers
89546,544,1,14.0,Average Regulars
43356,972,1,13.99,Lost
24344,507,1,13.99,Average Regulars
53619,9,1,13.99,New Customers
48624,429,1,13.99,Average Regulars
96977,6,1,13.99,Average Regulars
64302,1196,1,13.99,At Risk (High Value)
27346,863,1,13.99,At Risk (High Value)
71118,1015,1,13.99,Average Regulars
66144,134,1,13.99,New Customers
44667,1889,1,13.99,At Risk (High Value)
35971,212,1,13.99,New Customers
13978,51,1,13.99,Average Regulars
13175,474,1,13.99,Average Regulars
25350,574,1,13.99,Average Regulars
56103,531,1,13.99,Average Regulars
34468,727,1,13.99,Lost
59827,1048,1,13.99,Lost
43728,240,1,13.99,New Customers
84640,139,1,13.99,New Customers
59723,292,1,13.99,New Customers
93240,1511,1,13.99,Average Regulars
73810,771,1,13.99,Lost
45058,28,1,13.99,New Customers
52542,617,1,13.99,Average Regulars
90106,1270,1,13.99,Lost
52124,1940,1,13.99,Lost
91571,476,1,13.99,Average Regulars
51218,338,1,13.99,Average Regulars
88101,1123,1,13.99,Lost
9949,150,1,13.99,New Customers
96121,311,1,13.99,New Customers
63214,533,1,13.99,Average Regulars
10948,914,1,13.99,Average Regulars
29982,646,1,13.99,Average Regulars
27935,377,1,13.99,Average Regulars
29621,198,1,13.99,Average Regulars
33917,1919,1,13.99,At Risk (High Value)
2056,874,1,13.99,At Risk (High Value)
15457,308,1,13.99,New Customers
10234,818,1,13.99,At Risk (High Value)
57784,881,1,13.99,At Risk (High Value)
26195,240,1,13.98,Average Regulars
46290,1338,1,13.98,Lost
87863,1301,1,13.97,At Risk (High Value)
89751,379,1,13.97,Average Regulars
68912,21,1,13.97,Average Regulars
82751,1019,1,13.97,Average Regulars
1181,419,1,13.97,Average Regulars
78949,2045,1,13.96,Average Regulars
1929,11,1,13.96,Average Regulars
90047,590,1,13.96,Average Regulars
77393,1000,1,13.95,Lost
12628,608,1,13.95,Average Regulars
5368,5,1,13.95,Average Regulars
12740,1240,1,13.95,Lost
95503,1659,1,13.95,Lost
42200,326,1,13.95,Average Regulars
66069,1536,1,13.95,Lost
77108,654,1,13.95,Average Regulars
66730,383,1,13.95,Average Regulars
8233,186,1,13.95,New Customers
134,234,1,13.93,Average Regulars
33876,1132,1,13.93,At Risk (High Value)
951,52,1,13.93,New Customers
74860,633,1,13.92,Average Regulars
74310,73,1,13.92,Average Regulars
42028,363,1,13.92,Average Regulars
80283,1223,1,13.91,Lost
75339,113,1,13.9,Average Regulars
45235,126,1,13.9,New Customers
20816,945,1,13.87,Average Regulars
76333,729,1,13.87,At Risk (High Value)
8480,1322,1,13.87,At Risk (High Value)
4253,1459,1,13.87,Lost
16983,1734,1,13.82,Lost
36355,290,1,13.81,Average Regulars
85278,477,1,13.81,Average Regulars
85452,4,1,13.8,Average Regulars
38729,403,1,13.8,Average Regulars
13550,563,1,13.8,Average Regulars
4344,1321,1,13.79,Lost
19583,220,1,13.79,New Customers
2398,8,1,13.79,Average Regulars
7507,1651,1,13.79,Lost
84609,1272,1,13.79,At Risk (High Value)
97109,88,1,13.76,New Customers
20201,60,1,13.76,Average Regulars
30359,743,1,13.75,At Risk (High Value)
60698,26,1,13.75,New Customers
90607,1393,1,13.75,Lost
39013,45,1,13.75,New Customers
59055,515,1,13.75,Average Regulars
24389,131,1,13.74,New Customers
98644,776,1,13.74,Lost
37986,115,1,13.74,New Customers
74703,768,1,13.74,Lost
76181,753,1,13.73,At Risk (High Value)
72352,1450,1,13.73,Lost
19305,302,1,13.73,New Customers
82320,203,1,13.72,New Customers
64340,15,1,13.72,Average Regulars
27264,50,1,13.72,Average Regulars
21718,1020,1,13.7,Average Regulars
25067,140,1,13.7,Average Regulars
25133,1292,1,13.65,Lost
16684,504,1,13.65,Average Regulars
39561,43,1,13.65,New Customers
87794,345,1,13.65,Average Regulars
9752,93,1,13.62,Average Regulars
57735,693,1,13.61,Lost
30967,1547,1,13.61,Lost
46739,419,1,13.61,Average Regulars
98233,1433,1,13.6,Lost
29916,527,1,13.6,Average Regulars
88232,97,1,13.6,Average Regulars
63418,42,1,13.6,New Customers
21264,811,1,13.6,At Risk (High Value)
50748,1140,1,13.59,At Risk (High Value)
4786,86,1,13.59,Average Regulars
90549,1710,1,13.59,Lost
1085,6,1,13.56,Average Regulars
24312,86,1,13.56,Average Regulars
85387,294,1,13.56,Average Regulars
83765,799,1,13.56,At Risk (High Value)
66048,4,1,13.55,Average Regulars
58091,1908,1,13.55,Lost
83980,224,1,13.54,New Customers
33223,1587,1,13.54,At Risk (High Value)
53377,257,1,13.54,New Customers
6071,369,1,13.52,Average Regulars
78015,164,1,13.51,Average Regulars
90847,21,1,13.5,New Customers
79140,367,1,13.5,Average Regulars
46189,72,1,13.5,Average Regulars
72539,13,1,13.5,New Customers
29653,146,1,13.5,New Customers
41300,130,1,13.5,Average Regulars
70524,933,1,13.5,Average Regulars
31665,906,1,13.5,Average Regulars
12220,555,1,13.5,Average Regulars
22057,461,1,13.5,Average Regulars
23026,568,1,13.5,Average Regulars
77304,2621,1,13.5,At Risk (High Value)
21896,279,1,13.5,New Customers
39919,1185,1,13.5,Lost
81682,96,1,13.5,Average Regulars
81982,519,1,13.5,Average Regulars
95887,794,1,13.5,Lost
4771,1342,1,13.49,Lost
35570,523,1,13.49,Average Regulars
90299,1443,1,13.49,Average Regulars
4453,212,1,13.48,Average Regulars
85622,190,1,13.48,New Customers
68684,746,1,13.45,At Risk (High Value)
84004,1752,1,13.45,Average Regulars
66916,1625,1,13.43,At Risk (High Value)
68889,7,1,13.42,Average Regulars
67409,159,1,13.41,Average Regulars
3363,836,1,13.41,At Risk (High Value)
41199,362,1,13.41,Average Regulars
32314,155,1,13.4,New Customers
76920,596,1,13.39,Average Regulars
30869,943,1,13.34,Average Regulars
48278,234,1,13.31,New Customers
73461,1410,1,13.31,Lost
39738,550,1,13.31,Average Regulars
45124,1462,1,13.3,Average Regulars
16724,1860,1,13.29,Lost
44467,1812,1,13.28,Average Regulars
58447,344,1,13.27,Average Regulars
23222,285,1,13.27,New Customers
78097,155,1,13.26,New Customers
14890,86,1,13.26,New Customers
89899,4,1,13.25,Average Regulars
33699,514,1,13.25,Average Regulars
3479,612,1,13.24,Average Regulars
60246,1926,1,13.24,Lost
27290,26,1,13.24,New Customers
21453,955,1,13.24,Lost
43965,1477,1,13.23,Lost
86205,1164,1,13.21,At Risk (High Value)
97124,322,1,13.2,New Customers
71256,441,1,13.2,Average Regulars
89769,651,1,13.2,Average Regulars
86212,309,1,13.2,Average Regulars
73962,838,1,13.19,Lost
12470,306,1,13.14,Average Regulars
12701,84,1,13.11,New Customers
26690,513,1,13.11,Average Regulars
88236,1668,1,13.06,At Risk (High Value)
3944,712,1,13.04,At Risk (High Value)
31847,1709,1,13.02,Lost
19942,10,1,13.01,New Customers
26909,163,1,13.0,Average Regulars
29983,1276,1,13.0,At Risk (High Value)
6387,113,1,13.0,Average Regulars
5310,96,1,13.0,Average Regulars
96960,1641,1,13.0,Lost
7406,301,1,13.0,Average Regulars
56332,1189,1,13.0,At Risk (High Value)
59353,124,1,13.0,New Customers
79146,26,1,13.0,New Customers
64755,399,1,13.0,Average Regulars
75983,274,1,13.0,New Customers
37549,254,1,13.0,New Customers
98903,784,1,13.0,Lost
22783,643,1,13.0,Average Regulars
18028,427,1,13.0,Average Regulars
9084,1042,1,13.0,At Risk (High Value)
59654,1089,1,13.0,Average Regulars
6854,1141,1,13.0,Average Regulars
22120,1434,1,13.0,Lost
3868,35,1,13.0,Average Regulars
26516,836,1,13.0,At Risk (High Value)
53787,2400,1,13.0,Lost
9956,14,1,13.0,Average Regulars
62713,98,1,13.0,Average Regulars
43624,384,1,13.0,Average Regulars
11337,1132,1,13.0,At Risk (High Value)
76826,253,1,13.0,New Customers
27480,944,1,13.0,Lost
24282,313,1,13.0,Average Regulars
90514,91,1,13.0,New Customers
25967,676,1,13.0,Lost
90658,116,1,13.0,Average Regulars
19673,2033,1,13.0,Lost
82774,893,1,13.0,Average Regulars
79002,1774,1,13.0,Lost
58319,421,1,13.0,Average Regulars
10855,29,1,13.0,New Customers
39339,400,1,13.0,Average Regulars
76555,306,1,13.0,Average Regulars
68833,2001,1,13.0,At Risk (High Value)
4443,1129,1,13.0,Average Regulars
21136,378,1,13.0,Average Regulars
55013,511,1,13.0,Average Regulars
33601,863,1,13.0,Lost
54108,774,1,13.0,At Risk (High Value)
7715,1126,1,13.0,At Risk (High Value)
91746,397,1,12.99,Average Regulars
25257,789,1,12.99,Lost
45113,220,1,12.99,Average Regulars
82006,222,1,12.99,New Customers
58013,639,1,12.99,Average Regulars
95101,2036,1,12.99,Lost
3184,570,1,12.99,Average Regulars
17001,247,1,12.99,Average Regulars
64314,1969,1,12.99,Lost
92250,801,1,12.99,At Risk (High Value)
59312,709,1,12.99,Lost
58954,1023,1,12.99,Lost
90498,1539,1,12.99,Lost
44669,638,1,12.99,Average Regulars
23513,864,1,12.99,At Risk (High Value)
54927,5,1,12.99,Average Regulars
56284,28,1,12.99,New Customers
43994,1538,1,12.99,Lost
50195,517,1,12.99,Average Regulars
5339,281,1,12.99,Average Regulars
98658,735,1,12.99,At Risk (High Value)
21567,654,1,12.99,Average Regulars
75253,1402,1,12.99,Average Regulars
78797,748,1,12.99,At Risk (High Value)
69912,990,1,12.99,Lost
91890,416,1,12.99,Average Regulars
76116,1794,1,12.99,Lost
40396,29,1,12.99,Average Regulars
58807,177,1,12.99,New Customers
97256,336,1,12.99,Average Regulars
20197,175,1,12.99,Average Regulars
91626,571,1,12.99,Average Regulars
68235,217,1,12.99,New Customers
79130,569,1,12.99,Average Regulars
50560,1322,1,12.99,Lost
24989,2014,1,12.99,At Risk (High Value)
52693,348,1,12.99,Average Regulars
89491,1049,1,12.99,At Risk (High Value)
32874,1432,1,12.99,Lost
58761,115,1,12.99,Average Regulars
31597,699,1,12.99,Lost
85781,898,1,12.99,Lost
90234,1090,1,12.99,Average Regulars
64844,1463,1,12.99,Lost
52671,6,1,12.99,Average Regulars
15421,707,1,12.99,At Risk (High Value)
40938,788,1,12.99,At Risk (High Value)
11369,32,1,12.99,Average Regulars
17092,326,1,12.99,Average Regulars
11060,635,1,12.99,Average Regulars
23477,1083,1,12.99,Average Regulars
29686,1899,1,12.99,Lost
65187,635,1,12.99,Average Regulars
84280,2243,1,12.99,At Risk (High Value)
84786,165,1,12.99,Average Regulars
29489,149,1,12.99,New Customers
36256,1185,1,12.99,Lost
16294,288,1,12.99,New Customers
28865,1134,1,12.99,At Risk (High Value)
1423,135,1,12.99,New Customers
20730,1045,1,12.99,Average Regulars
36656,330,1,12.99,Average Regulars
66660,122,1,12.99,Average Regulars
64418,1573,1,12.99,Average Regulars
18968,1339,1,12.99,At Risk (High Value)
15270,324,1,12.99,Average Regulars
90418,2191,1,12.99,Lost
74790,261,1,12.99,Average Regulars
9264,282,1,12.99,New Customers
33329,228,1,12.99,New Customers
95223,33,1,12.99,Average Regulars
93500,209,1,12.99,Average Regulars
85063,1309,1,12.99,At Risk (High Value)
30650,144,1,12.99,New Customers
8667,622,1,12.99,Average Regulars
9914,19,1,12.99,New Customers
7358,523,1,12.99,Average Regulars
46731,282,1,12.98,New Customers
61103,406,1,12.98,Average Regulars
56668,1327,1,12.98,Lost
75180,25,1,12.98,Average Regulars
95374,4,1,12.98,Average Regulars
46087,1238,1,12.98,Lost
1603,214,1,12.98,Average Regulars
85185,2539,1,12.98,Lost
7764,182,1,12.98,Average Regulars
26876,428,1,12.98,Average Regulars
70351,300,1,12.98,New Customers
93153,168,1,12.97,New Customers
13418,598,1,12.97,Average Regulars
51504,6,1,12.97,New Customers
96619,517,1,12.97,Average Regulars
6802,791,1,12.96,Lost
68682,142,1,12.95,Average Regulars
59060,11,1,12.95,Average Regulars
60420,1159,1,12.95,Lost
24578,9,1,12.95,New Customers
41862,262,1,12.95,New Customers
45003,278,1,12.95,New Customers
66626,2061,1,12.95,Average Regulars
36630,256,1,12.95,New Customers
6221,1079,1,12.95,Lost
24171,13,1,12.95,Average Regulars
47310,258,1,12.95,New Customers
5836,2395,1,12.95,At Risk (High Value)
23076,1018,1,12.95,Average Regulars
38449,440,1,12.95,Average Regulars
26384,1884,1,12.95,At Risk (High Value)
36077,699,1,12.95,At Risk (High Value)
19332,392,1,12.95,Average Regulars
97756,127,1,12.95,New Customers
45486,1516,1,12.94,Average Regulars
89032,1444,1,12.93,Average Regulars
33892,810,1,12.91,Lost
86092,1515,1,12.91,Average Regulars
66454,1098,1,12.9,Average Regulars
97157,123,1,12.9,New Customers
41372,539,1,12.9,Average Regulars
1034,805,1,12.9,At Risk (High Value)
81345,4,1,12.9,Average Regulars
82800,768,1,12.9,At Risk (High Value)
79316,2166,1,12.89,At Risk (High Value)
88753,83,1,12.83,Average Regulars
35326,1841,1,12.83,At Risk (High Value)
21674,1989,1,12.83,At Risk (High Value)
84359,1238,1,12.83,Lost
67716,6,1,12.8,New Customers
50663,29,1,12.8,New Customers
91942,927,1,12.8,Average Regulars
51731,1273,1,12.8,Lost
47580,566,1,12.8,Average Regulars
56309,250,1,12.8,Average Regulars
49810,55,1,12.8,New Customers
2107,1489,1,12.8,Lost
65354,231,1,12.79,New Customers
25518,383,1,12.76,Average Regulars
80420,1017,1,12.76,Average Regulars
11026,109,1,12.76,Average Regulars
23839,362,1,12.75,Average Regulars
43115,85,1,12.75,Average Regulars
4667,1105,1,12.75,Average Regulars
18120,209,1,12.75,New Customers
87812,348,1,12.74,Average Regulars
96146,5,1,12.74,Average Regulars
269,1132,1,12.74,At Risk (High Value)
58654,160,1,12.74,Average Regulars
64394,20,1,12.74,Average Regulars
59218,2233,1,12.74,At Risk (High Value)
5490,1082,1,12.73,Average Regulars
59862,409,1,12.72,Average Regulars
14720,512,1,12.71,Average Regulars
38599,470,1,12.67,Average Regulars
31571,192,1,12.66,New Customers
66661,1096,1,12.65,Average Regulars
10273,558,1,12.64,Average Regulars
27934,866,1,12.64,Lost
5385,26,1,12.63,New Customers
22622,527,1,12.63,Average Regulars
28210,371,1,12.63,Average Regulars
74285,384,1,12.6,Average Regulars
30235,1145,1,12.59,Average Regulars
74067,245,1,12.59,New Customers
890,554,1,12.59,Average Regulars
15518,537,1,12.56,Average Regulars
11071,292,1,12.56,New Customers
63516,82,1,12.55,Average Regulars
1155,1465,1,12.55,Lost
29662,396,1,12.55,Average Regulars
86506,925,1,12.51,Lost
73029,322,1,12.51,New Customers
85751,2258,1,12.5,Lost
55166,1737,1,12.5,Average Regulars
28195,1639,1,12.5,Lost
82040,4,2,12.5,Average Regulars
66383,1154,1,12.5,At Risk (High Value)
95708,752,1,12.5,At Risk (High Value)
70005,44,1,12.5,New Customers
61357,1302,1,12.5,At Risk (High Value)
82613,531,1,12.5,Average Regulars
42943,1444,1,12.5,Lost
29855,436,1,12.49,Average Regulars
84825,161,1,12.45,New Customers
32815,387,1,12.43,Average Regulars
78787,669,1,12.4,Lost
93802,745,1,12.35,Lost
27066,773,1,12.31,Lost
26948,1076,1,12.29,Lost
32321,86,1,12.29,New Customers
59084,406,1,12.29,Average Regulars
74143,381,1,12.29,Average Regulars
47327,1626,1,12.26,At Risk (High Value)
49175,811,1,12.25,At Risk (High Value)
68947,510,1,12.24,Average Regulars
73449,418,1,12.24,Average Regulars
33910,849,1,12.21,At Risk (High Value)
16202,18,1,12.21,New Customers
5378,1606,1,12.2,At Risk (High Value)
43292,335,1,12.2,Average Regulars
69036,1829,1,12.2,Lost
55159,144,1,12.2,New Customers
33513,702,1,12.17,Lost
82025,36,1,12.14,Average Regulars
92370,1677,1,12.14,At Risk (High Value)
17315,418,1,12.14,Average Regulars
21700,371,1,12.13,Average Regulars
88706,701,1,12.13,Lost
34755,1382,1,12.13,Lost
47705,787,1,12.13,At Risk (High Value)
87160,1761,1,12.1,Average Regulars
71684,814,1,12.1,Lost
95432,487,1,12.1,Average Regulars
86517,556,1,12.1,Average Regulars
20789,750,1,12.1,At Risk (High Value)
476,722,1,12.09,Lost
99132,443,1,12.07,Average Regulars
40816,113,1,12.07,Average Regulars
6862,10,1,12.07,Average Regulars
12818,11,1,12.06,Average Regulars
61696,1011,1,12.05,Lost
26481,300,1,12.0,Average Regulars
14410,1269,1,12.0,Lost
78873,1680,1,12.0,Lost
34638,1837,1,12.0,At Risk (High Value)
93330,358,1,12.0,Average Regulars
59489,78,1,12.0,New Customers
90967,204,1,12.0,Average Regulars
63081,427,1,12.0,Average Regulars
54825,323,1,12.0,Average Regulars
10705,304,1,12.0,New Customers
66592,835,1,12.0,At Risk (High Value)
69175,1815,1,12.0,Average Regulars
75891,502,1,12.0,Average Regulars
64288,876,1,12.0,Lost
54686,79,1,12.0,New Customers
49651,93,1,12.0,Average Regulars
13268,317,1,12.0,New Customers
39484,191,1,12.0,Average Regulars
81481,371,1,12.0,Average Regulars
13491,2294,1,12.0,Lost
8686,4,1,12.0,New Customers
72844,1516,1,12.0,Average Regulars
15280,1498,1,12.0,Lost
11845,45,1,12.0,New Customers
29660,320,1,12.0,New Customers
34893,1862,1,12.0,Average Regulars
45448,1089,1,12.0,Average Regulars
2405,1821,1,12.0,Average Regulars
82963,475,1,12.0,Average Regulars
63137,159,1,12.0,Average Regulars
66120,287,1,12.0,New Customers
92684,1633,1,12.0,Lost
46920,282,1,12.0,New Customers
33843,910,1,12.0,Lost
9569,1010,1,12.0,Lost
19484,1510,1,12.0,Average Regulars
98355,2415,1,12.0,Lost
80631,750,1,12.0,Lost
21226,248,1,12.0,New Customers
28444,1566,1,12.0,At Risk (High Value)
49697,1988,1,12.0,At Risk (High Value)
10533,1240,1,12.0,At Risk (High Value)
65971,223,1,12.0,New Customers
5685,1978,1,12.0,Lost
87624,1081,1,12.0,Lost
92440,362,1,12.0,Average Regulars
68683,1860,1,12.0,Average Regulars
18604,2017,1,12.0,At Risk (High Value)
29644,511,1,12.0,Average Regulars
68949,1569,1,12.0,Lost
7381,813,1,12.0,At Risk (High Value)
97788,1554,1,12.0,Lost
46834,2291,1,12.0,Average Regulars
52080,316,1,12.0,New Customers
75805,1056,1,12.0,Lost
69273,1743,1,12.0,Lost
26549,393,1,12.0,Average Regulars
36910,1960,1,12.0,Lost
3232,10,1,12.0,New Customers
26872,1215,1,12.0,Lost
60466,433,1,12.0,Average Regulars
47631,4,1,12.0,Average Regulars
10406,685,1,12.0,At Risk (High Value)
12252,1142,1,12.0,At Risk (High Value)
47806,1333,1,12.0,Lost
84922,169,1,12.0,New Customers
42756,638,1,12.0,Average Regulars
58049,1305,1,12.0,At Risk (High Value)
68739,1122,1,12.0,At Risk (High Value)
12550,289,1,12.0,New Customers
39405,17,1,12.0,Average Regulars
19067,7,1,12.0,Average Regulars
15368,31,1,12.0,Average Regulars
20926,501,1,12.0,Average Regulars
70318,234,1,12.0,New Customers
125,913,1,12.0,Lost
92991,983,1,12.0,Average Regulars
36452,5,1,12.0,New Customers
29424,11,1,12.0,New Customers
28553,376,1,12.0,Average Regulars
24123,710,1,12.0,Lost
96627,377,1,12.0,Average Regulars
87173,418,1,12.0,Average Regulars
23226,625,1,12.0,Average Regulars
74795,1946,1,12.0,At Risk (High Value)
10325,799,1,12.0,Lost
51570,566,1,12.0,Average Regulars
34771,893,1,12.0,Average Regulars
93872,807,1,12.0,At Risk (High Value)
52740,830,1,12.0,At Risk (High Value)
75061,115,1,12.0,Average Regulars
41642,1715,1,12.0,At Risk (High Value)
60791,804,1,12.0,At Risk (High Value)
40564,679,1,11.99,At Risk (High Value)
1036,116,1,11.99,Average Regulars
42542,2505,1,11.99,At Risk (High Value)
13165,1592,1,11.99,At Risk (High Value)
10068,386,1,11.99,Average Regulars
16103,141,1,11.99,New Customers
10965,132,1,11.99,Average Regulars
63235,83,1,11.99,Average Regulars
46419,508,1,11.99,Average Regulars
61975,1641,1,11.99,Lost
3514,544,1,11.99,Average Regulars
88574,389,1,11.99,Average Regulars
61025,64,1,11.99,New Customers
69507,2411,1,11.99,Lost
25404,1605,1,11.99,At Risk (High Value)
33633,675,1,11.99,At Risk (High Value)
20760,976,1,11.99,Average Regulars
25140,1107,1,11.99,Average Regulars
55411,196,1,11.99,Average Regulars
33266,606,1,11.99,Average Regulars
44391,155,1,11.99,Average Regulars
92917,561,1,11.99,Average Regulars
46268,1427,1,11.99,Lost
87966,473,1,11.99,Average Regulars
85923,695,1,11.99,At Risk (High Value)
86467,439,1,11.99,Average Regulars
30974,119,1,11.99,Average Regulars
26877,218,1,11.99,Average Regulars
63068,278,1,11.99,Average Regulars
81511,49,1,11.99,Average Regulars
93641,733,1,11.99,Lost
9989,184,1,11.99,New Customers
52766,154,1,11.99,New Customers
561,322,1,11.99,New Customers
23004,383,1,11.99,Average Regulars
17580,279,1,11.99,Average Regulars
29327,263,1,11.99,New Customers
38925,790,1,11.99,At Risk (High Value)
38134,2394,1,11.99,At Risk (High Value)
40897,790,1,11.99,At Risk (High Value)
24836,1467,1,11.99,At Risk (High Value)
91971,1611,1,11.99,Lost
7079,562,1,11.99,Average Regulars
19641,926,1,11.99,Lost
93181,207,1,11.99,Average Regulars
61216,32,1,11.99,Average Regulars
43547,21,1,11.99,Average Regulars
680,1376,1,11.99,Average Regulars
67633,1857,1,11.99,Lost
89026,223,1,11.99,Average Regulars
54565,1822,1,11.99,Lost
38299,492,1,11.99,Average Regulars
33315,65,1,11.99,Average Regulars
49003,5,1,11.99,Average Regulars
73760,64,1,11.99,New Customers
72964,721,1,11.99,Lost
30003,2154,1,11.99,At Risk (High Value)
41830,283,1,11.99,New Customers
93430,481,1,11.99,Average Regulars
81294,7,1,11.99,Average Regulars
33252,1202,1,11.99,Lost
4031,524,1,11.99,Average Regulars
33605,867,1,11.99,At Risk (High Value)
98790,1253,1,11.99,Lost
19062,670,1,11.98,Lost
26565,107,1,11.98,Average Regulars
61778,5,1,11.98,Average Regulars
3535,134,1,11.98,Average Regulars
54326,2053,1,11.98,Average Regulars
25740,87,1,11.97,New Customers
78567,999,1,11.97,Average Regulars
99276,1326,1,11.97,Lost
58361,1892,1,11.97,At Risk (High Value)
94851,5,1,11.97,New Customers
34362,399,1,11.97,Average Regulars
7054,562,1,11.96,Average Regulars
32674,733,1,11.95,Lost
62973,166,1,11.95,Average Regulars
91323,493,1,11.95,Average Regulars
33224,203,1,11.95,Average Regulars
51141,198,1,11.95,Average Regulars
67281,900,1,11.95,Average Regulars
52911,96,1,11.95,New Customers
5670,311,1,11.95,New Customers
19592,141,1,11.95,Average Regulars
5548,1255,1,11.9,Lost
39760,45,1,11.9,New Customers
91475,1417,1,11.9,Average Regulars
69981,493,1,11.9,Average Regulars
41947,721,1,11.9,Lost
75510,183,1,11.9,Average Regulars
22373,740,1,11.9,At Risk (High Value)
37528,1489,1,11.9,At Risk (High Value)
32308,125,1,11.9,New Customers
72815,207,1,11.86,New Customers
86040,499,1,11.86,Average Regulars
47890,1644,1,11.86,At Risk (High Value)
46659,1082,1,11.86,Average Regulars
74178,1423,1,11.83,Average Regulars
39798,613,1,11.83,Average Regulars
61299,1134,1,11.79,At Risk (High Value)
3351,539,1,11.79,Average Regulars
5848,37,1,11.79,Average Regulars
7036,435,1,11.79,Average Regulars
91459,1536,1,11.78,Lost
40608,707,1,11.78,At Risk (High Value)
23315,176,1,11.77,New Customers
87988,1151,1,11.77,Average Regulars
65686,1100,1,11.77,Lost
25934,97,1,11.76,Average Regulars
34091,254,1,11.76,New Customers
72998,1233,1,11.75,At Risk (High Value)
32958,207,1,11.73,Average Regulars
366,164,1,11.71,Average Regulars
13724,1828,1,11.68,At Risk (High Value)
59597,53,1,11.68,Average Regulars
59713,1806,1,11.67,Lost
76758,970,1,11.67,Lost
85520,1274,1,11.66,Lost
66931,559,1,11.66,Average Regulars
28891,470,1,11.63,Average Regulars
35463,1468,1,11.62,Lost
59820,612,1,11.6,Average Regulars
22644,58,1,11.59,New Customers
50660,22,1,11.59,Average Regulars
85603,247,1,11.59,New Customers
80277,660,1,11.57,Lost
93613,285,1,11.53,New Customers
89316,2709,1,11.53,Lost
99156,814,1,11.53,Lost
40890,61,1,11.53,Average Regulars
67144,926,1,11.5,Lost
39361,293,1,11.5,New Customers
96082,191,1,11.5,New Customers
57009,2663,1,11.49,Lost
46285,2165,1,11.47,At Risk (High Value)
53664,6,1,11.45,Average Regulars
83968,171,1,11.45,Average Regulars
72957,930,1,11.44,Lost
32922,46,1,11.41,New Customers
60797,4,1,11.41,Average Regulars
53510,282,1,11.38,New Customers
807,1639,1,11.38,Lost
81072,766,1,11.38,At Risk (High Value)
62259,290,1,11.38,New Customers
11038,540,1,11.37,Average Regulars
13308,949,1,11.37,Lost
68621,1176,1,11.37,Lost
36893,501,1,11.36,Average Regulars
90092,935,1,11.35,Lost
15805,1330,1,11.34,Lost
76092,445,1,11.34,Average Regulars
87375,2070,1,11.34,Average Regulars
77023,1208,1,11.33,Lost
6318,63,1,11.33,New Customers
7492,36,1,11.32,New Customers
41825,2092,1,11.28,Lost
75478,104,1,11.25,Average Regulars
25651,974,1,11.25,Lost
64726,769,1,11.25,Lost
42035,328,1,11.25,Average Regulars
8726,125,1,11.25,Average Regulars
6743,104,1,11.25,Average Regulars
91560,1958,1,11.25,At Risk (High Value)
56637,2115,1,11.23,Average Regulars
38756,46,1,11.2,New Customers
68813,287,1,11.2,Average Regulars
88145,162,1,11.19,Average Regulars
41384,1592,1,11.18,Lost
10405,491,1,11.18,Average Regulars
35770,570,1,11.17,Average Regulars
57474,277,1,11.16,New Customers
69461,1634,1,11.14,At Risk (High Value)
77255,1289,1,11.14,At Risk (High Value)
11140,698,1,11.14,Lost
9897,172,1,11.13,Average Regulars
21044,126,1,11.13,Average Regulars
74639,426,1,11.13,Average Regulars
51357,66,1,11.13,Average Regulars
67043,9,1,11.12,New Customers
63856,119,1,11.12,New Customers
38910,2134,1,11.1,Average Regulars
24324,104,1,11.09,New Customers
5732,608,1,11.09,Average Regulars
2668,858,1,11.09,At Risk (High Value)
61980,1177,1,11.09,Lost
21428,1903,1,11.08,Lost
18889,385,1,11.08,Average Regulars
36578,851,1,11.05,At Risk (High Value)
94892,921,1,11.01,Average Regulars
63024,1822,1,11.01,Average Regulars
95052,11,1,11.0,New Customers
98564,326,1,11.0,Average Regulars
178,1681,1,11.0,Lost
88425,1001,1,11.0,Lost
67535,1001,1,11.0,Lost
75493,95,1,11.0,Average Regulars
83766,100,1,11.0,Average Regulars
42066,511,1,11.0,Average Regulars
47263,275,1,11.0,Average Regulars
52993,12,1,11.0,Average Regulars
49005,544,1,11.0,Average Regulars
673,268,1,11.0,Average Regulars
14988,829,1,11.0,At Risk (High Value)
52193,49,1,11.0,New Customers
4822,721,1,11.0,At Risk (High Value)
88567,6,1,11.0,Average Regulars
44761,18,1,11.0,Average Regulars
26206,7,1,11.0,Average Regulars
76917,435,1,11.0,Average Regulars
26960,17,1,11.0,Average Regulars
61604,2017,1,10.99,At Risk (High Value)
27942,205,1,10.99,New Customers
34837,314,1,10.99,New Customers
19265,6,1,10.99,Average Regulars
78174,893,1,10.99,Average Regulars
75680,271,1,10.99,Average Regulars
36708,1311,1,10.99,At Risk (High Value)
22222,2065,1,10.99,Average Regulars
44519,510,1,10.99,Average Regulars
78836,1520,1,10.99,Average Regulars
83619,1740,1,10.99,Lost
82501,910,1,10.99,Lost
87357,168,1,10.99,Average Regulars
58391,589,1,10.99,Average Regulars
41924,181,1,10.99,New Customers
821,136,1,10.99,Average Regulars
47626,198,1,10.99,New Customers
59397,491,1,10.99,Average Regulars
61578,716,1,10.99,Lost
26311,2010,1,10.99,At Risk (High Value)
40643,212,1,10.99,New Customers
59464,115,1,10.99,Average Regulars
88846,554,1,10.99,Average Regulars
56697,245,1,10.99,Average Regulars
82129,217,1,10.99,New Customers
86201,87,1,10.99,New Customers
90062,655,1,10.99,At Risk (High Value)
21800,967,1,10.99,Lost
46898,852,1,10.99,Lost
66881,424,1,10.99,Average Regulars
85712,66,1,10.98,New Customers
2133,301,1,10.98,Average Regulars
38320,166,1,10.98,Average Regulars
17096,1696,1,10.98,Lost
35124,503,1,10.98,Average Regulars
49788,349,1,10.98,Average Regulars
54022,1051,1,10.98,At Risk (High Value)
42546,559,1,10.98,Average Regulars
66263,448,1,10.97,Average Regulars
32929,423,1,10.97,Average Regulars
79381,369,1,10.97,Average Regulars
73416,1276,1,10.96,Lost
16493,995,1,10.95,Lost
42607,33,1,10.95,Average Regulars
94092,54,1,10.95,Average Regulars
5365,10,1,10.95,Average Regulars
19667,1855,1,10.94,Lost
38486,200,1,10.92,New Customers
35681,377,1,10.92,Average Regulars
20391,462,1,10.92,Average Regulars
448,72,1,10.91,Average Regulars
52690,936,1,10.91,Average Regulars
58139,147,1,10.9,New Customers
59470,636,1,10.89,Average Regulars
53038,452,1,10.89,Average Regulars
82245,1595,1,10.88,Lost
89143,1095,1,10.88,Average Regulars
55732,372,1,10.88,Average Regulars
9072,1809,1,10.88,Lost
19303,444,1,10.88,Average Regulars
75582,14,1,10.87,Average Regulars
49478,120,1,10.87,New Customers
15742,787,1,10.87,Lost
75869,1292,1,10.82,Lost
769,1304,1,10.82,At Risk (High Value)
12863,152,1,10.81,New Customers
17077,32,1,10.8,New Customers
78334,76,1,10.79,Average Regulars
42126,640,1,10.78,Average Regulars
72553,1945,1,10.78,At Risk (High Value)
50531,1537,1,10.77,Lost
62337,841,1,10.77,Lost
62775,445,1,10.77,Average Regulars
79328,142,1,10.77,Average Regulars
51286,1085,1,10.75,Average Regulars
5241,673,1,10.74,At Risk (High Value)
62679,252,1,10.74,Average Regulars
92119,276,1,10.74,Average Regulars
30465,1157,1,10.73,At Risk (High Value)
3593,407,1,10.72,Average Regulars
67852,1327,1,10.7,At Risk (High Value)
68524,917,1,10.7,Average Regulars
80107,690,1,10.7,At Risk (High Value)
19501,901,1,10.69,Average Regulars
91623,54,1,10.69,Average Regulars
44344,170,1,10.63,Average Regulars
56543,111,1,10.62,New Customers
55741,1798,1,10.59,Average Regulars
5954,45,1,10.58,New Customers
86908,528,1,10.55,Average Regulars
72405,375,1,10.51,Average Regulars
70552,1466,1,10.5,Lost
53877,674,1,10.5,Lost
94981,624,1,10.5,Average Regulars
89941,277,1,10.5,Average Regulars
1119,366,1,10.5,Average Regulars
64972,16,1,10.5,Average Regulars
28103,586,1,10.5,Average Regulars
47249,154,1,10.5,New Customers
9815,478,1,10.5,Average Regulars
80449,1473,1,10.5,At Risk (High Value)
15025,688,1,10.5,At Risk (High Value)
93659,27,1,10.5,Average Regulars
52436,160,1,10.5,Average Regulars
84777,356,1,10.5,Average Regulars
43477,314,1,10.5,Average Regulars
77280,443,1,10.5,Average Regulars
13747,1817,1,10.5,Lost
23730,2098,1,10.5,At Risk (High Value)
34125,226,1,10.5,New Customers
50568,824,1,10.5,At Risk (High Value)
77153,1022,1,10.5,Lost
77718,361,1,10.5,Average Regulars
63714,46,1,10.5,New Customers
15629,181,1,10.5,Average Regulars
75,1162,1,10.49,Lost
39573,477,1,10.49,Average Regulars
22772,26,1,10.49,Average Regulars
98418,325,1,10.49,Average Regulars
29503,571,1,10.49,Average Regulars
53092,4,1,10.48,New Customers
38077,608,1,10.45,Average Regulars
51572,1363,1,10.45,Average Regulars
80931,6,1,10.43,Average Regulars
49307,422,1,10.39,Average Regulars
3805,837,1,10.38,At Risk (High Value)
12266,204,1,10.38,New Customers
37253,835,1,10.36,Lost
97781,153,1,10.36,Average Regulars
49072,842,1,10.34,At Risk (High Value)
26135,530,1,10.27,Average Regulars
77219,820,1,10.22,Lost
60814,1247,1,10.22,At Risk (High Value)
95169,785,1,10.2,At Risk (High Value)
84942,28,1,10.17,New Customers
83589,2350,1,10.17,Lost
4843,957,1,10.17,Lost
60469,869,1,10.17,Lost
20331,1349,1,10.15,Lost
26920,4,1,10.15,New Customers
21383,483,1,10.14,Average Regulars
79048,827,1,10.12,Lost
87570,1131,1,10.11,At Risk (High Value)
26574,1951,1,10.11,At Risk (High Value)
25274,1652,1,10.11,Lost
36992,137,1,10.11,Average Regulars
30685,321,1,10.11,Average Regulars
44208,367,1,10.11,Average Regulars
3058,156,1,10.1,New Customers
86163,385,1,10.1,Average Regulars
23687,428,1,10.1,Average Regulars
93322,944,1,10.07,Average Regulars
61263,307,1,10.07,Average Regulars
67403,342,1,10.07,Average Regulars
40915,1795,1,10.07,Lost
20292,272,1,10.07,Average Regulars
38982,757,1,10.07,At Risk (High Value)
9102,12,1,10.02,New Customers
53446,555,1,10.02,Average Regulars
41140,1718,1,10.0,Lost
77276,244,1,10.0,New Customers
32067,1491,1,10.0,At Risk (High Value)
14013,14,1,10.0,Average Regulars
48740,816,1,10.0,At Risk (High Value)
51491,909,1,10.0,Average Regulars
61408,766,1,10.0,Lost
91339,26,1,10.0,Average Regulars
32801,1994,1,10.0,Lost
43675,303,1,10.0,Average Regulars
15021,294,1,10.0,New Customers
53264,159,1,10.0,New Customers
7877,738,1,10.0,Lost
52208,361,1,10.0,Average Regulars
59895,1139,1,10.0,Lost
87562,26,1,10.0,Average Regulars
16161,1065,1,10.0,At Risk (High Value)
46406,483,1,10.0,Average Regulars
6582,120,1,10.0,Average Regulars
75908,1166,1,10.0,Lost
75736,555,1,10.0,Average Regulars
43655,663,1,10.0,At Risk (High Value)
61585,93,1,10.0,New Customers
27065,64,1,10.0,Average Regulars
19570,4,1,10.0,New Customers
13788,471,1,10.0,Average Regulars
73332,742,1,10.0,At Risk (High Value)
73932,451,1,10.0,Average Regulars
13737,631,1,10.0,Average Regulars
6579,337,1,10.0,Average Regulars
96503,18,1,10.0,Average Regulars
69927,1480,1,10.0,At Risk (High Value)
50722,1838,1,10.0,Lost
42747,1667,1,10.0,Lost
25480,165,1,10.0,New Customers
12067,1497,1,10.0,Average Regulars
53476,301,1,10.0,Average Regulars
91381,1252,1,10.0,Lost
52548,146,1,10.0,New Customers
91944,933,1,10.0,Lost
88525,35,1,10.0,Average Regulars
82845,723,1,10.0,At Risk (High Value)
93408,818,1,10.0,Lost
47159,78,1,10.0,Average Regulars
18702,722,1,10.0,At Risk (High Value)
29641,372,1,10.0,Average Regulars
29647,1704,1,10.0,At Risk (High Value)
54278,190,1,10.0,Average Regulars
4464,4,1,10.0,New Customers
87410,765,1,10.0,Lost
80263,425,1,10.0,Average Regulars
93244,1336,1,10.0,Lost
89096,2078,1,10.0,Average Regulars
69960,69,1,10.0,Average Regulars
70885,1421,1,10.0,Average Regulars
77558,793,1,10.0,At Risk (High Value)
49204,1034,1,10.0,Average Regulars
83555,812,1,10.0,Lost
92419,1601,1,10.0,Lost
27282,78,1,10.0,Average Regulars
52473,10,1,10.0,Average Regulars
30725,457,1,10.0,Average Regulars
29174,832,1,10.0,At Risk (High Value)
67077,441,1,10.0,Average Regulars
76364,522,1,10.0,Average Regulars
10340,1301,1,10.0,Lost
3104,1126,1,10.0,At Risk (High Value)
1702,13,1,10.0,Average Regulars
43806,191,1,10.0,New Customers
23124,65,1,10.0,New Customers
89964,36,1,10.0,Average Regulars
38640,1562,1,10.0,Lost
26347,1603,1,10.0,Lost
92195,178,1,10.0,Average Regulars
4699,374,1,10.0,Average Regulars
25687,465,1,10.0,Average Regulars
93606,96,1,10.0,Average Regulars
71021,4,1,10.0,Average Regulars
46877,228,1,10.0,Average Regulars
80617,109,1,10.0,New Customers
55204,1630,1,10.0,Lost
49097,727,1,10.0,At Risk (High Value)
70363,198,1,10.0,Average Regulars
79966,122,1,9.99,Average Regulars
74638,902,1,9.99,Average Regulars
26616,91,1,9.99,Average Regulars
44097,704,1,9.99,Lost
6871,32,1,9.99,New Customers
91470,66,1,9.99,Average Regulars
36492,529,1,9.99,Average Regulars
53079,1061,1,9.99,At Risk (High Value)
78717,1452,1,9.99,Lost
35457,562,1,9.99,Average Regulars
59443,246,1,9.99,New Customers
71743,225,1,9.99,New Customers
56930,252,1,9.99,New Customers
36110,432,1,9.99,Average Regulars
65575,217,1,9.99,New Customers
47065,1811,1,9.99,Lost
55296,344,1,9.99,Average Regulars
82044,520,1,9.99,Average Regulars
27826,461,1,9.99,Average Regulars
966,761,1,9.99,Lost
10600,134,1,9.99,Average Regulars
70957,322,1,9.99,New Customers
72560,26,1,9.99,Average Regulars
25851,148,1,9.99,New Customers
1577,331,1,9.99,Average Regulars
71285,226,1,9.99,Average Regulars
30667,9,1,9.99,Average Regulars
81597,186,1,9.99,Average Regulars
25197,564,1,9.99,Average Regulars
46167,30,1,9.99,Average Regulars
13974,1048,1,9.99,Lost
20405,1111,1,9.99,Average Regulars
94588,213,1,9.99,Average Regulars
70904,86,1,9.99,Average Regulars
85901,707,1,9.99,At Risk (High Value)
89158,1827,1,9.99,Lost
11504,1384,1,9.99,Lost
16208,1699,1,9.99,Lost
58155,1042,1,9.99,Average Regulars
75208,181,1,9.99,New Customers
74083,1138,1,9.99,At Risk (High Value)
21427,68,1,9.99,Average Regulars
53770,664,1,9.99,Lost
9998,371,1,9.99,Average Regulars
7005,1471,1,9.99,Average Regulars
67041,797,1,9.99,At Risk (High Value)
11938,959,1,9.99,Lost
57050,200,1,9.99,New Customers
97676,675,1,9.99,At Risk (High Value)
80581,4,1,9.99,Average Regulars
70051,1418,1,9.99,Average Regulars
16813,392,1,9.99,Average Regulars
81272,1084,1,9.99,Average Regulars
37331,221,1,9.99,Average Regulars
82776,1130,1,9.99,At Risk (High Value)
55866,5,1,9.99,Average Regulars
59756,2266,1,9.99,Average Regulars
8141,195,1,9.99,New Customers
10958,1344,1,9.99,Lost
40770,483,1,9.99,Average Regulars
65571,100,1,9.99,Average Regulars
89448,520,1,9.99,Average Regulars
81523,29,1,9.99,New Customers
8048,426,1,9.99,Average Regulars
65194,1771,1,9.99,Lost
83501,185,1,9.99,New Customers
43371,366,1,9.99,Average Regulars
23602,896,1,9.99,Average Regulars
76930,1174,1,9.99,Average Regulars
68187,889,1,9.99,Average Regulars
81687,461,1,9.99,Average Regulars
35366,726,1,9.99,Lost
34116,347,1,9.99,Average Regulars
21938,943,1,9.99,Average Regulars
72807,285,1,9.99,Average Regulars
39627,377,1,9.99,Average Regulars
1951,113,1,9.99,Average Regulars
18543,276,1,9.99,New Customers
75202,1649,1,9.99,Lost
656,1124,1,9.99,At Risk (High Value)
75514,924,1,9.99,Lost
12592,2122,1,9.99,Average Regulars
12321,1665,1,9.99,Lost
8402,2267,1,9.99,Average Regulars
13688,450,1,9.98,Average Regulars
63424,743,1,9.98,Lost
29221,2246,1,9.98,At Risk (High Value)
39374,78,1,9.98,New Customers
41961,760,1,9.98,At Risk (High Value)
82952,424,1,9.97,Average Regulars
70295,12,1,9.97,New Customers
32501,383,1,9.97,Average Regulars
17169,292,1,9.97,Average Regulars
12182,2071,1,9.97,Lost
95082,109,1,9.96,Average Regulars
98486,765,1,9.96,Lost
28153,1961,1,9.95,Lost
34568,852,1,9.95,Lost
4565,443,1,9.95,Average Regulars
47110,1751,1,9.95,Lost
2391,557,1,9.95,Average Regulars
41779,1314,1,9.95,Lost
27175,6,1,9.95,Average Regulars
52813,210,1,9.95,New Customers
62846,4,1,9.95,Average Regulars
55171,1588,1,9.95,Lost
91421,1310,1,9.95,At Risk (High Value)
85913,60,1,9.95,New Customers
40348,560,1,9.95,Average Regulars
68789,21,1,9.95,New Customers
15047,280,1,9.95,Average Regulars
57877,1388,1,9.95,Average Regulars
39320,1162,1,9.95,Lost
8400,765,1,9.95,At Risk (High Value)
47654,83,1,9.95,Average Regulars
6760,1000,1,9.95,Lost
58783,367,1,9.95,Average Regulars
21199,98,1,9.95,Average Regulars
58496,15,1,9.95,New Customers
79696,88,1,9.95,Average Regulars
88623,818,1,9.95,Lost
41966,1158,1,9.95,At Risk (High Value)
23874,886,1,9.95,Lost
51628,1705,1,9.95,Lost
67684,303,1,9.95,Average Regulars
21223,664,1,9.95,Lost
86492,481,1,9.94,Average Regulars
53,816,1,9.91,Lost
39234,1054,1,9.9,At Risk (High Value)
41514,92,1,9.9,Average Regulars
8896,1231,1,9.9,Lost
35779,1415,1,9.9,Average Regulars
36193,864,1,9.9,Lost
44199,1022,1,9.9,Average Regulars
34703,39,1,9.86,New Customers
59693,190,1,9.82,Average Regulars
43886,1035,1,9.81,Lost
88207,602,1,9.81,Average Regulars
67223,1090,1,9.79,Average Regulars
94470,52,1,9.77,Average Regulars
73814,11,1,9.77,New Customers
86549,668,1,9.76,At Risk (High Value)
1151,359,1,9.75,Average Regulars
60866,1760,1,9.75,Average Regulars
90454,162,1,9.75,New Customers
31903,1646,1,9.73,Lost
83311,1385,1,9.72,Average Regulars
26699,110,1,9.72,Average Regulars
20856,813,1,9.72,At Risk (High Value)
19542,546,1,9.72,Average Regulars
98930,1352,1,9.72,Lost
57170,16,1,9.69,New Customers
40762,337,1,9.67,Average Regulars
78023,544,1,9.66,Average Regulars
23819,59,1,9.66,Average Regulars
72375,483,1,9.65,Average Regulars
11424,307,1,9.61,Average Regulars
71630,677,1,9.59,Lost
71601,1010,1,9.59,Average Regulars
65249,1031,1,9.59,Average Regulars
11829,81,1,9.59,Average Regulars
65396,17,1,9.58,Average Regulars
62667,2153,1,9.58,At Risk (High Value)
44309,354,1,9.58,Average Regulars
47529,1702,1,9.56,Lost
11402,920,1,9.55,Lost
61092,78,1,9.54,Average Regulars
10125,2304,1,9.5,Lost
72486,686,1,9.5,At Risk (High Value)
75622,1959,1,9.5,At Risk (High Value)
61270,208,1,9.5,Average Regulars
4889,170,1,9.5,Average Regulars
44660,7,1,9.5,New Customers
28704,1225,1,9.5,Lost
69193,5,1,9.5,New Customers
63658,893,1,9.5,Average Regulars
61678,64,1,9.5,Average Regulars
29430,107,1,9.5,Average Regulars
40612,108,1,9.5,New Customers
7076,270,1,9.5,New Customers
45061,2036,1,9.5,Average Regulars
24272,465,1,9.49,Average Regulars
84971,1174,1,9.49,At Risk (High Value)
24225,1025,1,9.47,Average Regulars
49403,6,1,9.45,Average Regulars
28358,290,1,9.45,Average Regulars
80432,226,1,9.44,New Customers
24797,192,1,9.43,New Customers
90411,2183,1,9.39,At Risk (High Value)
65505,57,1,9.38,Average Regulars
71379,1532,1,9.35,Average Regulars
97574,63,1,9.33,Average Regulars
13847,482,1,9.33,Average Regulars
63023,1175,1,9.32,At Risk (High Value)
24416,1758,1,9.32,Lost
75892,64,1,9.3,Average Regulars
60012,63,1,9.29,Average Regulars
32503,742,1,9.27,Lost
50367,1251,1,9.27,At Risk (High Value)
84547,16,1,9.27,New Customers
47823,138,1,9.25,Average Regulars
22498,31,1,9.24,Average Regulars
42332,1279,1,9.24,At Risk (High Value)
34940,1124,1,9.2,At Risk (High Value)
76752,4,1,9.2,New Customers
45107,1920,1,9.2,Lost
51250,455,1,9.19,Average Regulars
5833,117,1,9.17,Average Regulars
9120,1521,1,9.16,Lost
15383,5,1,9.15,New Customers
29540,181,1,9.12,Average Regulars
68309,645,1,9.12,Average Regulars
30225,1895,1,9.11,Average Regulars
99576,1291,1,9.05,At Risk (High Value)
51990,760,1,9.04,At Risk (High Value)
42670,147,1,9.04,New Customers
96070,494,1,9.01,Average Regulars
24825,120,1,9.01,Average Regulars
60460,280,1,9.0,New Customers
51075,152,1,9.0,Average Regulars
90832,123,1,9.0,Average Regulars
38789,536,1,9.0,Average Regulars
17363,1921,1,9.0,Lost
62591,40,1,9.0,New Customers
29355,263,1,9.0,Average Regulars
96952,4,1,9.0,Average Regulars
63356,570,1,9.0,Average Regulars
31669,135,1,9.0,Average Regulars
63027,442,1,9.0,Average Regulars
64277,825,1,9.0,Lost
94067,276,1,9.0,New Customers
70585,108,1,9.0,Average Regulars
32073,218,1,9.0,Average Regulars
13670,171,1,9.0,Average Regulars
68495,210,1,9.0,Average Regulars
29622,11,1,9.0,New Customers
54172,218,1,9.0,New Customers
96148,434,1,9.0,Average Regulars
58103,2199,1,9.0,At Risk (High Value)
25427,228,1,8.99,Average Regulars
49952,152,1,8.99,New Customers
8321,759,1,8.99,Lost
41991,23,1,8.99,New Customers
86368,1094,1,8.99,Lost
5259,2294,1,8.99,Average Regulars
35996,398,1,8.99,Average Regulars
1872,226,1,8.99,New Customers
49033,1238,1,8.99,At Risk (High Value)
45229,583,1,8.99,Average Regulars
13382,510,1,8.99,Average Regulars
74555,34,1,8.99,New Customers
41942,410,1,8.99,Average Regulars
96728,103,1,8.99,Average Regulars
80916,5,1,8.99,Average Regulars
6224,744,1,8.99,Lost
30446,73,1,8.99,Average Regulars
6111,1404,1,8.99,Lost
37402,91,1,8.99,Average Regulars
39960,272,1,8.99,New Customers
8216,352,1,8.99,Average Regulars
45907,6,1,8.99,New Customers
82471,702,1,8.99,At Risk (High Value)
43232,195,1,8.99,Average Regulars
84186,70,1,8.99,New Customers
32939,111,1,8.99,Average Regulars
66227,842,1,8.99,At Risk (High Value)
75383,1132,1,8.99,At Risk (High Value)
40488,89,1,8.99,Average Regulars
31779,1247,1,8.99,At Risk (High Value)
83670,464,1,8.99,Average Regulars
26494,1682,1,8.99,Lost
17495,493,1,8.99,Average Regulars
37606,704,1,8.99,At Risk (High Value)
44224,644,1,8.99,Average Regulars
35824,1222,1,8.99,Lost
71913,1715,1,8.99,At Risk (High Value)
22042,233,1,8.99,New Customers
46324,834,1,8.99,Lost
17215,623,1,8.99,Average Regulars
98200,295,1,8.99,Average Regulars
37603,65,1,8.99,Average Regulars
97592,15,1,8.99,New Customers
71794,429,1,8.99,Average Regulars
47736,10,1,8.98,Average Regulars
47885,358,1,8.98,Average Regulars
75096,157,1,8.98,Average Regulars
18877,153,1,8.98,Average Regulars
98007,1045,1,8.98,Lost
87872,4,1,8.98,New Customers
54179,11,1,8.98,Average Regulars
8574,949,1,8.98,Average Regulars
80305,1164,1,8.98,Average Regulars
6855,690,1,8.98,Lost
31168,372,1,8.97,Average Regulars
39891,1896,1,8.97,Lost
50237,1740,1,8.97,Lost
64870,21,1,8.97,New Customers
96050,340,1,8.96,Average Regulars
8790,753,1,8.96,At Risk (High Value)
46853,356,1,8.95,Average Regulars
71025,997,1,8.95,Average Regulars
16080,1485,1,8.95,Lost
75990,4,1,8.95,Average Regulars
87828,103,1,8.95,Average Regulars
28304,298,1,8.95,New Customers
93283,280,1,8.95,Average Regulars
75351,860,1,8.95,Lost
92677,268,1,8.95,Average Regulars
76602,580,1,8.95,Average Regulars
40893,1710,1,8.91,Lost
84056,218,1,8.9,New Customers
90519,463,1,8.9,Average Regulars
30322,623,1,8.9,Average Regulars
95153,220,1,8.89,New Customers
55336,504,1,8.89,Average Regulars
25012,196,1,8.88,Average Regulars
95707,157,1,8.87,Average Regulars
79018,1259,1,8.84,Lost
81866,216,1,8.84,New Customers
51634,93,1,8.84,Average Regulars
7400,2139,1,8.84,At Risk (High Value)
44027,148,1,8.83,New Customers
28664,288,1,8.82,Average Regulars
54396,80,1,8.82,Average Regulars
80689,8,1,8.8,Average Regulars
92803,4,1,8.79,Average Regulars
434,618,1,8.79,Average Regulars
43531,1429,1,8.78,Lost
11200,23,1,8.77,Average Regulars
73818,41,1,8.77,Average Regulars
11359,326,1,8.76,Average Regulars
20867,124,1,8.76,New Customers
42058,303,1,8.75,New Customers
13369,549,1,8.75,Average Regulars
36446,2090,1,8.73,At Risk (High Value)
32170,57,1,8.73,Average Regulars
91808,243,1,8.72,Average Regulars
58632,1409,1,8.72,Average Regulars
45067,75,1,8.72,Average Regulars
68544,521,1,8.72,Average Regulars
40245,1264,1,8.71,At Risk (High Value)
66428,644,1,8.7,Average Regulars
61231,2114,1,8.67,Average Regulars
28911,1433,1,8.66,Lost
73549,47,1,8.65,New Customers
52249,82,1,8.65,Average Regulars
66744,1708,1,8.63,Lost
58745,120,1,8.61,Average Regulars
76767,889,1,8.6,Lost
38613,2248,1,8.6,Average Regulars
22451,590,1,8.57,Average Regulars
83690,136,1,8.57,New Customers
98080,121,1,8.57,New Customers
71030,285,1,8.55,New Customers
9111,265,1,8.55,New Customers
83426,141,1,8.5,New Customers
48773,1957,1,8.5,Lost
30289,558,1,8.5,Average Regulars
81819,1197,1,8.5,At Risk (High Value)
99613,162,1,8.5,Average Regulars
82261,80,1,8.5,Average Regulars
21320,37,1,8.49,Average Regulars
52282,193,1,8.49,New Customers
90205,2660,1,8.47,At Risk (High Value)
37012,37,1,8.47,New Customers
98835,930,1,8.47,Average Regulars
76947,67,1,8.45,New Customers
72520,545,1,8.4,Average Regulars
79591,11,1,8.37,Average Regulars
49569,717,1,8.35,Lost
8631,883,1,8.35,Average Regulars
45426,387,1,8.3,Average Regulars
68717,2216,1,8.28,At Risk (High Value)
33978,1990,1,8.27,Lost
21891,406,1,8.27,Average Regulars
458,478,1,8.18,Average Regulars
46520,4,1,8.1,Average Regulars
37429,1899,1,8.04,Average Regulars
18678,728,1,8.0,Lost
97181,502,1,8.0,Average Regulars
53712,1598,1,8.0,Lost
21670,1296,1,8.0,Lost
42299,806,1,8.0,At Risk (High Value)
1216,228,1,8.0,Average Regulars
47685,176,1,8.0,Average Regulars
40193,43,1,8.0,Average Regulars
6591,98,1,8.0,New Customers
229,172,1,8.0,New Customers
15152,368,1,8.0,Average Regulars
33897,516,1,8.0,Average Regulars
40237,345,1,8.0,Average Regulars
73458,62,1,8.0,Average Regulars
59469,118,1,8.0,New Customers
92615,560,1,8.0,Average Regulars
90311,56,1,8.0,Average Regulars
13384,40,1,8.0,Average Regulars
88079,945,1,8.0,Average Regulars
14903,2425,1,8.0,Average Regulars
98069,491,1,8.0,Average Regulars
41418,1620,1,8.0,Lost
59796,880,1,8.0,Lost
99088,83,1,8.0,Average Regulars
91332,159,1,8.0,Average Regulars
97950,198,1,8.0,New Customers
4857,917,1,8.0,Average Regulars
30204,848,1,8.0,Lost
33635,394,1,8.0,Average Regulars
42536,568,1,7.99,Average Regulars
96150,11,1,7.99,Average Regulars
92951,610,1,7.99,Average Regulars
24693,266,1,7.99,Average Regulars
34182,43,1,7.99,New Customers
31192,255,1,7.99,Average Regulars
32906,857,1,7.99,At Risk (High Value)
5860,483,1,7.99,Average Regulars
53837,54,1,7.99,New Customers
5277,733,1,7.99,At Risk (High Value)
77251,436,1,7.99,Average Regulars
34037,38,1,7.99,New Customers
3630,394,1,7.99,Average Regulars
19383,1359,1,7.99,At Risk (High Value)
99803,274,1,7.99,New Customers
91939,1736,1,7.99,Average Regulars
12448,455,1,7.99,Average Regulars
56058,1771,1,7.99,Average Regulars
61094,567,1,7.99,Average Regulars
42722,1611,1,7.99,Lost
86479,1878,1,7.99,Lost
87830,578,1,7.99,Average Regulars
77607,1066,1,7.99,Lost
31569,6,1,7.99,New Customers
38400,349,1,7.99,Average Regulars
53432,1078,1,7.99,Lost
17110,28,1,7.99,New Customers
27455,174,1,7.99,Average Regulars
54017,1913,1,7.98,At Risk (High Value)
83762,2512,1,7.98,Lost
76503,77,1,7.98,Average Regulars
70360,335,1,7.97,Average Regulars
12837,1288,1,7.97,Lost
96805,350,1,7.96,Average Regulars
12997,318,1,7.95,New Customers
80570,1212,1,7.95,Lost
68236,83,1,7.95,New Customers
3161,576,1,7.95,Average Regulars
53103,262,1,7.95,New Customers
36444,123,1,7.95,New Customers
73724,262,1,7.95,Average Regulars
62302,603,1,7.95,Average Regulars
66668,1803,1,7.95,Lost
16315,46,1,7.95,Average Regulars
41437,2034,1,7.95,Average Regulars
92446,282,1,7.95,Average Regulars
61903,759,1,7.95,At Risk (High Value)
88714,1308,1,7.95,At Risk (High Value)
5148,258,1,7.95,Average Regulars
58985,558,1,7.95,Average Regulars
76704,170,1,7.95,Average Regulars
62967,1053,1,7.9,Lost
72542,9,1,7.9,New Customers
5643,1273,1,7.9,At Risk (High Value)
1580,915,1,7.9,Average Regulars
39111,788,1,7.85,Lost
62494,1069,1,7.85,At Risk (High Value)
893,13,1,7.85,Average Regulars
61810,1392,1,7.74,Lost
38059,482,1,7.61,Average Regulars
10319,977,1,7.61,Lost
91732,29,1,7.56,Average Regulars
99670,1277,1,7.52,Lost
69057,517,1,7.5,Average Regulars
68519,281,1,7.5,Average Regulars
22271,217,1,7.5,New Customers
95541,810,1,7.46,Lost
2134,1250,1,7.46,At Risk (High Value)
88231,240,1,7.35,Average Regulars
88209,268,1,7.35,New Customers
15720,373,1,7.25,Average Regulars
74608,822,1,7.2,Lost
83854,2376,1,7.2,Lost
58397,278,1,7.2,Average Regulars
50094,1900,1,7.2,Lost
92251,1432,1,7.16,Lost
94111,257,1,7.16,Average Regulars
45304,237,1,7.13,New Customers
28315,19,1,7.11,New Customers
93555,70,1,7.11,New Customers
61901,2207,1,7.09,At Risk (High Value)
65312,599,1,7.09,Average Regulars
20901,549,1,7.04,Average Regulars
1816,831,1,7.02,Lost
82436,374,1,7.02,Average Regulars
10554,197,1,7.02,New Customers
39117,618,1,7.01,Average Regulars
40188,116,1,7.0,Average Regulars
36962,89,1,7.0,Average Regulars
58080,234,1,7.0,New Customers
30635,234,1,7.0,Average Regulars
99430,1105,1,7.0,Average Regulars
28932,260,1,7.0,New Customers
49404,2354,1,7.0,At Risk (High Value)
73580,1051,1,7.0,Average Regulars
25032,319,1,7.0,Average Regulars
66529,84,1,7.0,Average Regulars
1409,84,1,7.0,New Customers
67715,243,1,7.0,New Customers
26612,503,1,7.0,Average Regulars
76838,60,1,6.99,Average Regulars
73707,1092,1,6.99,Average Regulars
58907,483,1,6.99,Average Regulars
33788,1196,1,6.99,Lost
64239,315,1,6.99,New Customers
23658,169,1,6.99,New Customers
4619,8,1,6.99,New Customers
36562,1118,1,6.99,Average Regulars
54021,294,1,6.99,New Customers
24737,392,1,6.99,Average Regulars
4153,1039,1,6.99,Lost
60544,2175,1,6.99,At Risk (High Value)
14332,6,1,6.99,New Customers
90393,56,1,6.99,Average Regulars
61110,2320,1,6.99,Average Regulars
58195,1436,1,6.99,Average Regulars
10493,240,1,6.99,Average Regulars
89808,1225,1,6.99,At Risk (High Value)
62134,625,1,6.99,Average Regulars
80654,1113,1,6.99,Average Regulars
67481,1267,1,6.99,Lost
56722,132,1,6.99,Average Regulars
85860,31,1,6.99,New Customers
83803,525,1,6.99,Average Regulars
86795,628,1,6.99,Average Regulars
71690,1171,1,6.99,Lost
21854,475,1,6.99,Average Regulars
23625,2425,1,6.99,Lost
6872,614,1,6.99,Average Regulars
20427,13,1,6.99,New Customers
52603,1440,1,6.99,Lost
29325,286,1,6.99,Average Regulars
43334,166,1,6.99,Average Regulars
90041,161,1,6.99,New Customers
25338,188,1,6.98,Average Regulars
68434,1090,1,6.98,Average Regulars
96211,1925,1,6.97,Lost
12422,27,1,6.97,New Customers
91096,1692,1,6.97,At Risk (High Value)
69443,1093,1,6.97,Lost
79320,250,1,6.95,Average Regulars
37809,200,1,6.95,Average Regulars
84731,647,1,6.95,Average Regulars
82359,365,1,6.94,Average Regulars
95351,421,1,6.93,Average Regulars
17806,1356,1,6.93,At Risk (High Value)
92519,577,1,6.93,Average Regulars
60110,40,1,6.92,Average Regulars
66187,1372,1,6.92,Average Regulars
75344,2158,1,6.91,Average Regulars
40759,1304,1,6.87,At Risk (High Value)
1386,4,1,6.87,Average Regulars
66297,397,1,6.85,Average Regulars
20809,177,1,6.83,Average Regulars
63256,228,1,6.79,New Customers
95017,62,1,6.75,New Customers
25447,694,1,6.68,At Risk (High Value)
58232,105,1,6.68,Average Regulars
17416,5,1,6.61,Average Regulars
63962,100,1,6.5,New Customers
94540,1477,1,6.5,Lost
63088,1023,1,6.5,Average Regulars
6767,808,1,6.5,At Risk (High Value)
73130,739,1,6.5,Lost
90223,303,1,6.5,Average Regulars
96132,513,1,6.5,Average Regulars
3920,1502,1,6.5,Lost
57987,5,1,6.5,Average Regulars
23519,639,1,6.5,Average Regulars
4209,942,1,6.5,Average Regulars
35319,62,1,6.5,Average Regulars
97877,40,1,6.49,New Customers
63567,923,1,6.49,Lost
11160,240,1,6.45,New Customers
98102,33,1,6.41,New Customers
71026,30,1,6.41,New Customers
91488,40,1,6.39,New Customers
34974,986,1,6.39,Lost
98890,1328,1,6.39,Lost
54700,2542,1,6.37,Lost
64715,1996,1,6.25,At Risk (High Value)
41826,7,1,6.18,New Customers
97767,429,1,6.07,Average Regulars
39485,1931,1,6.0,At Risk (High Value)
26956,1424,1,6.0,Average Regulars
45150,332,1,6.0,Average Regulars
76848,606,1,6.0,Average Regulars
27540,150,1,6.0,Average Regulars
60905,865,1,6.0,At Risk (High Value)
248,21,1,6.0,Average Regulars
97063,2359,1,6.0,Lost
21094,92,1,5.99,New Customers
81497,160,1,5.99,New Customers
25059,576,1,5.99,Average Regulars
30510,521,1,5.99,Average Regulars
55556,506,1,5.99,Average Regulars
37469,1826,1,5.99,Lost
17458,2117,1,5.99,Average Regulars
46980,249,1,5.99,Average Regulars
57189,687,1,5.99,Lost
37703,189,1,5.99,Average Regulars
12375,829,1,5.99,Lost
35001,910,1,5.99,Average Regulars
71676,135,1,5.99,New Customers
45988,45,1,5.99,New Customers
16313,146,1,5.99,New Customers
1295,598,1,5.99,Average Regulars
4621,1469,1,5.99,Average Regulars
29870,717,1,5.98,Lost
36840,1220,1,5.98,At Risk (High Value)
49574,162,1,5.98,Average Regulars
21832,834,1,5.98,Lost
18192,24,1,5.95,Average Regulars
29765,765,1,5.95,Lost
59644,1250,1,5.95,At Risk (High Value)
73334,66,1,5.95,Average Regulars
20824,7,1,5.95,New Customers
92607,761,1,5.95,Lost
70073,7,1,5.95,Average Regulars
58085,432,1,5.93,Average Regulars
92736,1463,1,5.9,Lost
76646,4,1,5.9,New Customers
53383,922,1,5.9,Lost
15074,874,1,5.9,At Risk (High Value)
30998,831,1,5.9,At Risk (High Value)
4165,724,1,5.9,At Risk (High Value)
85842,905,1,5.87,Average Regulars
33225,1366,1,5.83,Lost
62087,211,1,5.78,Average Regulars
11092,2432,1,5.76,Average Regulars
64152,583,1,5.69,Average Regulars
13949,1564,1,5.63,Lost
258,466,1,5.59,Average Regulars
83612,417,1,5.59,Average Regulars
33808,98,1,5.59,Average Regulars
94343,338,1,5.5,Average Regulars
50817,2068,1,5.49,Lost
17581,57,1,5.37,Average Regulars
57232,1929,1,5.33,At Risk (High Value)
57750,261,1,5.29,New Customers
78426,1617,1,5.2,Lost
7002,8,1,5.16,Average Regulars
1637,225,1,5.0,Average Regulars
83468,1665,1,5.0,At Risk (High Value)
68295,287,1,4.99,New Customers
69876,1253,1,4.99,At Risk (High Value)
24899,166,1,4.99,New Customers
57842,1803,1,4.99,Lost
56450,30,1,4.99,Average Regulars
50401,229,1,4.99,Average Regulars
28811,1203,1,4.99,At Risk (High Value)
14279,616,1,4.99,Average Regulars
92444,95,1,4.99,Average Regulars
84711,92,1,4.99,Average Regulars
9754,1641,1,4.99,Lost
30035,73,1,4.95,New Customers
24125,11,1,4.89,Average Regulars
18179,398,1,4.89,Average Regulars
88422,45,1,4.88,Average Regulars
46815,312,1,4.84,New Customers
75611,511,1,4.63,Average Regulars
22544,733,1,4.63,Lost
45285,1832,1,4.58,At Risk (High Value)
63396,25,1,4.5,Average Regulars
80286,1347,1,4.5,Lost
15756,147,1,4.5,Average Regulars
10420,1447,1,4.5,Lost
1230,203,1,4.38,New Customers
14372,608,1,4.38,Average Regulars
19065,1561,1,4.38,At Risk (High Value)
89749,1261,1,4.27,Lost
8910,1655,1,4.27,Lost
81449,212,1,4.27,New Customers
12653,144,1,4.13,Average Regulars
45851,23,1,4.1,Average Regulars
26674,859,1,4.1,At Risk (High Value)
35040,434,1,4.04,Average Regulars
24054,215,1,4.01,Average Regulars
31572,44,1,3.99,Average Regulars
29329,250,1,3.99,New Customers
87595,64,1,3.99,Average Regulars
65367,858,1,3.99,At Risk (High Value)
65981,1091,1,3.99,Average Regulars
62774,476,1,3.99,Average Regulars
71451,25,1,3.99,Average Regulars
59733,199,1,3.98,Average Regulars
59316,719,1,3.95,At Risk (High Value)
41278,1131,1,3.95,Average Regulars
6912,4,1,3.8,New Customers
10194,409,1,3.6,Average Regulars
40344,143,1,3.6,Average Regulars
70630,328,1,3.5,Average Regulars
41158,1279,1,3.5,Lost
36477,79,1,3.5,Average Regulars
13443,252,1,3.5,New Customers
96372,319,1,3.5,New Customers
9062,167,1,3.5,New Customers
95461,186,1,3.5,New Customers
28993,1233,1,3.46,Lost
51629,7,1,3.39,Average Regulars
64468,973,1,3.37,Lost
58995,401,1,3.29,Average Regulars
80675,134,1,3.29,New Customers
45997,124,1,3.2,New Customers
32201,538,1,3.17,Average Regulars
35670,31,1,2.99,New Customers
72059,105,1,2.99,Average Regulars
95340,1484,1,2.99,At Risk (High Value)
18018,977,1,2.95,Lost
78118,903,1,2.95,Lost
71859,612,1,2.95,Average Regulars
98637,42,1,2.95,Average Regulars
17366,550,1,2.95,Average Regulars
60918,914,1,2.95,Lost
7528,126,1,2.95,New Customers
66833,121,1,2.95,Average Regulars
83535,9,1,2.95,New Customers
15465,40,1,2.95,Average Regulars
18248,179,1,2.95,Average Regulars
57386,1086,1,2.95,Lost
71884,367,1,2.78,Average Regulars
85263,89,1,2.67,Average Regulars
60634,98,1,2.67,Average Regulars
18847,1286,1,2.59,Lost
18377,1156,1,2.5,At Risk (High Value)
81827,927,1,1.98,Lost
93310,1926,1,1.95,At Risk (High Value)
16818,17,1,1.95,New Customers
61680,4,1,1.82,New Customers
58782,41,1,1.75,New Customers